customer_id,age,monthly_txn_count,monthly_txn_volume,unusual_txn_flag,product_risk_score,pep_flag,adverse_media_flag,high_risk_jurisdiction,risk_score,risk_class,country_risk_Low,country_risk_Medium,txn_intensity,high_volume_flag,pep_high_risk_interaction,media_pep_combo,behavioural_risk_score
1,0.9314670121629842,0.6448723430117265,1.792729196091269,0,1,0,0,0,0.0,Low,1.0,0.0,1.1696276894228823,0,0,0,0.0
2,-0.984769460199622,1.0912434532849506,0.8000862693630266,0,1,0,0,0,0.0,Low,1.0,0.0,0.2719931959873967,0,0,0,0.0
3,1.3975785865214558,-1.1406120980811698,-0.6571553544596782,0,1,0,0,0,0.0,Low,1.0,0.0,-0.4270143477075503,0,0,0,0.0
4,-0.6740284106273075,-1.3637976532177818,1.3749095737452979,0,1,0,0,0,0.0,Low,1.0,0.0,2.140518922584138,0,0,0,0.0
5,-0.5186578858411502,-0.024684322398109648,0.03097161466667327,0,2,0,0,0,0.0,Low,0.0,1.0,-0.030005125675838372,0,0,0,0.0
6,-1.606251559344251,0.6448723430117265,1.0917351565857285,0,1,0,0,0,0.0,Low,0.0,1.0,0.6287239348763568,0,0,0,0.0
7,-0.6222382356985884,0.6448723430117265,0.2240059185880577,0,3,0,0,0,0.0,Low,1.0,0.0,-0.04083668377570152,0,0,0,0.0
8,0.9832571870917033,-0.6942409878079457,2.3243891996186528,0,1,0,0,0,0.0,Low,1.0,0.0,2.542577889554918,0,0,0,0.0
9,-1.65804173427297,1.0912434532849506,-0.9510499762491099,0,1,0,0,0,0.0,Low,1.0,0.0,-0.9752854923544854,0,0,0,0.0
10,-0.20791683626883573,-0.6942409878079457,-0.397893066994914,0,3,0,1,0,0.2,Low,1.0,0.0,-0.25819285591457425,0,0,1,0.0
11,0.20640456316091696,0.8680578981483386,0.44040151165014374,0,1,0,0,0,0.0,Low,1.0,0.0,0.0687634885635996,0,0,0,0.0
12,-1.65804173427297,-0.4710554326713337,-0.08008631551067691,0,2,0,0,0,0.0,Low,0.0,1.0,-0.0036985903428888114,0,0,0,0.0
13,1.5529491113076133,-0.024684322398109648,-0.8635934451975835,0,1,0,0,0,0.0,Low,1.0,0.0,-0.8188825887351296,0,0,0,0.0
14,1.3457884115927368,-0.9174265429445578,2.0797736212463356,0,1,0,0,0,0.0,Low,1.0,0.0,2.5026252484952627,0,0,0,0.0
15,-0.6740284106273075,-1.1406120980811698,-0.2822306747499286,0,1,0,0,0,0.0,Low,1.0,0.0,0.0069369175632738355,0,0,0,0.0
16,-0.052546311482678465,1.7608001186947866,0.9295761719276899,0,2,0,0,0,0.0,Low,1.0,0.0,0.19120942183788162,0,0,0,0.0
17,1.2422080617352986,1.3144290084215626,0.3395694420156399,0,1,0,0,0,0.0,Low,1.0,0.0,-0.10239750076034089,0,0,0,0.0
18,-0.6222382356985884,0.42168678787511443,0.6609213468096207,0,1,0,0,0,0.0,Low,1.0,0.0,0.3660609355793928,0,0,0,0.0
19,0.7760964873768269,0.8680578981483386,-0.9792275892090253,0,3,0,0,0,0.0,Low,1.0,0.0,-0.9828394648787404,0,0,0,0.0
20,1.2939982366640177,-1.1406120980811698,-0.24636954226610663,0,1,0,0,0,0.0,Low,1.0,0.0,0.0484438779144745,0,0,0,0.0
21,0.4135652628757933,0.8680578981483386,0.6969802169282491,0,1,0,0,0,0.0,Low,1.0,0.0,0.2588264593054441,0,0,0,0.0
22,1.3457884115927368,-0.2478698775347217,0.9186723537797928,0,3,0,1,1,0.6000000000000001,High,0.0,0.0,0.8558727779987924,0,0,1,0.0
23,-0.984769460199622,-0.4710554326713337,0.7799029064959997,0,1,0,0,0,0.0,Low,1.0,0.0,0.8345181304925523,0,0,0,0.0
24,1.4493687614501751,-0.024684322398109648,-0.7523942738525145,0,1,0,1,0,0.2,Low,1.0,0.0,-0.7208209450148789,0,0,1,0.0
25,1.4493687614501751,-1.586983208354394,-1.1611462132309343,0,2,0,0,0,0.0,Low,1.0,0.0,-0.9677935478990389,0,0,0,0.0
26,0.6725161375193888,-0.024684322398109648,-1.029283459048594,0,1,0,0,0,0.0,Low,1.0,0.0,-0.9649973026284691,0,0,0,0.0
27,1.4493687614501751,-0.9174265429445578,-0.20128536153024212,0,1,0,0,0,0.0,Low,1.0,0.0,0.017750479390515973,0,0,0,0.0
28,0.879676837234265,-0.024684322398109648,-0.10937973369557127,0,1,0,0,0,0.0,Low,0.0,1.0,-0.15377478827562652,0,0,0,0.0
29,1.0868375369491414,1.7608001186947866,-0.20516949364251114,0,2,0,0,0,0.0,Low,1.0,0.0,-0.5334224753957976,0,0,0,0.0
30,1.5529491113076133,-0.2478698775347217,-0.9672785864200085,0,1,0,0,0,0.0,Low,1.0,0.0,-0.8904210053221291,0,0,0,0.0
31,-1.606251559344251,0.8680578981483386,-0.6359691793018472,0,1,0,1,0,0.2,Low,1.0,0.0,-0.7285677276807303,0,0,1,0.0
32,0.879676837234265,-1.3637976532177818,2.058064853767945,0,1,0,0,0,0.0,Low,1.0,0.0,2.983941228801021,0,0,0,0.0
33,-1.3990908596293747,0.1985012327385024,0.15426102996847785,0,1,0,0,0,0.0,Low,0.0,1.0,0.01567405172148609,0,0,0,0.0
34,-0.6740284106273075,0.6448723430117265,-0.26341735120977455,0,1,0,0,0,0.0,Low,0.0,1.0,-0.41694412810284764,0,0,0,0.0
35,0.25819473808963606,-1.3637976532177818,2.006427082849925,0,1,0,0,0,0.0,Low,1.0,0.0,2.9201893277191298,0,0,0,0.0
36,-0.8293989354134648,-0.9174265429445578,2.530036339817332,0,1,0,0,0,0.0,Low,0.0,1.0,2.9931195659563943,0,0,0,0.0
37,-1.554461384415532,0.1985012327385024,-0.5691197346205044,0,1,0,0,0,0.0,Low,1.0,0.0,-0.5932472791810438,0,0,0,0.0
38,1.3457884115927368,-0.4710554326713337,0.16260838298066338,0,1,0,0,1,0.4,Medium,0.0,0.0,0.23285176299628124,0,0,0,0.0
39,-1.036559635128341,0.42168678787511443,-1.1052005866974883,0,1,0,0,0,0.0,Low,1.0,0.0,-1.055972345087816,0,0,0,0.0
40,-1.2955105097719366,0.42168678787511443,-1.1842673923865137,0,1,0,0,1,0.4,Medium,0.0,0.0,-1.1196347836503509,0,0,0,0.0
41,0.9832571870917033,-0.024684322398109648,-0.4028647560986183,0,1,0,0,0,0.0,Low,0.0,1.0,-0.41258628260600744,0,0,0,0.0
42,-1.65804173427297,-0.024684322398109648,-0.9924618866242836,0,1,0,0,0,0.0,Low,1.0,0.0,-0.9325259822704488,0,0,0,0.0
43,1.3457884115927368,0.8680578981483386,-0.6349946152445869,0,1,0,0,0,0.0,Low,1.0,0.0,-0.7278458106389385,0,0,0,0.0
44,0.5171456127332315,-0.2478698775347217,0.05321709858239584,0,1,0,0,1,0.4,Medium,0.0,0.0,0.0545056269882142,0,0,0,0.0
45,-1.3473006847006557,-1.3637976532177818,1.5555852754912805,0,1,0,0,0,0.0,Low,0.0,1.0,2.3635808259319377,0,0,0,0.0
46,0.6725161375193888,1.3144290084215626,0.19368143987881553,0,3,0,0,0,0.0,Low,1.0,0.0,-0.20246031778484513,0,0,0,0.0
47,0.051034038374759706,0.6448723430117265,-0.5618458144829823,0,1,0,1,0,0.2,Low,1.0,0.0,-0.6472186627649246,0,0,1,0.0
48,0.1028242133034788,-0.6942409878079457,2.67752036714938,0,1,0,0,0,0.0,Low,1.0,0.0,2.9058904877609377,0,0,0,0.0
49,0.827886662305546,-1.3637976532177818,-0.1335037251419549,0,2,0,0,0,0.0,Low,1.0,0.0,0.27823451890723433,0,0,0,0.0
50,-1.554461384415532,1.0912434532849506,0.9385167378442945,0,1,0,0,0,0.0,Low,1.0,0.0,0.37059281871036304,0,0,0,0.0
51,-1.65804173427297,0.1985012327385024,1.0779358944995945,0,2,0,0,0,0.0,Low,1.0,0.0,0.7931972530068802,0,0,0,0.0
52,-1.4508810345580938,-2.033354318627618,-0.2704652854789464,0,3,0,0,0,0.0,Low,0.0,1.0,0.46349168441434996,0,0,0,0.0
53,1.0350473620204224,1.3144290084215626,-1.3354095659624803,0,1,1,0,0,0.3,Medium,1.0,0.0,-1.2512453534988386,0,0,1,0.0
54,-1.554461384415532,-1.810168763491006,-0.711462583447585,0,2,0,0,0,0.0,Low,0.0,1.0,-0.30101336569556464,0,0,0,0.0
55,1.0350473620204224,-0.4710554326713337,-0.6828753711012849,0,1,0,0,0,0.0,Low,1.0,0.0,-0.591226727444041,0,0,0,0.0
56,1.5011589363788942,1.0912434532849506,-0.2395899662156006,0,1,0,0,0,0.0,Low,1.0,0.0,-0.4685351407779881,0,0,0,0.0
57,-0.8293989354134648,1.7608001186947866,-0.42660739639216105,0,1,0,0,0,0.0,Low,1.0,0.0,-0.6748294641665327,0,0,0,0.0
58,0.5171456127332315,0.6448723430117265,-0.38392431550751743,0,1,0,0,0,0.0,Low,1.0,0.0,-0.5099301818553603,0,0,0,0.0
59,-0.0007561365539593763,-0.2478698775347217,-0.18296638207710436,0,1,0,0,0,0.0,Low,1.0,0.0,-0.1641881551284546,0,0,0,0.0
60,1.4493687614501751,1.5376145635581746,-0.0068951423987566205,0,1,0,0,0,0.0,Low,1.0,0.0,-0.374612773614249,0,0,0,0.0
61,-1.036559635128341,-0.6942409878079457,-1.1691545874405944,0,2,0,0,0,0.0,Low,1.0,0.0,-1.0516912855457203,0,0,0,0.0
62,0.7243063124481078,-0.6942409878079457,-0.02442317131266893,0,1,0,0,0,0.0,Low,1.0,0.0,0.12604487393758046,0,0,0,0.0
63,-0.984769460199622,0.1985012327385024,0.5418550424226104,0,1,0,0,0,0.0,Low,1.0,0.0,0.34193965549037136,0,0,0,0.0
64,1.4493687614501751,-2.033354318627618,2.715245883047091,0,1,0,0,0,0.0,Low,1.0,0.0,5.0711838758811565,0,0,0,0.0
65,0.3099849130183551,0.6448723430117265,-0.06099050963508525,0,1,0,0,0,0.0,Low,0.0,1.0,-0.2607467391693022,0,0,0,0.0
66,0.9832571870917033,-0.2478698775347217,0.8389417146024887,0,1,0,0,0,0.0,Low,0.0,1.0,0.782046297909772,0,0,0,0.0
67,-0.5186578858411502,-0.4710554326713337,0.4202746452502043,0,2,0,0,0,0.0,Low,1.0,0.0,0.4839946423518352,0,0,0,0.0
68,-0.41507753598371205,-2.033354318627618,-0.7806566315130611,0,1,0,0,0,0.0,Low,1.0,0.0,-0.3238599877957439,0,0,0,0.0
69,1.3457884115927368,1.3144290084215626,0.003740317530474511,0,1,0,0,0,0.0,Low,1.0,0.0,-0.3327386374039302,0,0,0,0.0
70,0.36177508794707425,-1.1406120980811698,1.81069507262511,0,1,0,0,1,0.4,Medium,0.0,0.0,2.429364208544475,0,0,0,0.0
71,-0.2597070111975548,0.6448723430117265,1.6998490041993384,0,1,0,0,0,0.0,Low,1.0,0.0,1.0979591135348699,0,0,0,0.0
72,-0.984769460199622,0.6448723430117265,1.696995932611417,0,1,0,0,0,0.0,Low,1.0,0.0,1.0957576153095996,0,0,0,0.0
73,0.5689357876619505,0.6448723430117265,4.85023325016881,0,1,0,0,0,0.0,Low,1.0,0.0,3.5288708914882143,0,0,0,0.0
74,1.6047392862363323,1.0912434532849506,0.5238044211881384,0,1,0,0,0,0.0,Low,1.0,0.0,0.07520641707872013,0,0,0,0.0
75,-1.2955105097719366,-1.3637976532177818,-0.5460550519320122,0,1,0,0,0,0.0,Low,1.0,0.0,-0.23110062296939765,0,0,0,0.0
76,-1.7098319092016891,1.7608001186947866,0.5557390492093756,0,2,0,0,0,0.0,Low,0.0,1.0,-0.04751746799397301,0,0,0,0.0
77,-1.3473006847006557,1.0912434532849506,-0.8577601849707941,0,2,0,0,0,0.0,Low,1.0,0.0,-0.9088381392185615,0,0,0,0.0
78,1.5011589363788942,-1.1406120980811698,0.32714021925637904,0,1,0,0,0,0.0,Low,1.0,0.0,0.7122446361108133,0,0,0,0.0
79,-1.1919301599144982,-0.4710554326713337,-0.8859519220474813,0,2,0,0,0,0.0,Low,1.0,0.0,-0.7891619529757053,0,0,0,0.0
80,-1.3473006847006557,-1.586983208354394,-0.7173805883750057,0,2,0,0,0,0.0,Low,1.0,0.0,-0.38078755576518436,0,0,0,0.0
81,0.051034038374759706,-0.2478698775347217,-1.1968519804302653,0,1,0,1,0,0.2,Low,0.0,1.0,-1.1029941864323036,0,0,1,0.0
82,0.051034038374759706,-1.3637976532177818,0.23687298896724693,0,1,0,0,0,0.0,Low,1.0,0.0,0.7355009582044004,0,0,0,0.0
83,-0.052546311482678465,-0.6942409878079457,1.5896243969115296,0,1,0,0,0,0.0,Low,0.0,1.0,1.786628446155448,0,0,0,0.0
84,-1.5026712094868129,0.1985012327385024,-0.05572221407917124,0,1,0,0,0,0.0,Low,1.0,0.0,-0.16108386429163307,0,0,0,0.0
85,0.36177508794707425,-0.024684322398109648,-0.18296638207710436,0,1,0,0,0,0.0,Low,1.0,0.0,-0.21866760724965248,0,0,0,0.0
86,-0.3114971861262739,1.0912434532849506,-0.6713642159321968,0,1,0,0,1,0.4,Medium,0.0,0.0,-0.7760742150195017,0,0,0,0.0
87,-1.3990908596293747,-0.9174265429445578,0.9955922937194913,0,1,0,0,0,0.0,Low,1.0,0.0,1.3215708144592542,0,0,0,0.0
88,-1.1401399849857792,-0.6942409878079457,1.274487103497179,0,1,0,0,0,0.0,Low,0.0,1.0,1.462405156371722,0,0,0,0.0
89,-0.0007561365539593763,-0.024684322398109648,-1.0886188736072926,0,1,0,0,0,0.0,Low,1.0,0.0,-1.0173225871793103,0,0,0,0.0
90,-0.052546311482678465,1.3144290084215626,0.03608454493809666,0,1,0,0,0,0.0,Low,0.0,1.0,-0.31055412283464817,0,0,0,0.0
91,0.7243063124481078,1.9839856738313988,0.9354235562712511,0,1,0,1,0,0.2,Low,1.0,0.0,0.14483680466312338,0,0,1,0.0
92,-0.5704480607698693,-0.6942409878079457,-0.5526933868147993,0,1,0,0,0,0.0,Low,1.0,0.0,-0.41745635788793545,0,0,0,0.0
93,1.4493687614501751,-0.4710554326713337,-1.1391408393003337,0,1,0,0,0,0.0,Low,0.0,1.0,-1.0359408410603217,0,0,0,0.0
94,0.1546143882321979,-0.024684322398109648,-0.9102030305448118,0,2,0,0,0,0.0,Low,0.0,1.0,-0.8599855258971808,0,0,0,0.0
95,0.5171456127332315,-0.024684322398109648,1.9212021622483564,0,1,0,0,0,0.0,Low,0.0,1.0,1.6369058077778837,0,0,0,0.0
96,0.051034038374759706,-0.4710554326713337,1.2097845245651628,0,1,0,0,0,0.0,Low,0.0,1.0,1.2535163586384512,0,0,0,0.0
97,1.6047392862363323,-1.1406120980811698,1.4407844543693804,0,1,0,0,0,0.0,Low,0.0,1.0,2.0012163977536335,0,0,0,0.0
98,0.6725161375193888,0.6448723430117265,-1.0288597355454374,0,1,0,0,0,0.0,Low,1.0,0.0,-1.0075777658271408,0,0,0,0.0
99,-1.606251559344251,0.42168678787511443,0.919774034888,0,1,0,0,0,0.0,Low,1.0,0.0,0.5744820701873914,0,0,0,0.0
100,-1.7098319092016891,0.1985012327385024,2.066214469145324,0,1,0,0,0,0.0,Low,1.0,0.0,1.6251020180135365,0,0,0,0.0
101,-1.5026712094868129,-0.024684322398109648,-0.7120557963520042,0,1,0,0,0,0.0,Low,1.0,0.0,-0.6852482212164493,0,0,0,0.0
102,-1.036559635128341,-0.024684322398109648,-0.35282301037582153,0,1,0,0,0,0.0,Low,1.0,0.0,-0.36845667461656917,0,0,0,0.0
103,-0.363287361054993,0.6448723430117265,0.08212916561444927,0,1,0,0,0,0.0,Low,1.0,0.0,-0.1503121772056112,0,0,0,0.0
104,-1.2955105097719366,0.6448723430117265,0.2675364464790144,0,1,0,0,0,0.0,Low,1.0,0.0,-0.007247488081228568,0,0,0,0.0
105,-0.984769460199622,2.4303567841046227,-0.5139791827430562,0,2,0,0,0,0.0,Low,1.0,0.0,-0.7847768816996146,0,0,0,0.0
106,0.4135652628757933,-0.2478698775347217,1.1075400432534706,0,1,0,0,0,0.0,Low,1.0,0.0,1.0307545657313661,0,0,0,0.0
107,0.879676837234265,-0.024684322398109648,0.4700480327543353,0,1,0,0,0,0.0,Low,1.0,0.0,0.3571969978261856,0,0,0,0.0
108,1.5011589363788942,2.207171228968011,-0.8278311815311648,0,2,0,0,0,0.0,Low,1.0,0.0,-0.9553813046314078,0,0,0,0.0
109,0.9314670121629842,-0.4710554326713337,0.9946036055454592,0,2,0,0,0,0.0,Low,0.0,1.0,1.0437832134878804,0,0,0,0.0
110,-1.554461384415532,1.3144290084215626,-0.2919198188554433,0,1,0,0,0,0.0,Low,1.0,0.0,-0.5355283507134418,0,0,0,0.0
111,-0.5704480607698693,-0.4710554326713337,0.5280134079861609,0,1,0,0,0,0.0,Low,1.0,0.0,0.5890057635338867,0,0,0,0.0
112,-0.984769460199622,-0.2478698775347217,-0.7819701743728465,0,1,0,0,0,0.0,Low,1.0,0.0,-0.7188349258238216,0,0,0,0.0
113,0.4653554378045124,-0.024684322398109648,-0.7496400710819966,0,1,0,0,0,0.0,Low,1.0,0.0,-0.7183921350916669,0,0,0,0.0
114,-0.2597070111975548,-1.3637976532177818,-1.1622055219888257,0,1,0,1,0,0.2,Low,1.0,0.0,-0.991798908745227,0,0,1,0.0
115,0.1028242133034788,-0.2478698775347217,1.3348959509305411,0,3,0,0,0,0.0,Low,1.0,0.0,1.2412744682987633,0,0,0,0.0
116,-1.08834981005706,-0.4710554326713337,0.8358202847959015,0,1,0,0,0,0.0,Low,1.0,0.0,0.8890198385103475,0,0,0,0.0
117,-0.10433648641139755,-1.1406120980811698,0.08851326639534232,0,3,0,0,0,0.0,Low,1.0,0.0,0.43604924614092916,0,0,0,0.0
118,1.2939982366640177,-0.024684322398109648,-1.0440290369584444,0,1,0,0,0,0.0,Low,1.0,0.0,-0.9780007772942817,0,0,0,0.0
119,-0.3114971861262739,1.3144290084215626,1.6499767478778042,0,2,0,0,1,0.4,Medium,0.0,0.0,0.796395028806843,0,0,0,0.0
120,1.6565294611650514,1.7608001186947866,0.5016013096227315,0,1,0,0,1,0.4,Medium,0.0,0.0,-0.08208903247657441,0,0,0,0.0
121,0.4135652628757933,-0.024684322398109648,-0.5147418850487381,0,1,0,1,0,0.2,Low,1.0,0.0,-0.5112457872304336,0,0,1,0.0
122,0.5689357876619505,-1.586983208354394,0.19492436215474146,0,2,0,0,0,0.0,Low,1.0,0.0,0.8259946793126323,0,0,0,0.0
123,1.4493687614501751,-1.1406120980811698,-0.3150974944781104,0,1,0,0,0,0.0,Low,1.0,0.0,-0.031104317859035707,0,0,0,0.0
124,1.1904178868065796,1.5376145635581746,0.502674742497395,0,1,0,0,0,0.0,Low,1.0,0.0,-0.03758737203868647,0,0,0,0.0
125,-1.4508810345580938,0.6448723430117265,-0.8748644903815496,0,1,0,0,0,0.0,Low,0.0,1.0,-0.8887513541928644,0,0,0,0.0
126,-0.3114971861262739,1.5376145635581746,-1.2672889507716676,0,1,0,0,0,0.0,Low,1.0,0.0,-1.2082270471437817,0,0,0,0.0
127,-0.3114971861262739,0.42168678787511443,0.3781989013867516,0,1,0,0,0,0.0,Low,0.0,1.0,0.13842052244858571,0,0,0,0.0
128,0.5171456127332315,0.42168678787511443,0.5846369921246571,0,1,0,0,0,0.0,Low,1.0,0.0,0.30463885078549335,0,0,0,0.0
129,-0.20791683626883573,1.5376145635581746,-1.1628834795938763,0,2,0,0,1,0.4,Medium,0.0,0.0,-1.139174112711536,0,0,0,0.0
130,1.4493687614501751,0.1985012327385024,-1.3334039413808723,0,1,0,0,0,0.0,Low,1.0,0.0,-1.2365999630649411,0,0,0,0.0
131,1.4493687614501751,1.7608001186947866,0.10092836503783124,0,1,0,0,0,0.0,Low,0.0,1.0,-0.33795288357034997,0,0,0,0.0
132,-1.7098319092016891,-0.9174265429445578,0.4234808197574227,0,1,0,0,0,0.0,Low,1.0,0.0,0.6983403861810584,0,0,0,0.0
133,-0.363287361054993,0.8680578981483386,-0.3498428217369533,0,2,0,0,0,0.0,Low,1.0,0.0,-0.5166170692370283,0,0,0,0.0
134,1.4493687614501751,-0.9174265429445578,-0.8411643477638264,0,1,0,0,0,0.0,Low,1.0,0.0,-0.6793025824451474,0,0,0,0.0
135,-1.606251559344251,1.0912434532849506,2.732321940224303,0,1,0,0,0,0.0,Low,1.0,0.0,1.6482632487363675,0,0,0,0.0
136,-0.363287361054993,1.5376145635581746,0.30675911875454553,0,1,0,0,0,0.0,Low,0.0,1.0,-0.16716438144205215,0,0,0,0.0
137,-1.2955105097719366,-0.024684322398109648,1.3103906083313164,0,1,0,0,0,0.0,Low,0.0,1.0,1.0982580439869574,0,0,0,0.0
138,1.4493687614501751,-0.2478698775347217,-0.9566290023740055,0,1,0,1,0,0.2,Low,0.0,1.0,-0.8805600370338879,0,0,1,0.0
139,0.1546143882321979,-0.024684322398109648,1.5902034856991767,0,1,0,0,0,0.0,Low,1.0,0.0,1.3450126767498036,0,0,0,0.0
140,0.879676837234265,-0.6942409878079457,0.2605308845601582,0,1,0,0,0,0.0,Low,0.0,1.0,0.41921468710478504,0,0,0,0.0
141,0.5171456127332315,0.1985012327385024,2.460743422934453,0,1,0,0,0,0.0,Low,1.0,0.0,1.9572052579405197,0,0,0,0.0
142,-0.5186578858411502,-1.3637976532177818,0.5279569115190734,0,2,0,0,0,0.0,Low,1.0,0.0,1.094872656617065,0,0,0,0.0
143,1.2939982366640177,0.42168678787511443,-0.0723604236364545,0,1,0,0,0,0.0,Low,1.0,0.0,-0.22435757511212495,0,0,0,0.0
144,-0.10433648641139755,-0.024684322398109648,-0.2424995342706095,0,1,0,0,0,0.0,Low,1.0,0.0,-0.2711672678975449,0,0,0,0.0
145,0.9314670121629842,0.42168678787511443,-0.6910673588289797,0,1,0,0,0,0.0,Low,1.0,0.0,-0.7225235488941608,0,0,0,0.0
146,1.4493687614501751,-0.9174265429445578,-0.2330363760334449,0,1,0,0,0,0.0,Low,1.0,0.0,-0.016837532330448376,0,0,0,0.0
147,1.2422080617352986,0.1985012327385024,0.5521091511990006,0,1,0,0,0,0.0,Low,1.0,0.0,0.350571272294402,0,0,0,0.0
148,0.9314670121629842,0.42168678787511443,0.796795350155177,0,1,0,0,0,0.0,Low,0.0,1.0,0.47546298255538155,0,0,0,0.0
149,-1.1401399849857792,0.6448723430117265,-0.7843430259905236,0,1,0,0,0,0.0,Low,1.0,0.0,-0.8189028288178232,0,0,0,0.0
150,0.25819473808963606,0.8680578981483386,-1.0861895255225282,0,1,0,0,0,0.0,Low,1.0,0.0,-1.0620724758568305,0,0,0,0.0
151,-1.65804173427297,-0.9174265429445578,0.16016491077912684,0,1,0,1,0,0.2,Low,1.0,0.0,0.4114968352406939,0,0,1,0.0
152,-1.606251559344251,-0.4710554326713337,-1.1787731109622497,0,1,1,0,0,0.3,Medium,1.0,0.0,-1.0745697354018053,0,0,1,0.0
153,1.1386277118778605,1.0912434532849506,-0.2137145842895031,0,1,0,1,0,0.2,Low,1.0,0.0,-0.4501049286742769,0,0,1,0.0
154,1.2939982366640177,0.1985012327385024,-1.0375178191266043,0,1,0,0,0,0.0,Low,1.0,0.0,-0.9875314500792122,0,0,0,0.0
155,-1.65804173427297,-0.9174265429445578,0.7344514987240661,0,2,0,0,0,0.0,Low,1.0,0.0,1.03709672695529,0,0,0,0.0
156,-1.65804173427297,0.6448723430117265,-0.5183576589423411,0,1,0,0,0,0.0,Low,1.0,0.0,-0.6136621625886485,0,0,0,0.0
157,1.0350473620204224,-0.6942409878079457,-0.4246017718105529,0,1,0,0,0,0.0,Low,1.0,0.0,-0.28567162254154743,0,0,0,0.0
158,-1.7098319092016891,-0.6942409878079457,-1.1075451900816216,0,2,0,0,0,0.0,Low,0.0,1.0,-0.9883055742676362,0,0,0,0.0
159,-0.7776087604847457,-0.6942409878079457,1.131791151750801,0,2,0,1,0,0.2,Low,1.0,0.0,1.3155950139960952,0,0,1,0.0
160,-1.65804173427297,0.6448723430117265,0.03820316245387976,0,1,0,0,0,0.0,Low,1.0,0.0,-0.18420653106992374,0,0,0,0.0
161,0.9832571870917033,-1.586983208354394,0.07715747651074495,0,1,0,0,0,0.0,Low,0.0,1.0,0.6702145474684592,0,0,0,0.0
162,0.5171456127332315,-1.586983208354394,-1.0201169072636391,0,2,0,0,0,0.0,Low,1.0,0.0,-0.7812422626430939,0,0,0,0.0
163,-0.10433648641139755,-1.586983208354394,-1.2036456805975433,0,2,0,0,0,0.0,Low,1.0,0.0,-1.0240111560447716,0,0,0,0.0
164,-0.10433648641139755,1.3144290084215626,-0.7882695304531083,0,2,0,0,0,0.0,Low,0.0,1.0,-0.8759686175229224,0,0,0,0.0
165,1.0868375369491414,-0.024684322398109648,-0.5363517837097256,0,1,0,0,0,0.0,Low,1.0,0.0,-0.5303026035510208,0,0,0,0.0
166,1.1386277118778605,0.1985012327385024,-0.8044133959233756,0,1,0,0,0,0.0,Low,1.0,0.0,-0.7913107837793185,0,0,0,0.0
167,-0.8811891103421838,0.42168678787511443,2.47262180513961,0,1,0,0,0,0.0,Low,1.0,0.0,1.8247928031064267,0,0,0,0.0
168,0.20640456316091696,-2.479725428900842,1.1779628894781007,0,3,0,0,0,0.0,Low,1.0,0.0,3.500181664120878,0,0,0,0.0
169,-0.5186578858411502,-1.3637976532177818,-0.19043803984943272,0,2,0,0,0,0.0,Low,1.0,0.0,0.20794351418592583,0,0,0,0.0
170,-1.1919301599144982,0.1985012327385024,-0.7453463395833427,0,2,0,0,0,0.0,Low,1.0,0.0,-0.7415898175610591,0,0,0,0.0
171,-0.9329792852709029,1.7608001186947866,-0.9468127412175438,0,1,0,0,0,0.0,Low,1.0,0.0,-1.0070249485022222,0,0,0,0.0
172,1.2939982366640177,0.42168678787511443,-0.2317510814072032,0,1,0,0,0,0.0,Low,1.0,0.0,-0.3526945917570349,0,0,0,0.0
173,-1.606251559344251,0.8680578981483386,0.11205816905407863,0,1,0,0,0,0.0,Low,1.0,0.0,-0.1744597791252511,0,0,0,0.0
174,-0.7258185855560266,1.3144290084215626,-0.5740349272571211,0,2,0,0,0,0.0,Low,1.0,0.0,-0.7290276930745073,0,0,0,0.0
175,1.2939982366640177,1.3144290084215626,0.2750363524848865,0,1,0,0,0,0.0,Low,1.0,0.0,-0.14665996672848503,0,0,0,0.0
176,0.1028242133034788,-0.6942409878079457,-0.6267602551665765,0,3,0,0,0,0.0,Low,1.0,0.0,-0.49365871229927716,0,0,0,0.0
177,-0.7776087604847457,0.8680578981483386,-0.9520245403063703,0,1,0,0,0,0.0,Low,1.0,0.0,-0.962688563103512,0,0,0,0.0
178,1.7083196360937705,-0.9174265429445578,0.27804478935729865,0,1,0,0,0,0.0,Low,0.0,1.0,0.5399094445926372,0,0,0,0.0
179,-0.7776087604847457,0.1985012327385024,-1.2126144947476918,0,3,0,0,0,0.0,Low,1.0,0.0,-1.134922846111676,0,0,0,0.0
180,-0.7258185855560266,-0.024684322398109648,-1.0878702954183825,0,1,0,0,0,0.0,Low,1.0,0.0,-1.0166624490976168,0,0,0,0.0
181,0.9314670121629842,1.5376145635581746,-0.8737769333901142,0,1,0,0,0,0.0,Low,1.0,0.0,-0.9479613807183493,0,0,0,0.0
182,-0.052546311482678465,-0.2478698775347217,-0.6777624408298617,0,2,0,0,0,0.0,Low,1.0,0.0,-0.6223439125205814,0,0,0,0.0
183,0.3099849130183551,-0.024684322398109648,0.5565441238653731,0,1,0,0,0,0.0,Low,0.0,1.0,0.43347408485054917,0,0,0,0.0
184,0.25819473808963606,-0.024684322398109648,-1.1062740195721519,0,2,0,0,0,0.0,Low,1.0,0.0,-1.032891881558875,0,0,0,0.0
185,-1.7098319092016891,-0.024684322398109648,-0.42108486673435297,0,1,0,0,1,0.4,Medium,0.0,0.0,-0.42865379440571827,0,0,0,0.0
186,-1.1919301599144982,-1.1406120980811698,0.12582918290666878,0,2,0,0,0,0.0,Low,1.0,0.0,0.4792400256792799,0,0,0,0.0
187,1.1904178868065796,0.8680578981483386,0.032454646927721376,0,1,0,0,0,0.0,Low,1.0,0.0,-0.23342680010405978,0,0,0,0.0
188,0.827886662305546,0.42168678787511443,0.5571514608865643,0,1,0,0,0,0.0,Low,1.0,0.0,0.2825082495988743,0,0,0,0.0
189,-0.5704480607698693,0.42168678787511443,-0.39756821230916056,0,1,0,0,0,0.0,Low,0.0,1.0,-0.4862060295427008,0,0,0,0.0
190,-0.15612666134011663,-0.4710554326713337,-0.6980305483975201,0,1,0,0,0,0.0,Low,1.0,0.0,-0.6059982184021351,0,0,0,0.0
191,0.4135652628757933,0.42168678787511443,1.4487080838784092,0,1,0,0,0,0.0,Low,1.0,0.0,1.0003653609570171,0,0,0,0.0
192,-1.3990908596293747,-1.1406120980811698,-0.7214624581220812,0,3,0,0,0,0.0,Low,1.0,0.0,-0.5014456948832166,0,0,0,0.0
193,-0.9329792852709029,0.42168678787511443,-0.8014614555180511,0,2,0,0,0,0.0,Low,1.0,0.0,-0.8114098689736127,0,0,0,0.0
194,1.3457884115927368,0.6448723430117265,-0.8397519360866378,0,3,0,0,0,0.0,Low,0.0,1.0,-0.8616576681135458,0,0,0,0.0
195,-1.65804173427297,-0.9174265429445578,-0.8583533978752134,0,1,0,0,0,0.0,Low,1.0,0.0,-0.6980274980431961,0,0,0,0.0
196,-1.7098319092016891,-0.024684322398109648,1.9048605591432826,0,1,0,0,0,0.0,Low,1.0,0.0,1.6224948689001581,0,0,0,0.0
197,0.7243063124481078,-0.6942409878079457,2.2745875638809783,0,1,0,0,0,0.0,Low,0.0,1.0,2.491340379704729,0,0,0,0.0
198,-1.1401399849857792,-1.1406120980811698,0.7277142950238759,0,3,0,0,0,0.0,Low,1.0,0.0,1.1758834319045912,0,0,0,0.0
199,0.1546143882321979,0.8680578981483386,0.3261656551991188,0,1,0,0,1,0.4,Medium,0.0,0.0,-0.0158577438133705,0,0,0,0.0
200,-0.10433648641139755,-1.3637976532177818,-0.8004162708769315,0,1,0,0,0,0.0,Low,1.0,0.0,-0.5451345361487694,0,0,0,0.0
201,-1.2955105097719366,1.5376145635581746,-0.5845997666024929,0,1,0,0,0,0.0,Low,1.0,0.0,-0.7567019408420239,0,0,0,0.0
202,-0.7776087604847457,0.42168678787511443,-1.148759362821989,0,1,0,0,0,0.0,Low,0.0,1.0,-1.0910446853034033,0,0,0,0.0
203,0.7243063124481078,-0.024684322398109648,-0.4147148900702318,0,3,0,0,0,0.0,Low,1.0,0.0,-0.4230363929935714,0,0,0,0.0
204,-1.606251559344251,0.42168678787511443,-1.0523198935035423,0,1,0,0,0,0.0,Low,1.0,0.0,-1.0133942511295935,0,0,0,0.0
205,-0.7258185855560266,2.653542339241235,-0.04271390253226295,0,3,0,0,0,0.0,Low,1.0,0.0,-0.5361747752348334,0,0,0,0.0
206,-0.5186578858411502,0.6448723430117265,-0.7586371334656886,0,1,0,0,0,0.0,Low,1.0,0.0,-0.7990675477782576,0,0,0,0.0
207,1.0350473620204224,-1.1406120980811698,0.043782188578775,0,2,0,0,0,0.0,Low,1.0,0.0,0.38427589307584337,0,0,0,0.0
208,-0.052546311482678465,-0.024684322398109648,-0.8500060448630279,0,1,0,0,0,0.0,Low,0.0,1.0,-0.8069004597806166,0,0,0,0.0
209,-0.5186578858411502,1.3144290084215626,-1.1960751540078116,0,1,0,0,0,0.0,Low,1.0,0.0,-1.1556775647538746,0,0,0,0.0
210,0.1028242133034788,0.8680578981483386,-0.9290446023185096,0,1,0,0,0,0.0,Low,1.0,0.0,-0.9456659685093813,0,0,0,0.0
211,0.20640456316091696,0.8680578981483386,0.13741095865961617,0,1,0,0,1,0.4,Medium,0.0,0.0,-0.155679473472845,0,0,0,0.0
212,-0.4668677109124311,1.0912434532849506,0.21109647585855254,0,1,0,0,0,0.0,Low,1.0,0.0,-0.1475255130392751,0,0,0,0.0
213,-0.8293989354134648,0.1985012327385024,0.09495386364332288,0,1,0,0,0,0.0,Low,1.0,0.0,-0.03424903224562827,0,0,0,0.0
214,1.6565294611650514,-0.024684322398109648,-0.055990572297837014,0,1,0,0,0,0.0,Low,1.0,0.0,-0.10669324207182256,0,0,0,0.0
215,1.0350473620204224,-1.1406120980811698,-0.18997194399596037,0,1,0,0,0,0.0,Low,0.0,1.0,0.11372047999495682,0,0,0,0.0
216,0.051034038374759706,0.6448723430117265,0.4745253777710234,0,1,0,0,0,0.0,Low,1.0,0.0,0.15247011831153648,0,0,0,0.0
217,1.3975785865214558,1.9839856738313988,-1.330197766873654,0,1,0,0,0,0.0,Low,0.0,1.0,-1.2537292441257226,0,0,0,0.0
218,0.36177508794707425,0.1985012327385024,1.8025030848974153,0,2,0,0,0,0.0,Low,0.0,1.0,1.403117283374339,0,0,0,0.0
219,-0.052546311482678465,1.3144290084215626,-0.4363954093150789,0,3,0,0,0,0.0,Low,1.0,0.0,-0.6346224116432174,0,0,0,0.0
220,-0.052546311482678465,0.42168678787511443,0.4843698871610289,0,1,0,0,0,0.0,Low,1.0,0.0,0.22390650863554068,0,0,0,0.0
221,-1.036559635128341,1.0912434532849506,-0.2669766286362903,0,1,0,0,0,0.0,Low,0.0,1.0,-0.48804178994234193,0,0,0,0.0
222,-0.6740284106273075,-0.024684322398109648,-0.7696821927813046,0,1,0,0,0,0.0,Low,1.0,0.0,-0.7360663980713488,0,0,0,0.0
223,0.7243063124481078,-0.6942409878079457,-0.49503874215195515,0,1,0,0,0,0.0,Low,0.0,1.0,-0.3581394222077109,0,0,0,0.0
224,-0.7258185855560266,-0.4710554326713337,-0.9538747996034874,0,2,0,0,0,0.0,Low,0.0,1.0,-0.8553652148745629,0,0,0,0.0
225,-1.3473006847006557,3.769470114924295,-0.8803587718058139,0,1,0,1,0,0.2,Low,1.0,0.0,-1.0459835275970688,0,0,1,0.0
226,-1.3990908596293747,1.7608001186947866,0.2659545454005632,0,1,0,0,0,0.0,Low,1.0,0.0,-0.2325695912628317,0,0,0,0.0
227,1.7083196360937705,0.42168678787511443,-0.03542585827796912,0,1,0,0,0,0.0,Low,0.0,1.0,-0.1946188689954711,0,0,0,0.0
228,-0.8811891103421838,-0.4710554326713337,-1.2223883835538378,0,2,0,0,0,0.0,Low,0.0,1.0,-1.117080792325006,0,0,0,0.0
229,-0.052546311482678465,-0.2478698775347217,-0.8612205935799065,0,1,0,0,0,0.0,Low,1.0,0.0,-0.7922167468653615,0,0,0,0.0
230,0.7243063124481078,-1.586983208354394,-0.4401100520260853,0,3,0,1,0,0.2,Low,1.0,0.0,-0.014018574206901366,0,0,1,0.0
231,1.2939982366640177,-0.2478698775347217,-0.2620755601164454,0,3,0,0,0,0.0,Low,1.0,0.0,-0.2374391940972061,0,0,0,0.0
232,-0.6222382356985884,0.42168678787511443,2.64369310748071,0,1,0,0,0,0.0,Low,1.0,0.0,1.9625347566379419,0,0,0,0.0
233,-0.20791683626883573,-0.024684322398109648,-0.06350460242048116,0,1,0,0,0,0.0,Low,1.0,0.0,-0.11331953375976543,0,0,0,0.0
234,0.20640456316091696,-0.6942409878079457,-1.254704362727916,0,1,0,0,0,0.0,Low,1.0,0.0,-1.1397076205322756,0,0,0,0.0
235,0.879676837234265,1.3144290084215626,-0.21536710595181385,0,1,0,0,0,0.0,Low,1.0,0.0,-0.4830217703791585,0,0,0,0.0
236,1.0350473620204224,1.5376145635581746,-1.0430262246676403,0,1,0,0,0,0.0,Low,1.0,0.0,-1.059901493448544,0,0,0,0.0
237,-1.3473006847006557,-0.6942409878079457,-0.402921252565706,0,1,0,0,0,0.0,Low,1.0,0.0,-0.2633660134604244,0,0,0,0.0
238,-0.363287361054993,1.5376145635581746,2.8904979239526694,0,1,0,0,0,0.0,Low,1.0,0.0,1.541699572646845,0,0,0,0.0
239,-0.363287361054993,1.5376145635581746,-0.6262376628460167,0,1,0,0,0,0.0,Low,1.0,0.0,-0.784240908740598,0,0,0,0.0
240,-0.6740284106273075,2.207171228968011,0.7953688143612164,0,2,0,0,0,0.0,Low,1.0,0.0,0.014296045892956659,0,0,0,0.0
241,-0.20791683626883573,0.6448723430117265,-0.22557884237788842,0,3,0,0,0,0.0,Low,1.0,0.0,-0.38774703035284985,0,0,0,0.0
242,-0.3114971861262739,-0.024684322398109648,1.7025184622692249,0,1,0,0,0,0.0,Low,1.0,0.0,1.4440582998748428,0,0,0,0.0
243,1.5529491113076133,0.6448723430117265,0.34846763558192884,0,1,0,0,0,0.0,Low,1.0,0.0,0.0552009516752056,0,0,0,0.0
244,1.3975785865214558,0.1985012327385024,0.9953663078511411,0,1,0,0,0,0.0,Low,1.0,0.0,0.7236925259595476,0,0,0,0.0
245,0.7243063124481078,2.4303567841046227,0.12378118597474506,0,2,1,0,1,0.7,High,0.0,0.0,-0.41569352453180913,0,1,1,0.0
246,-0.7776087604847457,-0.9174265429445578,-0.635107608178762,0,3,0,0,0,0.0,Low,1.0,0.0,-0.45483438716171787,0,0,0,0.0
247,-1.554461384415532,-0.2478698775347217,1.4623237324465088,0,1,0,0,1,0.4,Medium,0.0,0.0,1.3592660543684076,0,0,0,0.0
248,0.051034038374759706,-0.024684322398109648,0.0011697282779909437,0,1,0,0,0,0.0,Low,1.0,0.0,-0.05628609458854374,0,0,0,0.0
249,1.5529491113076133,0.6448723430117265,-0.5923256584767151,0,1,0,0,0,0.0,Low,1.0,0.0,-0.670737638854695,0,0,0,0.0
250,0.7760964873768269,-1.586983208354394,-0.76949857926327,0,1,0,0,0,0.0,Low,0.0,1.0,-0.4497283912778974,0,0,0,0.0
251,-0.8811891103421838,-1.1406120980811698,0.03773706660040726,0,1,0,0,0,0.0,Low,1.0,0.0,0.377279052181667,0,0,0,0.0
252,0.5171456127332315,-0.9174265429445578,1.1352374362431414,0,1,0,0,0,0.0,Low,1.0,0.0,1.4736934443014138,0,0,0,0.0
253,-0.20791683626883573,-0.4710554326713337,0.22015003470933242,0,3,0,0,0,0.0,Low,1.0,0.0,0.2889366224215144,0,0,0,0.0
254,0.6207259625906697,-1.3637976532177818,-0.5401511711213633,0,1,0,0,0,0.0,Low,1.0,0.0,-0.22381170211266063,0,0,0,0.0
255,-1.4508810345580938,-1.3637976532177818,0.1756025704107998,0,2,0,0,0,0.0,Low,1.0,0.0,0.6598566073036223,0,0,0,0.0
256,0.1546143882321979,1.5376145635581746,0.645229453076054,0,1,0,0,0,0.0,Low,1.0,0.0,0.056697160865081815,0,0,0,0.0
257,-0.5186578858411502,-0.024684322398109648,-1.1609484755961277,0,1,0,0,0,0.0,Low,1.0,0.0,-1.0811068723935113,0,0,0,0.0
258,0.6207259625906697,-0.024684322398109648,-1.0392268372560027,0,2,0,0,0,0.0,Low,1.0,0.0,-0.97376592922304,0,0,0,0.0
259,0.9832571870917033,0.1985012327385024,0.5129712236241007,0,3,0,0,1,0.4,Medium,0.0,0.0,0.31762607923108355,0,0,0,0.0
260,1.3457884115927368,-0.2478698775347217,-1.0541701528006595,0,2,0,0,0,0.0,Low,1.0,0.0,-0.9708781365015183,0,0,0,0.0
261,1.5011589363788942,0.8680578981483386,-0.4043054160093508,0,2,0,0,0,0.0,Low,1.0,0.0,-0.5569607230507767,0,0,0,0.0
262,-0.10433648641139755,-1.586983208354394,-0.13292463635430743,0,2,0,0,0,0.0,Low,0.0,1.0,0.39232132594648345,0,0,0,0.0
263,-0.052546311482678465,1.0912434532849506,-0.9207537457734115,0,1,0,0,0,0.0,Low,1.0,0.0,-0.9537064503444087,0,0,0,0.0
264,1.7083196360937705,0.1985012327385024,-0.3718340715507818,0,2,0,0,0,0.0,Low,1.0,0.0,-0.4271778252985356,0,0,0,0.0
265,-0.8293989354134648,-0.4710554326713337,-0.11882876781596383,0,2,0,0,0,0.0,Low,1.0,0.0,-0.041460193043775885,0,0,0,0.0
266,-0.4668677109124311,-0.024684322398109648,1.2128353337878905,0,1,0,0,0,0.0,Low,1.0,0.0,1.0122283509632342,0,0,0,0.0
267,1.0350473620204224,-1.1406120980811698,1.029617291022968,0,1,0,0,0,0.0,Low,1.0,0.0,1.525316782635948,0,0,0,0.0
268,1.2422080617352986,0.8680578981483386,0.03325972158371919,0,2,0,0,0,0.0,Low,0.0,1.0,-0.23283043385214483,0,0,0,0.0
269,1.7083196360937705,1.5376145635581746,-0.6969994878731722,0,2,0,0,1,0.4,Medium,0.0,0.0,-0.8310422076455698,0,0,0,0.0
270,0.6207259625906697,1.3144290084215626,1.0650123276533174,0,1,0,0,0,0.0,Low,1.0,0.0,0.39517500461409794,0,0,0,0.0
271,-0.5186578858411502,0.42168678787511443,1.1228505858341962,0,2,0,0,0,0.0,Low,1.0,0.0,0.7379937782352878,0,0,0,0.0
272,-0.10433648641139755,-0.024684322398109648,-0.7811792238336209,0,2,0,0,0,0.0,Low,1.0,0.0,-0.7462051225713213,0,0,0,0.0
273,0.6725161375193888,-0.024684322398109648,-0.058292803331654805,0,1,0,0,0,0.0,Low,1.0,0.0,-0.10872347805891792,0,0,0,0.0
274,-0.5704480607698693,-1.1406120980811698,-0.5914075908865425,0,2,0,0,0,0.0,Low,0.0,1.0,-0.3509155291038325,0,0,0,0.0
275,1.6565294611650514,-1.1406120980811698,0.07005304577448565,0,1,0,0,0,0.0,Low,1.0,0.0,0.41468272499913356,0,0,0,0.0
276,-0.363287361054993,3.099913449514459,-0.8209668607800277,0,1,0,0,0,0.0,Low,1.0,0.0,-0.9920779105005089,0,0,0,0.0
277,-1.65804173427297,-0.6942409878079457,0.6293680699412245,0,1,0,0,0,0.0,Low,0.0,1.0,0.7986861369708761,0,0,0,0.0
278,-0.8811891103421838,0.1985012327385024,0.07695973887593839,0,3,0,0,0,0.0,Low,1.0,0.0,-0.04939597413038737,0,0,0,0.0
279,-0.052546311482678465,0.8680578981483386,-0.8198369314382765,0,1,0,0,0,0.0,Low,1.0,0.0,-0.8647694095654231,0,0,0,0.0
280,-1.2955105097719366,-0.9174265429445578,0.5079995345203965,0,2,0,0,0,0.0,Low,1.0,0.0,0.7904109654240525,0,0,0,0.0
281,0.4653554378045124,0.6448723430117265,-0.7018864322762454,0,1,0,0,0,0.0,Low,0.0,1.0,-0.7552773504062937,0,0,0,0.0
282,0.7243063124481078,-0.2478698775347217,-1.2166257439109076,0,2,0,0,0,0.0,Low,1.0,0.0,-1.1213036766226716,0,0,0,0.0
283,0.25819473808963606,-1.1406120980811698,-0.9292140917197721,0,2,0,0,0,0.0,Low,0.0,1.0,-0.7419048834636855,0,0,0,0.0
284,0.4135652628757933,0.1985012327385024,0.7860468972917706,0,2,0,0,0,0.0,Low,1.0,0.0,0.5474934060756146,0,0,0,0.0
285,-0.41507753598371205,-0.4710554326713337,1.9464560830364912,0,2,0,0,0,0.0,Low,0.0,1.0,1.9715374713144156,0,0,0,0.0
286,0.827886662305546,-1.1406120980811698,2.0014412696294483,0,2,0,0,0,0.0,Low,0.0,1.0,2.6501406951702977,0,0,0,0.0
287,-0.4668677109124311,0.42168678787511443,-0.6648388739835849,0,1,0,0,0,0.0,Low,1.0,0.0,-0.701405087227382,0,0,0,0.0
288,-0.5186578858411502,1.5376145635581746,-0.40513873889889224,0,1,0,0,0,0.0,Low,1.0,0.0,-0.638007868209974,0,0,0,0.0
289,-1.08834981005706,-0.6942409878079457,-0.5780744246538809,0,1,0,1,0,0.2,Low,1.0,0.0,-0.4435691784213415,0,0,1,0.0
290,1.3457884115927368,-0.2478698775347217,-0.2549146329130984,0,2,0,0,0,0.0,Low,1.0,0.0,-0.230808543006837,0,0,0,0.0
291,-1.3990908596293747,0.6448723430117265,-1.0675880637339523,0,1,0,1,0,0.2,Low,1.0,0.0,-1.0374614694592774,0,0,1,0.0
292,1.1904178868065796,-0.6942409878079457,-0.6474944585877072,0,1,0,0,0,0.0,Low,1.0,0.0,-0.5149907215051982,0,0,0,0.0
293,0.1028242133034788,-0.2478698775347217,-0.05486064295608609,0,2,0,0,0,0.0,Low,1.0,0.0,-0.04556881510942649,0,0,0,0.0
294,0.5689357876619505,1.0912434532849506,0.7936739203485899,0,2,1,0,0,0.3,Medium,1.0,0.0,0.26742588359925007,0,0,1,0.0
295,-0.7258185855560266,-0.9174265429445578,0.032963115131509506,0,2,0,1,0,0.2,Low,1.0,0.0,0.2729293825898908,0,0,1,0.0
296,1.6047392862363323,-0.024684322398109648,-0.44051965141246996,0,1,0,0,0,0.0,Low,1.0,0.0,-0.4457924736587432,0,0,0,0.0
297,-1.3473006847006557,-1.1406120980811698,-0.9177453089009997,0,1,0,0,0,0.0,Low,1.0,0.0,-0.7286305030756687,0,0,0,0.0
298,-0.9329792852709029,-0.2478698775347217,0.8843648741408785,0,1,0,0,0,0.0,Low,0.0,1.0,0.8241058125185036,0,0,0,0.0
299,-1.036559635128341,0.8680578981483386,-1.1134914432425862,0,1,0,0,0,0.0,Low,1.0,0.0,-1.08229661559282,0,0,0,0.0
300,-0.984769460199622,0.1985012327385024,-1.0452719592343704,0,1,0,0,0,0.0,Low,1.0,0.0,-0.9940586644392849,0,0,0,0.0
301,1.6565294611650514,0.8680578981483386,0.3695690660391286,0,1,0,0,1,0.4,Medium,0.0,0.0,0.016293720960915963,0,0,0,0.0
302,-0.10433648641139755,0.6448723430117265,0.5452872027981791,0,1,0,0,0,0.0,Low,1.0,0.0,0.20707163370067025,0,0,0,0.0
303,1.5011589363788942,-0.6942409878079457,-1.3374151905440883,0,1,0,0,0,0.0,Low,0.0,1.0,-1.224803155893225,0,0,0,0.0
304,0.879676837234265,-0.024684322398109648,-0.43389544064645486,0,1,0,0,0,0.0,Low,1.0,0.0,-0.4399508744075306,0,0,0,0.0
305,-0.4668677109124311,-0.9174265429445578,-1.253814543371287,0,1,0,0,0,0.0,Low,1.0,0.0,-1.1288236458080014,0,0,0,0.0
306,1.2422080617352986,0.8680578981483386,-0.38643840829291337,0,2,0,0,0,0.0,Low,1.0,0.0,-0.5437255772845963,0,0,0,0.0
307,1.5011589363788942,0.42168678787511443,-0.5482160417981109,0,2,0,0,0,0.0,Low,1.0,0.0,-0.6075035589653509,0,0,0,0.0
308,1.4493687614501751,-0.9174265429445578,1.4843291063771091,0,2,0,0,0,0.0,Low,1.0,0.0,1.8539769397174972,0,0,0,0.0
309,-0.6222382356985884,-0.9174265429445578,0.18952894954788058,0,1,0,0,0,0.0,Low,1.0,0.0,0.44348459163210174,0,0,0,0.0
310,1.2422080617352986,0.1985012327385024,0.2269861072269258,0,3,0,0,0,0.0,Low,1.0,0.0,0.07689195106577539,0,0,0,0.0
311,1.2422080617352986,-0.024684322398109648,1.1723838633532053,0,3,0,0,0,0.0,Low,1.0,0.0,0.9765559836807756,0,0,0,0.0
312,0.7760964873768269,-0.6942409878079457,1.2374395452045184,0,1,0,0,0,0.0,Low,1.0,0.0,1.42428944782463,0,0,0,0.0
313,0.9314670121629842,-2.7029109840374543,-0.11327798992461216,0,1,0,0,0,0.0,Low,1.0,0.0,1.3775130597906655,0,0,0,0.0
314,0.4135652628757933,0.6448723430117265,-0.7190896065044041,0,1,0,0,0,0.0,Low,1.0,0.0,-0.7685517307943107,0,0,0,0.0
315,-0.984769460199622,0.8680578981483386,0.7115139330865211,0,2,0,0,0,0.0,Low,1.0,0.0,0.2695924395373806,0,0,0,0.0
316,1.0350473620204224,-0.2478698775347217,0.6395515581337553,0,1,0,0,1,0.4,Medium,0.0,0.0,0.5974212457544669,0,0,0,0.0
317,1.3457884115927368,0.6448723430117265,0.35722458798049905,0,3,0,0,0,0.0,Low,1.0,0.0,0.06195802543593669,0,0,0,0.0
318,-1.3473006847006557,-1.3637976532177818,-0.11748697672263463,0,1,0,0,0,0.0,Low,0.0,1.0,0.29800876831283196,0,0,0,0.0
319,0.9832571870917033,-0.4710554326713337,-0.39427729310131093,0,3,0,0,0,0.0,Low,0.0,1.0,-0.3099351386772797,0,0,0,0.0
320,1.3457884115927368,0.42168678787511443,1.2426937166436605,0,2,0,0,0,0.0,Low,1.0,0.0,0.8344882032447748,0,0,0,0.0
321,-1.5026712094868129,0.42168678787511443,-0.5504194040145255,0,3,0,0,0,0.0,Low,1.0,0.0,-0.6092776462136104,0,0,0,0.0
322,-1.4508810345580938,0.6448723430117265,-0.7460949177722528,0,1,0,0,0,0.0,Low,1.0,0.0,-0.7893896743919202,0,0,0,0.0
323,0.6725161375193888,-0.024684322398109648,-0.44396593590481054,0,1,0,0,0,0.0,Low,1.0,0.0,-0.4488315999216344,0,0,0,0.0
324,1.0868375369491414,1.3144290084215626,-0.8328593671019565,0,2,0,0,0,0.0,Low,1.0,0.0,-0.9065522474335003,0,0,0,0.0
325,0.3099849130183551,-0.2478698775347217,0.6460204036152796,0,2,0,0,0,0.0,Low,1.0,0.0,0.603411064688173,0,0,0,0.0
326,0.9314670121629842,0.1985012327385024,-0.1165265367821462,0,1,0,0,0,0.0,Low,1.0,0.0,-0.21226721186925307,0,0,0,0.0
327,-0.9329792852709029,1.5376145635581746,-1.2408486041746944,0,2,0,0,0,0.0,Low,1.0,0.0,-1.1907396156966545,0,0,0,0.0
328,-1.08834981005706,0.6448723430117265,0.19421815631614708,0,1,0,0,0,0.0,Low,1.0,0.0,-0.06382163306825327,0,0,0,0.0
329,-0.20791683626883573,2.207171228968011,-0.41813292632902865,0,1,0,0,0,0.0,Low,1.0,0.0,-0.7106332023493759,0,0,0,0.0
330,-0.7776087604847457,0.1985012327385024,-0.22902512687022902,0,1,0,0,0,0.0,Low,0.0,1.0,-0.30696532184735864,0,0,0,0.0
331,-0.8811891103421838,-0.4710554326713337,0.00314710462605514,0,3,0,0,0,0.0,Low,1.0,0.0,0.07742759438781753,0,0,0,0.0
332,1.5011589363788942,0.1985012327385024,-0.6319014336715435,0,1,0,0,0,0.0,Low,1.0,0.0,-0.6460951258668791,0,0,0,0.0
333,-0.7776087604847457,-1.586983208354394,-0.7520976674003049,0,2,1,0,0,0.3,Medium,1.0,0.0,-0.42671074646714874,0,0,1,0.0
334,1.2422080617352986,0.6448723430117265,0.3616595606468718,0,1,0,0,0,0.0,Low,1.0,0.0,0.06538015634056527,0,0,0,0.0
335,1.0868375369491414,1.5376145635581746,-1.0008939843371003,0,2,0,0,0,0.0,Low,1.0,0.0,-1.032035570367999,0,0,0,0.0
336,1.4493687614501751,-0.6942409878079457,-0.8896383165249437,0,3,0,0,0,0.0,Low,1.0,0.0,-0.7641160388255727,0,0,0,0.0
337,-0.5704480607698693,-0.2478698775347217,-0.7867017534914289,0,1,0,0,0,0.0,Low,1.0,0.0,-0.7232161252622312,0,0,0,0.0
338,-1.2955105097719366,0.1985012327385024,0.8610318332337207,0,1,0,0,0,0.0,Low,1.0,0.0,0.6106135901150074,0,0,0,0.0
339,-1.1401399849857792,0.6448723430117265,1.3140063822249197,0,1,0,0,0,0.0,Low,0.0,1.0,0.8002337248322045,0,0,0,0.0
340,-1.7098319092016891,-1.586983208354394,-0.79157457377773,0,3,0,0,0,0.0,Low,0.0,1.0,-0.4789301598162089,0,0,0,0.0
341,1.2422080617352986,1.0912434532849506,-0.8807401229586548,0,1,0,0,0,0.0,Low,1.0,0.0,-0.9252060186359949,0,0,0,0.0
342,-1.7098319092016891,1.7608001186947866,-0.12768458903193733,0,1,0,0,0,0.0,Low,1.0,0.0,-0.48394175461532485,0,0,0,0.0
343,-0.0007561365539593763,0.42168678787511443,-0.41923460743723584,0,1,0,0,0,0.0,Low,1.0,0.0,-0.5036512208172503,0,0,0,0.0
344,0.7243063124481078,-0.6942409878079457,0.6721641437600431,0,1,0,0,0,0.0,Low,1.0,0.0,0.842716101476285,0,0,0,0.0
345,-1.7098319092016891,-1.3637976532177818,0.2632427149803607,0,1,0,0,0,0.0,Low,1.0,0.0,0.7680569755238457,0,0,0,0.0
346,-0.9329792852709029,-0.024684322398109648,2.131114785712146,0,3,0,0,0,0.0,Low,1.0,0.0,1.8220184902331567,0,0,0,0.0
347,1.3975785865214558,-0.024684322398109648,-0.8587206249112823,0,1,0,0,0,0.0,Low,0.0,1.0,-0.8145854634863698,0,0,0,0.0
348,1.5529491113076133,0.8680578981483386,0.6503706315810208,0,1,0,0,0,0.0,Low,1.0,0.0,0.2242999920893213,0,0,0,0.0
349,1.5011589363788942,0.8680578981483386,-0.5485408964838644,0,2,0,0,0,0.0,Low,1.0,0.0,-0.6638044452359423,0,0,0,0.0
350,-0.6222382356985884,-0.2478698775347217,-0.9091578459036921,0,1,0,0,0,0.0,Low,1.0,0.0,-0.8366041823697254,0,0,0,0.0
351,1.7083196360937705,0.1985012327385024,-0.5603062857548466,0,1,0,0,0,0.0,Low,1.0,0.0,-0.5858283688701413,0,0,0,0.0
352,-0.41507753598371205,-1.586983208354394,-0.48691737500811993,0,2,0,0,0,0.0,Low,1.0,0.0,-0.07593454409555439,0,0,0,0.0
353,-0.9329792852709029,-1.1406120980811698,1.1492768083143974,0,1,0,1,1,0.6000000000000001,High,0.0,0.0,1.6638149977188044,0,0,1,0.0
354,0.879676837234265,-0.2478698775347217,-1.1339855366785947,0,1,0,0,0,0.0,Low,1.0,0.0,-1.0447830858342115,0,0,0,0.0
355,1.1904178868065796,0.42168678787511443,-0.7757131906429005,0,1,0,0,0,0.0,Low,1.0,0.0,-0.7906780673481213,0,0,0,0.0
356,-0.2597070111975548,-0.024684322398109648,-0.17210493627952292,0,1,0,0,0,0.0,Low,1.0,0.0,-0.20908937734734426,0,0,0,0.0
357,0.6725161375193888,-1.3637976532177818,-0.9386631258401648,0,1,0,0,0,0.0,Low,1.0,0.0,-0.715813859942411,0,0,0,0.0
358,1.4493687614501751,-0.4710554326713337,1.9035470162834973,0,3,0,0,0,0.0,Low,1.0,0.0,1.9297147410901008,0,0,0,0.0
359,-0.9329792852709029,1.7608001186947866,2.2490511607574053,0,1,0,0,0,0.0,Low,1.0,0.0,1.0338067487266471,0,0,0,0.0
360,0.7243063124481078,-1.3637976532177818,-0.24539497820884634,0,2,0,0,0,0.0,Low,1.0,0.0,0.1400937748233329,0,0,0,0.0
361,0.25819473808963606,-0.4710554326713337,0.3658261750945783,0,1,0,0,0,0.0,Low,0.0,1.0,0.43092465386772244,0,0,0,0.0
362,-0.052546311482678465,0.1985012327385024,1.5516870192622398,0,3,0,0,0,0.0,Low,1.0,0.0,1.1919874607765744,0,0,0,0.0
363,-0.5704480607698693,1.0912434532849506,-0.36556296370406394,0,2,0,0,0,0.0,Low,1.0,0.0,-0.5582617028702374,0,0,0,0.0
364,-1.2437203348432175,-0.9174265429445578,0.29219715436272975,0,2,0,0,0,0.0,Low,1.0,0.0,0.5553263430554516,0,0,0,0.0
365,-0.0007561365539593763,0.1985012327385024,-0.9908658614290604,0,1,0,1,0,0.2,Low,0.0,1.0,-0.9482611604046758,0,0,1,0.0
366,0.9314670121629842,-0.9174265429445578,-1.233009719366297,0,1,0,0,0,0.0,Low,1.0,0.0,-1.106159881900092,0,0,0,0.0
367,-1.2437203348432175,-0.2478698775347217,0.8203826251642289,0,1,0,0,0,0.0,Low,1.0,0.0,0.7648615335453837,0,0,0,0.0
368,-0.7776087604847457,0.6448723430117265,-0.31463139862463807,0,2,0,1,0,0.2,Low,1.0,0.0,-0.45646211109705886,0,0,1,0.0
369,1.2422080617352986,0.1985012327385024,2.1776819987090588,0,2,0,0,0,0.0,Low,1.0,0.0,1.7189322105995013,0,0,0,0.0
370,-1.7098319092016891,-0.024684322398109648,-0.6878470602049892,0,1,0,0,0,0.0,Low,1.0,0.0,-0.6638996047631901,0,0,0,0.0
371,-1.554461384415532,-0.9174265429445578,-1.0233795782379451,0,3,0,0,0,0.0,Low,0.0,1.0,-0.8777989966854329,0,0,0,0.0
372,-0.9329792852709029,1.3144290084215626,0.6710200903015203,0,3,0,0,0,0.0,Low,1.0,0.0,0.12494049198959019,0,0,0,0.0
373,-0.5186578858411502,1.0912434532849506,1.987811496944577,0,1,0,0,0,0.0,Low,1.0,0.0,1.1179721240579679,0,0,0,0.0
374,-1.65804173427297,-0.4710554326713337,-0.9865721299304068,0,1,0,0,0,0.0,Low,1.0,0.0,-0.8872347410329858,0,0,0,0.0
375,-0.10433648641139755,-0.2478698775347217,-0.8647798710064222,0,2,0,0,0,0.0,Low,0.0,1.0,-0.7955124550996278,0,0,0,0.0
376,-0.5186578858411502,-0.2478698775347217,1.4751343063586102,0,1,0,0,0,0.0,Low,1.0,0.0,1.3711279883703098,0,0,0,0.0
377,-1.1401399849857792,-0.024684322398109648,2.9240427012859014,0,2,0,0,0,0.0,Low,1.0,0.0,2.5212666394081698,0,0,0,0.0
378,0.827886662305546,1.3144290084215626,0.3023100219714009,0,2,0,0,0,0.0,Low,1.0,0.0,-0.1279532865392782,0,0,0,0.0
379,0.051034038374759706,0.1985012327385024,-0.7405300157641291,0,1,0,0,0,0.0,Low,1.0,0.0,-0.7375355733046205,0,0,0,0.0
380,-0.052546311482678465,0.6448723430117265,1.3052211815928059,0,1,0,0,0,0.0,Low,1.0,0.0,0.7934548540593422,0,0,0,0.0
381,-0.052546311482678465,1.5376145635581746,-0.47249665178402306,0,1,0,0,0,0.0,Low,1.0,0.0,-0.6825578471476605,0,0,0,0.0
382,1.3975785865214558,-0.9174265429445578,-0.7224511462961133,0,3,0,0,0,0.0,Low,1.0,0.0,-0.5499821916467907,0,0,0,0.0
383,0.879676837234265,1.3144290084215626,-0.6349663670110431,0,1,0,0,0,0.0,Low,1.0,0.0,-0.7708198310010937,0,0,0,0.0
384,0.4653554378045124,-1.1406120980811698,0.48674273877870605,0,1,0,0,0,0.0,Low,1.0,0.0,0.8969743139243492,0,0,0,0.0
385,-1.1401399849857792,-0.9174265429445578,-0.19656790652843187,0,2,0,0,0,0.0,Low,1.0,0.0,0.022889445544787345,0,0,0,0.0
386,1.7083196360937705,-0.2478698775347217,0.23359619387616917,0,1,0,0,0,0.0,Low,1.0,0.0,0.22152741214620855,0,0,0,0.0
387,1.6047392862363323,-0.2478698775347217,0.7120365254070811,0,1,0,0,0,0.0,Low,0.0,1.0,0.6645386055094451,0,0,0,0.0
388,-0.052546311482678465,0.8680578981483386,-0.4328643801221071,0,1,0,0,1,0.4,Medium,0.0,0.0,-0.5781160311450192,0,0,0,0.0
389,0.3099849130183551,0.6448723430117265,0.9016527930696686,0,1,0,0,1,0.4,Medium,0.0,0.0,0.48205184024422937,0,0,0,0.0
390,0.4653554378045124,2.207171228968011,-0.23018330444552368,0,1,0,0,0,0.0,Low,0.0,1.0,-0.5983546834723117,0,0,0,0.0
391,0.5171456127332315,1.3144290084215626,-0.6253337193726158,0,1,0,1,0,0.2,Low,1.0,0.0,-0.7642129144350455,0,0,1,0.0
392,-0.2597070111975548,0.6448723430117265,-1.102502880394058,0,3,0,0,0,0.0,Low,1.0,0.0,-1.0644025764536762,0,0,0,0.0
393,-1.08834981005706,-1.1406120980811698,-0.4652651039968167,0,1,0,0,0,0.0,Low,1.0,0.0,-0.204913692594745,0,0,0,0.0
394,-1.1401399849857792,-1.586983208354394,1.6782108573048067,0,1,0,0,0,0.0,Low,1.0,0.0,2.788062067896391,0,0,0,0.0
395,0.6207259625906697,0.42168678787511443,0.6371504582825344,0,1,0,0,0,0.0,Low,1.0,0.0,0.34692126353567276,0,0,0,0.0
396,-1.65804173427297,0.42168678787511443,0.22596917081934986,0,1,0,0,0,0.0,Low,1.0,0.0,0.01584928936051852,0,0,0,0.0
397,0.051034038374759706,0.1985012327385024,-0.9512194656503726,0,1,0,0,0,0.0,Low,0.0,1.0,-0.9148879532849593,0,0,0,0.0
398,-1.3473006847006557,1.9839856738313988,-0.6463645292459561,0,1,0,0,0,0.0,Low,1.0,0.0,-0.8315995883843581,0,0,0,0.0
399,-0.41507753598371205,3.099913449514459,0.4430003491361709,0,3,0,0,0,0.0,Low,1.0,0.0,-0.3232957565674283,0,0,0,0.0
400,-0.0007561365539593763,-0.6942409878079457,0.7745639903562264,0,1,0,0,0,0.0,Low,0.0,1.0,0.9480683267780067,0,0,0,0.0
401,-1.3990908596293747,0.42168678787511443,0.6699890297771725,0,1,0,0,0,0.0,Low,1.0,0.0,0.3733619869472292,0,0,0,0.0
402,1.2422080617352986,-0.024684322398109648,0.004460647485840753,0,1,0,0,0,0.0,Low,1.0,0.0,-0.053383978116192804,0,0,0,0.0
403,-0.2597070111975548,0.6448723430117265,-0.8020405443056985,0,1,0,0,0,0.0,Low,0.0,1.0,-0.8325586569181394,0,0,0,0.0
404,0.1028242133034788,-0.4710554326713337,0.7781797642498294,0,1,0,0,0,0.0,Low,1.0,0.0,0.8328386133472704,0,0,0,0.0
405,-0.6740284106273075,-1.1406120980811698,-0.6509831154303635,0,1,0,0,0,0.0,Low,1.0,0.0,-0.419870376981487,0,0,0,0.0
406,0.1028242133034788,-0.4710554326713337,0.7990269606051351,0,1,0,1,0,0.2,Low,1.0,0.0,0.8531580174983857,0,0,1,0.0
407,-1.2437203348432175,0.8680578981483386,-0.4636973270351372,0,1,0,0,0,0.0,Low,1.0,0.0,-0.6009558123367756,0,0,0,0.0
408,-0.5186578858411502,-0.4710554326713337,2.0584320808040135,0,1,0,0,0,0.0,Low,0.0,1.0,2.0806785526897826,0,0,0,0.0
409,1.5529491113076133,0.8680578981483386,-0.5412669763463425,0,1,0,0,0,0.0,Low,1.0,0.0,-0.6584162238370624,0,0,0,0.0
410,0.7760964873768269,-0.9174265429445578,-0.5546990113964073,0,1,0,0,0,0.0,Low,1.0,0.0,-0.3672411706459481,0,0,0,0.0
411,0.1028242133034788,-1.1406120980811698,-0.3062416732621371,0,1,0,0,0,0.0,Low,1.0,0.0,-0.020854272904249273,0,0,0,0.0
412,-0.5186578858411502,-0.9174265429445578,-0.794074542446354,0,3,0,0,0,0.0,Low,1.0,0.0,-0.6280052376596956,0,0,0,0.0
413,-0.5704480607698693,-0.2478698775347217,-0.886997106688601,0,2,0,0,1,0.4,Medium,0.0,0.0,-0.8160844751492343,0,0,0,0.0
414,1.4493687614501751,-0.2478698775347217,-0.81215341191437,0,3,0,0,0,0.0,Low,1.0,0.0,-0.7467830547786908,0,0,0,0.0
415,0.1546143882321979,-0.2478698775347217,1.4049515701191022,0,1,0,0,0,0.0,Low,1.0,0.0,1.306142376401782,0,0,0,0.0
416,-1.1401399849857792,0.1985012327385024,-0.8565737591619556,0,1,0,0,0,0.0,Low,1.0,0.0,-0.835217892398169,0,0,0,0.0
417,1.0868375369491414,-1.1406120980811698,-0.5482442900316549,0,1,0,0,0,0.0,Low,1.0,0.0,-0.30095677729868514,0,0,0,0.0
418,-1.08834981005706,-1.1406120980811698,3.1827117758462466,0,2,0,0,0,0.0,Low,0.0,1.0,4.017385527376942,0,0,0,0.0
419,-0.5704480607698693,-0.4710554326713337,0.8456224218355914,0,1,0,0,0,0.0,Low,1.0,0.0,0.8985738130908857,0,0,0,0.0
420,-0.20791683626883573,-2.25653987376423,0.8186736070348305,0,1,0,0,0,0.0,Low,1.0,0.0,2.4581719323959437,0,0,0,0.0
421,-0.8811891103421838,0.6448723430117265,2.7361636999862564,0,1,0,0,0,0.0,Low,1.0,0.0,1.897604300587068,0,0,0,0.0
422,1.4493687614501751,0.8680578981483386,-0.33015380295694224,0,1,0,0,0,0.0,Low,0.0,1.0,-0.5020322524796722,0,0,0,0.0
423,-1.08834981005706,0.1985012327385024,-1.2182500173396749,0,1,0,0,0,0.0,Low,1.0,0.0,-1.1396666685700896,0,0,0,0.0
424,1.2939982366640177,-0.024684322398109648,0.677700797534623,0,1,0,0,0,0.0,Low,0.0,1.0,0.5403168106008744,0,0,0,0.0
425,-0.7776087604847457,-0.024684322398109648,-0.41858489806572896,0,1,0,0,0,0.0,Low,1.0,0.0,-0.4264491823215719,0,0,0,0.0
426,0.7760964873768269,-0.2478698775347217,3.209491101245745,0,3,0,0,0,0.0,Low,0.0,1.0,2.977053372967502,0,0,0,0.0
427,-1.1401399849857792,-0.9174265429445578,-1.246187520314468,0,2,0,0,0,0.0,Low,1.0,0.0,-1.120515137654389,0,0,0,0.0
428,1.3975785865214558,-0.6942409878079457,-0.8867428725867069,0,1,0,0,0,0.0,Low,1.0,0.0,-0.7611371138342826,0,0,0,0.0
429,-0.7776087604847457,0.8680578981483386,-0.6748105004245374,0,1,0,0,0,0.0,Low,1.0,0.0,-0.757339783694166,0,0,0,0.0
430,-1.2955105097719366,2.4303567841046227,-0.3138263239686406,0,1,0,0,0,0.0,Low,1.0,0.0,-0.6689448346068881,0,0,0,0.0
431,-0.3114971861262739,1.5376145635581746,-1.0568961073376337,0,1,0,0,0,0.0,Low,0.0,1.0,-1.0690749216969837,0,0,0,0.0
432,0.9314670121629842,0.6448723430117265,0.11509485416003422,0,1,0,0,0,0.0,Low,0.0,1.0,-0.1248750640482784,0,0,0,0.0
433,-0.9329792852709029,-0.9174265429445578,-0.7084117742248573,0,1,0,0,0,0.0,Low,1.0,0.0,-0.5346883821936597,0,0,0,0.0
434,-1.1401399849857792,0.6448723430117265,0.9494346801089635,0,2,0,0,0,0.0,Low,1.0,0.0,0.5189214862644765,0,0,0,0.0
435,-0.4668677109124311,0.8680578981483386,1.5362069872802513,0,1,0,0,0,0.0,Low,1.0,0.0,0.88049119538047,0,0,0,0.0
436,0.9314670121629842,1.0912434532849506,-0.506846503773253,0,1,0,0,0,0.0,Low,0.0,1.0,-0.6588934778011455,0,0,0,0.0
437,0.9832571870917033,-1.1406120980811698,0.2999795427040397,0,1,0,0,0,0.0,Low,1.0,0.0,0.6808078953643151,0,0,0,0.0
438,-0.5704480607698693,-0.2478698775347217,-0.2374713486998175,0,1,0,0,0,0.0,Low,1.0,0.0,-0.2146569570174765,0,0,0,0.0
439,-0.9329792852709029,0.8680578981483386,-0.3035015946083908,0,2,0,0,0,0.0,Low,1.0,0.0,-0.4822893907715437,0,0,0,0.0
440,1.1904178868065796,-0.4710554326713337,-1.083943790955798,0,1,0,0,0,0.0,Low,1.0,0.0,-0.9821412262753902,0,0,0,0.0
441,0.25819473808963606,-0.6942409878079457,-0.3499416905543564,0,1,0,0,0,0.0,Low,1.0,0.0,-0.20885895179052666,0,0,0,0.0
442,0.9832571870917033,0.8680578981483386,0.7876852948373096,0,1,0,0,0,0.0,Low,1.0,0.0,0.32601705702118383,0,0,0,0.0
443,0.4135652628757933,0.42168678787511443,0.14404929354240328,0,1,0,0,0,0.0,Low,1.0,0.0,-0.050110364741428874,0,0,0,0.0
444,1.2422080617352986,-1.3637976532177818,-0.8743136498274461,0,1,0,0,1,0.4,Medium,0.0,0.0,-0.6363681101259181,0,0,0,0.0
445,0.25819473808963606,0.6448723430117265,-1.081076595251105,0,1,0,0,0,0.0,Low,1.0,0.0,-1.0478695427520164,0,0,0,0.0
446,-1.036559635128341,1.3144290084215626,-0.37907974345476003,0,1,0,0,0,0.0,Low,1.0,0.0,-0.5953102893191359,0,0,0,0.0
447,-1.5026712094868129,-0.9174265429445578,-0.7823515255256874,0,1,0,0,0,0.0,Low,1.0,0.0,-0.6152347529050691,0,0,0,0.0
448,0.051034038374759706,-0.024684322398109648,-0.7181574147974595,0,2,0,0,0,0.0,Low,0.0,1.0,-0.6906289693540268,0,0,0,0.0
449,-0.8293989354134648,2.207171228968011,-0.7729872361059262,0,1,0,0,0,0.0,Low,1.0,0.0,-0.9226182860096569,0,0,0,0.0
450,-1.2955105097719366,0.6448723430117265,-0.22536698062631014,0,1,0,0,0,0.0,Low,1.0,0.0,-0.38758355276186457,0,0,0,0.0
451,1.2422080617352986,1.0912434532849506,0.3860660344286931,0,3,0,0,0,0.0,Low,1.0,0.0,-0.022900257831428388,0,0,0,0.0
452,-0.8811891103421838,-0.9174265429445578,-0.8027608742610647,0,1,0,0,0,0.0,Low,1.0,0.0,-0.6374677052790876,0,0,0,0.0
453,-1.3990908596293747,-0.4710554326713337,-0.8256984398986098,0,3,0,0,0,0.0,Low,1.0,0.0,-0.73043391902675,0,0,0,0.0
454,0.6207259625906697,0.1985012327385024,-1.0236903088069267,0,1,0,0,0,0.0,Low,0.0,1.0,-0.9758918456010497,0,0,0,0.0
455,-1.08834981005706,0.42168678787511443,-0.07411181411616853,0,2,0,0,0,0.0,Low,0.0,1.0,-0.22576774702740796,0,0,0,0.0
456,0.3099849130183551,1.0912434532849506,0.7507224812452803,0,1,0,0,0,0.0,Low,1.0,0.0,0.23683293872622266,0,0,0,0.0
457,0.4135652628757933,1.3144290084215626,-0.33776670189698954,0,2,0,0,0,0.0,Low,1.0,0.0,-0.566974173548328,0,0,0,0.0
458,-1.2955105097719366,0.1985012327385024,0.3923088940418671,0,1,0,0,0,0.0,Low,0.0,1.0,0.21605596579191783,0,0,0,0.0
459,0.827886662305546,1.9839856738313988,1.1717059057481547,0,1,0,0,0,0.0,Low,1.0,0.0,0.2906936910415373,0,0,0,0.0
460,-0.363287361054993,-0.024684322398109648,-0.00863240876169879,0,1,0,0,0,0.0,Low,0.0,1.0,-0.0649301668280781,0,0,0,0.0
461,1.6565294611650514,0.42168678787511443,-0.8622234058707104,0,3,0,0,0,0.0,Low,1.0,0.0,-0.8603337365506087,0,0,0,0.0
462,-1.5026712094868129,-0.6942409878079457,-0.9150052302472534,0,1,0,0,0,0.0,Low,0.0,1.0,-0.7902143280175578,0,0,0,0.0
463,-0.2597070111975548,0.6448723430117265,-0.8325203882994314,0,3,0,0,0,0.0,Low,0.0,1.0,-0.8560776330079101,0,0,0,0.0
464,0.1546143882321979,1.0912434532849506,2.340335327454113,0,1,0,0,0,0.0,Low,0.0,1.0,1.3690636436521433,0,0,0,0.0
465,0.20640456316091696,2.207171228968011,3.0568235230584144,0,1,0,0,0,0.0,Low,1.0,0.0,1.3652579826903846,0,0,0,0.0
466,-1.3473006847006557,-1.586983208354394,-0.5354478402363249,0,1,0,0,0,0.0,Low,1.0,0.0,-0.14012985868137592,0,0,0,0.0
467,1.6047392862363323,-0.024684322398109648,1.0844471123314348,0,1,0,0,0,0.0,Low,0.0,1.0,0.8990084422350394,0,0,0,0.0
468,-0.8811891103421838,0.1985012327385024,1.3952341777800439,0,2,0,0,0,0.0,Low,1.0,0.0,1.060289913478712,0,0,0,0.0
469,0.5689357876619505,1.5376145635581746,-1.0761614026144881,0,1,0,0,0,0.0,Low,1.0,0.0,-1.0818168322172195,0,0,0,0.0
470,-1.554461384415532,-0.2478698775347217,2.1993907661874497,0,3,0,0,0,0.0,Low,1.0,0.0,2.0417523012143803,0,0,0,0.0
471,0.1028242133034788,-0.4710554326713337,-0.44810430211897345,0,1,0,0,0,0.0,Low,0.0,1.0,-0.362399399666372,0,0,0,0.0
472,-0.15612666134011663,-0.4710554326713337,-0.48581569389991275,0,1,0,0,0,0.0,Low,0.0,1.0,-0.39915604538688576,0,0,0,0.0
473,-0.7776087604847457,-0.024684322398109648,-1.0086763726784103,0,2,0,0,0,0.0,Low,1.0,0.0,-0.9468248222286411,0,0,0,0.0
474,1.3975785865214558,-2.033354318627618,2.356733427026275,0,1,0,0,0,0.0,Low,0.0,1.0,4.517910316950066,0,0,0,0.0
475,1.0350473620204224,1.0912434532849506,-0.1738845749927807,0,1,0,1,0,0.2,Low,1.0,0.0,-0.4217352790386514,0,0,1,0.0
476,0.25819473808963606,1.0912434532849506,2.108671564161617,0,1,0,1,0,0.2,Low,1.0,0.0,1.2040569084310342,0,0,1,0.0
477,-0.7776087604847457,1.0912434532849506,1.2783429873759042,0,1,0,0,0,0.0,Low,1.0,0.0,0.6126402549632521,0,0,0,0.0
478,0.25819473808963606,0.1985012327385024,-0.5226090180906792,0,3,0,0,0,0.0,Low,1.0,0.0,-0.5540958822999512,0,0,0,0.0
479,1.7083196360937705,-2.033354318627618,-0.14302337984620683,0,3,0,0,0,0.0,Low,1.0,0.0,0.6601661248758883,0,0,0,0.0
480,0.5689357876619505,-1.3637976532177818,-0.7292165982298474,0,2,0,0,1,0.4,Medium,0.0,0.0,-0.45723154562529705,0,0,0,0.0
481,-1.08834981005706,-0.024684322398109648,-0.6579039326485882,0,2,0,0,0,0.0,Low,1.0,0.0,-0.6374940814954484,0,0,0,0.0
482,1.2422080617352986,0.8680578981483386,0.2087659965911913,0,1,0,0,0,0.0,Low,1.0,0.0,-0.10282259093470765,0,0,0,0.0
483,-0.7258185855560266,0.1985012327385024,0.5939447850773308,0,1,0,0,1,0.4,Medium,0.0,0.0,0.3857873177124997,0,0,0,0.0
484,1.3975785865214558,-0.024684322398109648,-1.226004157447441,0,2,0,0,0,0.0,Low,1.0,0.0,-1.1384766083233315,0,0,0,0.0
485,0.25819473808963606,1.0912434532849506,-1.2195070637323728,0,1,0,0,0,0.0,Low,0.0,1.0,-1.1664989429304897,0,0,0,0.0
486,-1.7098319092016891,-0.9174265429445578,-0.6403476555011322,0,1,0,0,0,0.0,Low,1.0,0.0,-0.46054263998577366,0,0,0,0.0
487,-1.606251559344251,1.3144290084215626,0.03986980823296223,0,2,0,0,0,0.0,Low,0.0,1.0,-0.30795785650077595,0,0,0,0.0
488,1.4493687614501751,-1.586983208354394,1.4273382952025437,0,1,0,0,0,0.0,Low,1.0,0.0,2.4562118997725966,0,0,0,0.0
489,1.5011589363788942,0.1985012327385024,-0.18820642939947446,0,1,0,0,0,0.0,Low,0.0,1.0,-0.2726053045420574,0,0,0,0.0
490,-0.4668677109124311,0.6448723430117265,-0.45229916480022403,0,2,0,0,0,0.0,Low,1.0,0.0,-0.5626898497193914,0,0,0,0.0
491,1.1386277118778605,-0.4710554326713337,0.3699080448416539,0,1,0,1,0,0.2,Low,1.0,0.0,0.43490318218728397,0,0,1,0.0
492,-0.052546311482678465,0.6448723430117265,-0.8703588971313175,0,2,0,0,0,0.0,Low,0.0,1.0,-0.8852747307579076,0,0,0,0.0
493,0.20640456316091696,1.0912434532849506,-0.1646050302736508,0,1,0,0,0,0.0,Low,1.0,0.0,-0.41512575428311743,0,0,0,0.0
494,-1.4508810345580938,0.1985012327385024,-0.3559726884159525,0,1,0,0,0,0.0,Low,1.0,0.0,-0.41382616459478017,0,0,0,0.0
495,1.2422080617352986,1.3144290084215626,-0.0909760095418021,0,1,0,0,0,0.0,Low,1.0,0.0,-0.3977034211164219,0,0,0,0.0
496,0.5171456127332315,-0.9174265429445578,1.1883017429551224,0,2,0,0,0,0.0,Low,1.0,0.0,1.531499120473862,0,0,0,0.0
497,0.5689357876619505,-0.2478698775347217,-1.1823747607390809,0,1,0,0,0,0.0,Low,1.0,0.0,-1.0895890239714983,0,0,0,0.0
498,-0.10433648641139755,1.5376145635581746,-0.30950434423644296,0,1,0,0,0,0.0,Low,1.0,0.0,-0.5747560528635541,0,0,0,0.0
499,0.5689357876619505,0.42168678787511443,0.5883092624853478,0,1,0,0,0,0.0,Low,1.0,0.0,0.3075956628659253,0,0,0,0.0
500,1.3975785865214558,-0.6942409878079457,0.2848949859916639,0,1,0,0,0,0.0,Low,1.0,0.0,0.44428125105588423,0,0,0,0.0
501,0.6725161375193888,-0.4710554326713337,-1.1579824110740313,0,1,0,0,0,0.0,Low,1.0,0.0,-1.0543053973866008,0,0,0,0.0
502,-0.6740284106273075,-1.1406120980811698,-1.2206228689573517,0,1,0,0,0,0.0,Low,1.0,0.0,-1.079191849184825,0,0,0,0.0
503,0.1028242133034788,-0.9174265429445578,0.4875760616682473,0,1,0,0,0,0.0,Low,1.0,0.0,0.7681626269238234,0,0,0,0.0
504,-0.7776087604847457,-0.2478698775347217,-1.1703410132494327,0,1,0,0,0,0.0,Low,1.0,0.0,-1.0784463913699311,0,0,0,0.0
505,-0.7258185855560266,0.1985012327385024,-0.14706287724296663,0,1,0,0,0,0.0,Low,1.0,0.0,-0.23797183381183493,0,0,0,0.0
506,1.1904178868065796,-0.6942409878079457,1.0717636554702799,0,1,0,0,0,0.0,Low,0.0,1.0,1.253836812957155,0,0,0,0.0
507,-0.8293989354134648,-0.024684322398109648,-1.0993955747042428,0,1,0,0,0,0.0,Low,1.0,0.0,-1.0268260844685966,0,0,0,0.0
508,0.6725161375193888,1.3144290084215626,2.1215245104240346,0,1,0,0,0,0.0,Low,1.0,0.0,1.1198239385928914,0,0,0,0.0
509,0.7760964873768269,-1.3637976532177818,0.4429156044355397,0,1,0,0,0,0.0,Low,1.0,0.0,0.9898808085825822,0,0,0,0.0
510,-1.036559635128341,0.42168678787511443,4.729698037637523,0,3,0,1,0,0.2,Low,1.0,0.0,3.6421291142191006,0,0,1,0.0
511,-0.984769460199622,-0.9174265429445578,-0.6184411503879349,0,1,0,0,0,0.0,Low,1.0,0.0,-0.4366787582334536,0,0,0,0.0
512,-0.15612666134011663,0.6448723430117265,1.515430411508805,0,1,0,0,0,0.0,Low,1.0,0.0,0.9556573198350856,0,0,0,0.0
513,-1.7098319092016891,1.9839856738313988,-0.5447556331889987,0,1,0,0,0,0.0,Low,1.0,0.0,-0.7688765062750684,0,0,0,0.0
514,1.0350473620204224,-0.2478698775347217,-0.2051412454089674,0,2,0,0,0,0.0,Low,1.0,0.0,-0.18472094055622454,0,0,0,0.0
515,-1.606251559344251,0.6448723430117265,-0.7417446898065113,0,3,0,0,0,0.0,Low,1.0,0.0,-0.7860329345236859,0,0,0,0.0
516,-0.9329792852709029,1.3144290084215626,-0.24840341508125832,0,1,0,0,0,0.0,Low,1.0,0.0,-0.5056809754348575,0,0,0,0.0
517,1.1904178868065796,-0.6942409878079457,0.8452693189162943,0,2,0,0,0,0.0,Low,1.0,0.0,1.0208122219311677,0,0,0,0.0
518,-1.1401399849857792,-2.7029109840374543,2.2039387317879973,0,1,0,0,0,0.0,Low,1.0,0.0,6.145565869508112,0,0,0,0.0
519,-0.9329792852709029,1.3144290084215626,-0.853508825822456,0,1,0,0,1,0.4,Medium,0.0,0.0,-0.9207154615384304,0,0,0,0.0
520,-0.5186578858411502,0.42168678787511443,-0.06255828659676475,0,1,0,0,0,0.0,Low,1.0,0.0,-0.21646516132820248,0,0,0,0.0
521,-0.3114971861262739,1.0912434532849506,-0.6672682220683495,0,1,0,0,0,0.0,Low,1.0,0.0,-0.7731567687803772,0,0,0,0.0
522,-1.3473006847006557,1.3144290084215626,-0.009084380498399255,0,1,0,0,0,0.0,Low,0.0,1.0,-0.341534942744065,0,0,0,0.0
523,0.1028242133034788,1.7608001186947866,1.078613852104645,0,1,0,0,0,0.0,Low,1.0,0.0,0.286382693014613,0,0,0,0.0
524,-1.3473006847006557,-0.9174265429445578,-0.6132011030655647,0,1,0,0,0,0.0,Low,1.0,0.0,-0.43097050540939763,0,0,0,0.0
525,1.2422080617352986,-0.024684322398109648,0.2301357852670567,0,2,0,0,0,0.0,Low,0.0,1.0,0.1456289703611557,0,0,0,0.0
526,1.3457884115927368,0.1985012327385024,-0.8842570280348547,0,1,1,0,0,0.3,Medium,0.0,1.0,-0.8585208799131832,0,0,1,0.0
527,0.827886662305546,0.42168678787511443,1.220674218596288,0,1,0,0,0,0.0,Low,1.0,0.0,0.8167587031163374,0,0,0,0.0
528,-0.3114971861262739,-0.024684322398109648,0.6399046610530524,0,1,0,0,0,0.0,Low,1.0,0.0,0.5069860651931023,0,0,0,0.0
529,0.36177508794707425,2.4303567841046227,-0.7988343697984801,0,1,0,0,0,0.0,Low,1.0,0.0,-0.9496276844493222,0,0,0,0.0
530,1.5529491113076133,-0.2478698775347217,-0.811885053695704,0,1,0,0,1,0.4,Medium,0.0,0.0,-0.7465345688403929,0,0,0,0.0
531,-0.363287361054993,0.6448723430117265,1.6296380197262863,0,1,0,0,0,0.0,Low,1.0,0.0,1.0437826398822982,0,0,0,0.0
532,1.5011589363788942,1.5376145635581746,2.8971927553025445,0,1,0,0,0,0.0,Low,1.0,0.0,1.5461274799683937,0,0,0,0.0
533,-0.8811891103421838,-0.2478698775347217,-0.7751199777384813,0,1,0,0,0,0.0,Low,0.0,1.0,-0.712491995293587,0,0,0,0.0
534,-0.052546311482678465,-1.3637976532177818,0.8562296335312788,0,2,0,0,0,0.0,Low,1.0,0.0,1.5001575813832901,0,0,0,0.0
535,-0.2597070111975548,1.0912434532849506,-0.5158153179234015,0,1,0,0,0,0.0,Low,1.0,0.0,-0.6652816790488839,0,0,0,0.0
536,-1.08834981005706,-0.6942409878079457,1.6334656553714677,0,1,0,0,0,0.0,Low,1.0,0.0,1.8317337299260057,0,0,0,0.0
537,0.6207259625906697,-0.2478698775347217,-0.47808980202569035,0,1,0,1,0,0.2,Low,1.0,0.0,-0.4374572962196994,0,0,1,0.0
538,0.051034038374759706,0.1985012327385024,0.5260360316380965,0,3,0,0,0,0.0,Low,0.0,1.0,0.32862366262464887,0,0,0,0.0
539,-1.4508810345580938,1.7608001186947866,-0.09395619818067034,0,1,0,0,0,0.0,Low,1.0,0.0,-0.462403300145079,0,0,0,0.0
540,0.6725161375193888,0.1985012327385024,-1.2851135861377894,0,1,0,0,0,0.0,Low,0.0,1.0,-1.195950516986455,0,0,0,0.0
541,-0.4668677109124311,1.7608001186947866,-0.8483958955510327,0,1,0,0,0,0.0,Low,1.0,0.0,-0.944177397937451,0,0,0,0.0
542,1.6565294611650514,-0.4710554326713337,0.5006691179157868,0,1,0,0,0,0.0,Low,1.0,0.0,0.5623537537530195,0,0,0,0.0
543,-1.2437203348432175,-0.2478698775347217,0.3400072896355683,0,1,0,0,1,0.4,Medium,0.0,0.0,0.32005862578494687,0,0,0,0.0
544,1.1386277118778605,0.42168678787511443,0.039248347094999116,0,1,0,0,0,0.0,Low,1.0,0.0,-0.13449323257529958,0,0,0,0.0
545,-0.20791683626883573,-1.1406120980811698,2.28912128003925,0,1,0,0,0,0.0,Low,1.0,0.0,2.9831118524894222,0,0,0,0.0
546,-1.5026712094868129,0.8680578981483386,0.7488157254810757,0,1,0,0,0,0.0,Low,1.0,0.0,0.29722407587610206,0,0,0,0.0
547,-0.052546311482678465,-2.926096539174066,0.564368884556999,0,1,0,0,0,0.0,Low,0.0,1.0,3.2818998455334927,0,0,0,0.0
548,1.6047392862363323,-2.25653987376423,-1.2878395406747638,0,2,0,0,0,0.0,Low,1.0,0.0,-1.0882336461262372,0,0,0,0.0
549,-0.8293989354134648,-0.024684322398109648,0.8251283283995829,0,1,0,0,0,0.0,Low,1.0,0.0,0.670326646387992,0,0,0,0.0
550,0.7760964873768269,-0.6942409878079457,-1.1419091661876235,0,2,0,0,0,0.0,Low,1.0,0.0,-1.0236603279447518,0,0,0,0.0
551,-1.1919301599144982,-0.4710554326713337,-0.24660965225122866,0,1,0,0,0,0.0,Low,1.0,0.0,-0.16600602594021255,0,0,0,0.0
552,-0.41507753598371205,-0.6942409878079457,-1.1385617505126864,0,1,0,0,0,0.0,Low,0.0,1.0,-1.020216400027992,0,0,0,0.0
553,1.5011589363788942,-0.2478698775347217,0.2602060298744048,0,1,0,0,0,0.0,Low,1.0,0.0,0.2461667546595324,0,0,0,0.0
554,1.2939982366640177,-0.4710554326713337,1.150350241189061,0,1,0,0,0,0.0,Low,1.0,0.0,1.1955867836602034,0,0,0,0.0
555,-0.363287361054993,0.6448723430117265,-0.3185296548536791,0,1,0,0,0,0.0,Low,1.0,0.0,-0.45947009877119105,0,0,0,0.0
556,0.7760964873768269,1.5376145635581746,-0.29038029012730754,0,2,0,0,0,0.0,Low,1.0,0.0,-0.5621075581095957,0,0,0,0.0
557,-0.052546311482678465,-0.2478698775347217,-0.8952455908833831,0,1,0,0,0,0.0,Low,0.0,1.0,-0.8237221482000736,0,0,0,0.0
558,-1.7098319092016891,2.207171228968011,1.1205059824500632,0,2,0,0,0,0.0,Low,1.0,0.0,0.20852851786635543,0,0,0,0.0
559,-0.6740284106273075,-2.479725428900842,-1.1093248287948796,0,1,0,0,1,0.4,Medium,0.0,0.0,-0.7356404221771239,0,0,0,0.0
560,1.0868375369491414,-0.024684322398109648,-0.09373021231232004,0,1,0,0,0,0.0,Low,1.0,0.0,-0.13997416573758031,0,0,0,0.0
561,-1.4508810345580938,-0.6942409878079457,-0.33039391294206444,0,2,0,0,0,0.0,Low,1.0,0.0,-0.18874757526396355,0,0,0,0.0
562,-1.5026712094868129,0.8680578981483386,0.14142220782283235,0,1,0,0,0,0.0,Low,0.0,1.0,-0.1527081047790937,0,0,0,0.0
563,-1.606251559344251,0.6448723430117265,0.6730963354669878,0,1,0,0,0,0.0,Low,1.0,0.0,0.3056922150891474,0,0,0,0.0
564,0.9832571870917033,0.8680578981483386,-0.37912211580507577,0,1,0,0,0,0.0,Low,1.0,0.0,-0.5383059681882474,0,0,0,0.0
565,-0.5704480607698693,-0.6942409878079457,0.8358344089126735,0,1,0,0,1,0.4,Medium,0.0,0.0,1.011105285861988,0,0,0,0.0
566,0.9832571870917033,0.42168678787511443,-0.2739539423216026,0,2,0,0,0,0.0,Low,1.0,0.0,-0.3866751859736932,0,0,0,0.0
567,0.1546143882321979,0.1985012327385024,0.10215716319698562,0,1,0,0,0,0.0,Low,1.0,0.0,-0.028185499779986623,0,0,0,0.0
568,-0.8811891103421838,1.7608001186947866,-0.9751457194619497,0,1,0,0,0,0.0,Low,1.0,0.0,-1.0251179718134924,0,0,0,0.0
569,-1.7098319092016891,0.8680578981483386,-0.5782015417048278,0,2,0,0,0,0.0,Low,1.0,0.0,-0.685775833464384,0,0,0,0.0
570,0.879676837234265,0.6448723430117265,-1.1720359072620594,0,2,0,0,0,0.0,Low,1.0,0.0,-1.1180559218150943,0,0,0,0.0
571,0.5689357876619505,-0.4710554326713337,-0.18306525089450748,0,1,0,0,0,0.0,Low,1.0,0.0,-0.1040703895744484,0,0,0,0.0
572,-1.554461384415532,1.0912434532849506,0.591797919328004,0,1,0,0,0,0.0,Low,1.0,0.0,0.12363602464818842,0,0,0,0.0
573,1.4493687614501751,-0.2478698775347217,-0.41852840159864146,0,1,0,0,0,0.0,Low,0.0,1.0,-0.3823064961248548,0,0,0,0.0
574,1.6047392862363323,0.8680578981483386,-0.3251114932693786,0,1,0,0,0,0.0,Low,1.0,0.0,-0.4982971164808372,0,0,0,0.0
575,-0.10433648641139755,-0.4710554326713337,0.16166206715694684,0,1,0,0,0,0.0,Low,1.0,0.0,0.2319294052197739,0,0,0,0.0
576,-0.0007561365539593763,0.1985012327385024,0.2881576569659698,0,1,0,0,0,0.0,Low,1.0,0.0,0.12838441990634974,0,0,0,0.0
577,0.25819473808963606,-0.9174265429445578,-1.1835188141976039,0,1,0,0,0,0.0,Low,1.0,0.0,-1.0522468956588733,0,0,0,0.0
578,-0.41507753598371205,-0.024684322398109648,-0.7016886946414389,0,1,0,0,0,0.0,Low,1.0,0.0,-0.676105931556769,0,0,0,0.0
579,-0.0007561365539593763,-0.4710554326713337,-1.140849857429732,0,1,0,0,0,0.0,Low,0.0,1.0,-1.037606591671626,0,0,0,0.0
580,1.0350473620204224,1.0912434532849506,-0.560263913404531,0,1,0,0,0,0.0,Low,1.0,0.0,-0.6969410008231084,0,0,0,0.0
581,-1.606251559344251,1.9839856738313988,1.847135293896579,0,1,0,0,0,0.0,Low,0.0,1.0,0.7076356578956307,0,0,0,0.0
582,0.827886662305546,0.42168678787511443,0.6113033245899806,0,1,0,0,0,0.0,Low,0.0,1.0,0.32610985543109283,0,0,0,0.0
583,-1.1401399849857792,-0.9174265429445578,-0.24918024150371224,0,1,0,0,0,0.0,Low,1.0,0.0,-0.034423874588928226,0,0,0,0.0
584,1.6047392862363323,-0.4710554326713337,2.4622123310787294,0,1,0,0,0,0.0,Low,1.0,0.0,2.4742362260448543,0,0,0,0.0
585,1.0350473620204224,-2.033354318627618,0.054347027924146765,0,1,0,0,0,0.0,Low,1.0,0.0,0.9647575723999411,0,0,0,0.0
586,-1.5026712094868129,-0.024684322398109648,3.8743838982823418,0,1,0,0,0,0.0,Low,1.0,0.0,3.359330617271382,0,0,0,0.0
587,1.1904178868065796,1.0912434532849506,-0.11419605751478482,0,1,0,0,0,0.0,Low,0.0,1.0,-0.37922104522299444,0,0,0,0.0
588,-0.8811891103421838,1.9839856738313988,-0.7045276421125883,0,2,0,0,0,0.0,Low,0.0,1.0,-0.8675036267671848,0,0,0,0.0
589,0.6725161375193888,1.9839856738313988,-1.0072498368844496,0,2,0,0,0,0.0,Low,1.0,0.0,-1.0543737711720234,0,0,0,0.0
590,-0.5704480607698693,0.42168678787511443,0.46188429326018415,0,1,0,0,0,0.0,Low,1.0,0.0,0.20580172081997172,0,0,0,0.0
591,-1.036559635128341,0.8680578981483386,-0.5674107164911059,0,1,0,0,0,0.0,Low,0.0,1.0,-0.6777824331755605,0,0,0,0.0
592,1.6565294611650514,-1.586983208354394,-0.11611693739576151,0,2,0,0,1,0.4,Medium,0.0,0.0,0.4145542783205022,0,0,0,0.0
593,0.879676837234265,-0.6942409878079457,0.25430214906375614,0,2,0,0,0,0.0,Low,1.0,0.0,0.4128063655381565,0,0,0,0.0
594,0.20640456316091696,0.1985012327385024,-0.8516444424085668,0,3,0,0,0,0.0,Low,1.0,0.0,-0.8310685339069751,0,0,0,0.0
595,1.5529491113076133,-0.9174265429445578,0.036310530806446646,0,1,0,0,0,0.0,Low,1.0,0.0,0.2765758945017539,0,0,0,0.0
596,0.20640456316091696,-1.3637976532177818,-0.40512461478212036,0,3,0,0,1,0.4,Medium,0.0,0.0,-0.05710815333178473,0,0,0,0.0
597,0.827886662305546,1.0912434532849506,-1.1227286156114005,0,1,0,0,0,0.0,Low,1.0,0.0,-1.0975667304115873,0,0,0,0.0
598,-0.20791683626883573,-0.024684322398109648,0.31951319619955976,0,1,0,0,0,0.0,Low,1.0,0.0,0.22444696622826446,0,0,0,0.0
599,0.879676837234265,-0.9174265429445578,0.48451112832874765,0,1,0,0,0,0.0,Low,1.0,0.0,0.7648238375361681,0,0,0,0.0
600,1.5011589363788942,0.1985012327385024,1.442493472498779,0,1,0,0,0,0.0,Low,1.0,0.0,1.1000714421650573,0,0,0,0.0
601,0.9314670121629842,0.8680578981483386,-0.9945098835562073,0,1,0,0,0,0.0,Low,1.0,0.0,-0.9941599610992993,0,0,0,0.0
602,0.20640456316091696,-1.3637976532177818,2.9596354755510585,0,1,0,0,1,0.4,Medium,0.0,0.0,4.097018731497766,0,0,0,0.0
603,-0.20791683626883573,0.42168678787511443,-0.7983965221785516,0,2,0,0,0,0.0,Low,1.0,0.0,-0.8089420681218674,0,0,0,0.0
604,0.879676837234265,1.0912434532849506,-1.2655093120584098,0,1,0,0,0,0.0,Low,1.0,0.0,-1.1992648822436924,0,0,0,0.0
605,-1.5026712094868129,-0.2478698775347217,-0.21057903036614406,0,3,0,0,0,0.0,Low,1.0,0.0,-0.18975605035857585,0,0,0,0.0
606,-0.2597070111975548,-0.2478698775347217,0.1421425377781986,0,1,0,0,0,0.0,Low,1.0,0.0,0.1368460200157557,0,0,0,0.0
607,-1.554461384415532,-2.033354318627618,-0.3717210786166068,0,1,0,0,0,0.0,Low,1.0,0.0,0.3072289044444102,0,0,0,0.0
608,-1.2437203348432175,-0.2478698775347217,-1.0003431437829968,0,1,0,0,0,0.0,Low,1.0,0.0,-0.9210370885618803,0,0,0,0.0
609,1.1386277118778605,-0.6942409878079457,-0.6201642926341051,0,1,0,0,0,0.0,Low,1.0,0.0,-0.4868725758557042,0,0,0,0.0
610,-0.8811891103421838,0.8680578981483386,0.07553320308197778,0,2,0,0,0,0.0,Low,1.0,0.0,-0.20151597434370386,0,0,0,0.0
611,-0.8811891103421838,-1.586983208354394,3.387497344921841,0,1,0,0,0,0.0,Low,1.0,0.0,5.049078591721051,0,0,0,0.0
612,-0.0007561365539593763,-1.1406120980811698,-0.980004415631479,0,1,0,0,0,0.0,Low,1.0,0.0,-0.8006914251820462,0,0,0,0.0
613,-1.4508810345580938,-0.024684322398109648,-0.7101066682374838,0,2,0,0,1,0.4,Medium,0.0,0.0,-0.6835293711169455,0,0,0,0.0
614,0.9832571870917033,-0.2478698775347217,-1.0816556840387523,0,1,0,0,0,0.0,Low,0.0,1.0,-0.99632832786613,0,0,0,0.0
615,1.6565294611650514,-1.1406120980811698,-0.5619023109500698,0,1,0,0,0,0.0,Low,1.0,0.0,-0.31676506034697616,0,0,0,0.0
616,0.4653554378045124,-1.1406120980811698,-0.3137980757350968,0,1,0,0,0,0.0,Low,1.0,0.0,-0.029600324021969816,0,0,0,0.0
617,-0.5704480607698693,-0.024684322398109648,0.9408472171116561,0,1,0,0,0,0.0,Low,0.0,1.0,0.7723740294694112,0,0,0,0.0
618,1.0868375369491414,-0.4710554326713337,0.09741145996163128,0,1,0,0,0,0.0,Low,1.0,0.0,0.16930544215512372,0,0,0,0.0
619,-0.9329792852709029,0.1985012327385024,1.7455970184234813,0,1,0,0,0,0.0,Low,0.0,1.0,1.355215376895772,0,0,0,0.0
620,-1.3473006847006557,-0.4710554326713337,-0.2748861340285471,0,1,0,0,0,0.0,Low,0.0,1.0,-0.19356662696360877,0,0,0,0.0
621,-1.554461384415532,1.5376145635581746,-1.3891800785130555,0,1,0,0,0,0.0,Low,1.0,0.0,-1.288844853441168,0,0,0,0.0
622,-1.554461384415532,-0.6942409878079457,0.1490774791131954,0,2,0,1,0,0.2,Low,1.0,0.0,0.30454787195224936,0,0,1,0.0
623,1.1386277118778605,0.1985012327385024,-1.2046202446548033,0,2,0,0,1,0.4,Medium,0.0,0.0,-1.1281935140027484,0,0,0,0.0
624,-0.4668677109124311,0.42168678787511443,0.8900992655502648,0,1,0,0,0,0.0,Low,1.0,0.0,0.5505887541066687,0,0,0,0.0
625,1.7083196360937705,1.7608001186947866,-0.27371383233648056,0,1,0,1,0,0.2,Low,1.0,0.0,-0.5771938822400621,0,0,1,0.0
626,1.7083196360937705,-1.3637976532177818,-0.7365752630680007,0,1,0,0,0,0.0,Low,1.0,0.0,-0.4663165402816608,0,0,0,0.0
627,-0.363287361054993,0.1985012327385024,-1.0315998141991833,0,1,1,0,0,0.3,Medium,1.0,0.0,-0.9825498420339107,0,0,1,0.0
628,-0.10433648641139755,-1.3637976532177818,-0.6487797532139489,0,1,0,0,0,0.0,Low,1.0,0.0,-0.35792435835468117,0,0,0,0.0
629,0.827886662305546,-0.6942409878079457,-0.314659646858182,0,2,0,0,0,0.0,Low,1.0,0.0,-0.17255966092105074,0,0,0,0.0
630,1.3975785865214558,-0.6942409878079457,2.555713984108624,0,2,0,0,1,0.4,Medium,0.0,0.0,2.7805721993468624,0,0,0,0.0
631,0.879676837234265,2.653542339241235,-0.38643840829291337,0,1,0,0,0,0.0,Low,1.0,0.0,-0.7290664433182964,0,0,0,0.0
632,-0.7776087604847457,1.3144290084215626,-0.02918299866479497,0,1,0,0,0,0.0,Low,1.0,0.0,-0.35532034197205103,0,0,0,0.0
633,-0.6740284106273075,2.207171228968011,-0.339334478858669,0,1,0,0,0,0.0,Low,1.0,0.0,-0.6635600936986551,0,0,0,0.0
634,-1.5026712094868129,-0.2478698775347217,-0.026909015864521088,0,2,0,0,0,0.0,Low,1.0,0.0,-0.019687042904613396,0,0,0,0.0
635,0.4135652628757933,0.1985012327385024,-0.08892801260987837,0,2,0,0,0,0.0,Low,1.0,0.0,-0.18903556003030555,0,0,0,0.0
636,1.3975785865214558,0.1985012327385024,-0.2580078144861418,0,1,0,0,1,0.4,Medium,0.0,0.0,-0.33136212306205715,0,0,0,0.0
637,-0.6222382356985884,-2.479725428900842,-0.7563349024318712,0,1,0,0,0,0.0,Low,0.0,1.0,-0.08193930955186504,0,0,0,0.0
638,-0.6740284106273075,-0.2478698775347217,0.5114740672462808,0,1,0,0,0,0.0,Low,1.0,0.0,0.4788280621499967,0,0,0,0.0
639,-1.7098319092016891,0.42168678787511443,-0.9801456567991979,0,1,0,0,0,0.0,Low,1.0,0.0,-0.9552815213949466,0,0,0,0.0
640,-1.5026712094868129,-0.2478698775347217,0.2659262971670191,0,1,0,0,0,0.0,Low,1.0,0.0,0.25146342860746035,0,0,0,0.0
641,-1.1401399849857792,0.1985012327385024,0.5378720414929383,0,1,0,0,0,0.0,Low,1.0,0.0,0.33858687871525206,0,0,0,0.0
642,0.6207259625906697,2.207171228968011,-1.252811731080483,0,1,0,0,0,0.0,Low,1.0,0.0,-1.2092588393493746,0,0,0,0.0
643,-0.0007561365539593763,0.6448723430117265,-1.0194389496585885,0,1,0,0,0,0.0,Low,1.0,0.0,-1.0003084622813219,0,0,0,0.0
644,0.7760964873768269,-1.586983208354394,-1.2243233875515862,0,1,0,0,1,0.4,Medium,0.0,0.0,-1.0513632924107907,0,0,0,0.0
645,0.5689357876619505,1.9839856738313988,1.3570425660288605,0,1,0,0,0,0.0,Low,1.0,0.0,0.40510184831678075,0,0,0,0.0
646,-0.363287361054993,0.1985012327385024,-0.6732992199299453,0,1,0,0,0,0.0,Low,1.0,0.0,-0.6809426036253006,0,0,0,0.0
647,-0.41507753598371205,-0.4710554326713337,1.2557302764241125,0,1,0,0,0,0.0,Low,0.0,1.0,1.298298893667976,0,0,0,0.0
648,0.6725161375193888,0.1985012327385024,-0.5327925062832101,0,2,0,0,0,0.0,Low,1.0,0.0,-0.5626680527072601,0,0,0,0.0
649,1.1386277118778605,-0.9174265429445578,-0.9449766060371985,0,1,0,0,0,0.0,Low,1.0,0.0,-0.792390610091539,0,0,0,0.0
650,1.5011589363788942,1.9839856738313988,-0.7856000723832216,0,1,0,0,0,0.0,Low,1.0,0.0,-0.9175495666208578,0,0,0,0.0
651,0.7243063124481078,-0.2478698775347217,-0.10768483968294473,0,1,0,0,0,0.0,Low,1.0,0.0,-0.09448131033226727,0,0,0,0.0
652,1.3975785865214558,1.0912434532849506,0.5229852224153688,0,1,0,0,0,0.0,Low,0.0,1.0,0.07462292783089503,0,0,0,0.0
653,-0.41507753598371205,1.0912434532849506,-0.22796581811233746,0,1,0,0,0,0.0,Low,1.0,0.0,-0.46025562955454147,0,0,0,0.0
654,0.1028242133034788,1.3144290084215626,0.8339700254987844,0,1,0,0,0,0.0,Low,0.0,1.0,0.2367058826384141,0,0,0,0.0
655,-1.7098319092016891,-1.1406120980811698,-0.40522348359952365,0,2,0,0,0,0.0,Low,1.0,0.0,-0.1354193686668387,0,0,0,0.0
656,-1.3473006847006557,-0.6942409878079457,-0.312018437021839,0,1,0,0,0,0.0,Low,1.0,0.0,-0.16984230007533735,0,0,0,0.0
657,0.9314670121629842,1.3144290084215626,-0.8210798537142027,0,2,0,0,0,0.0,Low,0.0,1.0,-0.8984728216034648,0,0,0,0.0
658,0.6725161375193888,-0.2478698775347217,-0.8767429979122108,0,1,0,0,0,0.0,Low,1.0,0.0,-0.8065896966648006,0,0,0,0.0
659,1.1386277118778605,-0.4710554326713337,0.6168823507148758,0,1,0,0,0,0.0,Low,1.0,0.0,0.675624795321703,0,0,0,0.0
660,-1.036559635128341,1.9839856738313988,-0.9786343763046059,0,1,0,0,0,0.0,Low,1.0,0.0,-1.0367094725407444,0,0,0,0.0
661,-0.3114971861262739,-0.4710554326713337,-0.534685137930643,0,2,0,0,0,0.0,Low,1.0,0.0,-0.44678825294979835,0,0,0,0.0
662,-1.65804173427297,-0.6942409878079457,0.6872628245891907,0,3,0,1,0,0.2,Low,1.0,0.0,0.8582501054552563,0,0,1,0.0
663,-0.41507753598371205,0.8680578981483386,-1.178984972713828,0,2,0,0,0,0.0,Low,1.0,0.0,-1.1308115333143842,0,0,0,0.0
664,-1.036559635128341,0.8680578981483386,1.4067877052994475,0,1,0,0,0,0.0,Low,1.0,0.0,0.7846227047437024,0,0,0,0.0
665,1.2939982366640177,0.8680578981483386,-0.9380557888189736,0,1,0,0,0,0.0,Low,1.0,0.0,-0.9523410855044985,0,0,0,0.0
666,1.1386277118778605,0.8680578981483386,1.4144147283562667,0,1,0,0,1,0.4,Medium,0.0,0.0,0.790272490288159,0,0,0,0.0
667,-1.3990908596293747,-0.9174265429445578,-0.979368830376744,0,1,0,0,0,0.0,Low,1.0,0.0,-0.8298558274138469,0,0,0,0.0
668,-1.606251559344251,-0.4710554326713337,0.6134219421057637,0,1,0,0,0,0.0,Low,0.0,1.0,0.672251994497162,0,0,0,0.0
669,-0.5704480607698693,1.7608001186947866,-0.6909543658948045,0,1,0,0,0,0.0,Low,1.0,0.0,-0.8436375520497497,0,0,0,0.0
670,-0.8293989354134648,0.8680578981483386,2.6595121182652237,0,1,0,0,0,0.0,Low,1.0,0.0,1.7125895178548536,0,0,0,0.0
671,0.20640456316091696,1.7608001186947866,-0.45756746035613804,0,1,0,0,0,0.0,Low,0.0,1.0,-0.694600105790812,0,0,0,0.0
672,-0.984769460199622,0.6448723430117265,-1.0331534670440912,0,1,0,0,0,0.0,Low,1.0,0.0,-1.0108909116711122,0,0,0,0.0
673,1.5529491113076133,-0.9174265429445578,0.26699973004168254,0,2,0,0,0,0.0,Low,1.0,0.0,0.5278774938961094,0,0,0,0.0
674,-0.3114971861262739,-0.2478698775347217,-0.6206021402540336,0,1,0,0,0,0.0,Low,1.0,0.0,-0.5694164076631385,0,0,0,0.0
675,0.25819473808963606,0.1985012327385024,0.39240776285927054,0,1,0,1,0,0.2,Low,1.0,0.0,0.2161391907473287,0,0,1,0.0
676,1.1904178868065796,-0.6942409878079457,1.3847117107849878,0,1,0,0,0,0.0,Low,1.0,0.0,1.575807744820637,0,0,0,0.0
677,-0.8811891103421838,0.42168678787511443,0.6532801996360296,0,1,0,0,0,0.0,Low,1.0,0.0,0.35990849198126296,0,0,0,0.0
678,0.5171456127332315,0.8680578981483386,-1.1948322317318856,0,1,0,0,0,0.0,Low,0.0,1.0,-1.142550532167866,0,0,0,0.0
679,-0.4668677109124311,0.8680578981483386,-0.9880692863082268,0,2,0,0,0,0.0,Low,1.0,0.0,-0.9893890310839806,0,0,0,0.0
680,-0.8811891103421838,-0.6942409878079457,-0.000157938698566383,0,1,0,0,1,0.4,Medium,0.0,0.0,0.15100971849873332,0,0,0,0.0
681,-1.08834981005706,-1.3637976532177818,0.111606197317378,0,1,0,0,1,0.4,Medium,0.0,0.0,0.5808467977297573,0,0,0,0.0
682,-0.4668677109124311,1.3144290084215626,-1.0705823764895925,0,1,0,0,0,0.0,Low,1.0,0.0,-1.0696035857372497,0,0,0,0.0
683,-1.2437203348432175,1.0912434532849506,-0.9466856241665969,0,1,0,0,0,0.0,Low,1.0,0.0,-0.972176903085901,0,0,0,0.0
684,1.7083196360937705,-1.1406120980811698,1.5295686523974645,0,1,0,0,0,0.0,Low,0.0,1.0,2.103978411447075,0,0,0,0.0
685,-0.8293989354134648,-0.024684322398109648,-0.7606992545143842,0,1,0,1,1,0.6000000000000001,High,0.0,0.0,-0.7281447410910262,0,0,1,0.0
686,-0.0007561365539593763,-1.3637976532177818,0.5129570995073289,0,1,0,0,0,0.0,Low,1.0,0.0,1.0763539151102353,0,0,0,0.0
687,-1.3473006847006557,-1.810168763491006,1.1143902398878356,0,3,0,0,0,0.0,Low,1.0,0.0,2.2999804979190217,0,0,0,0.0
688,0.3099849130183551,-0.2478698775347217,-0.7818289332051277,0,1,0,0,0,0.0,Low,1.0,0.0,-0.7187041437510333,0,0,0,0.0
689,0.4135652628757933,1.7608001186947866,-0.3425689015994314,0,1,0,0,0,0.0,Low,1.0,0.0,-0.6211637170568328,0,0,0,0.0
690,0.36177508794707425,0.8680578981483386,0.5169824727873167,0,1,0,0,0,0.0,Low,1.0,0.0,0.12549152045627163,0,0,0,0.0
691,-1.4508810345580938,0.6448723430117265,-1.1971768351160188,0,1,0,0,0,0.0,Low,1.0,0.0,-1.137455262612032,0,0,0,0.0
692,0.9314670121629842,1.9839856738313988,-0.5000951759562908,0,1,0,0,0,0.0,Low,1.0,0.0,-0.7413076453312855,0,0,0,0.0
693,-0.41507753598371205,1.0912434532849506,1.2958427680562725,0,2,0,0,0,0.0,Low,1.0,0.0,0.6251047925159255,0,0,0,0.0
694,1.5529491113076133,-1.586983208354394,0.08356982552518176,0,2,0,0,0,0.0,Low,1.0,0.0,0.6786966990464459,0,0,0,0.0
695,1.2939982366640177,-1.1406120980811698,0.09595667593412693,0,1,0,0,0,0.0,Low,1.0,0.0,0.4446645151858613,0,0,0,0.0
696,1.1386277118778605,1.0912434532849506,0.8420772685258477,0,1,0,0,0,0.0,Low,1.0,0.0,0.30190205001814663,0,0,0,0.0
697,1.2939982366640177,-0.024684322398109648,-0.7010813576202478,0,3,0,0,0,0.0,Low,1.0,0.0,-0.6755703478301119,0,0,0,0.0
698,-0.052546311482678465,1.3144290084215626,-0.9626882484691451,0,2,0,0,0,0.0,Low,1.0,0.0,-0.9956003076609415,0,0,0,0.0
699,0.9832571870917033,-0.6942409878079457,0.021409587612105565,0,1,0,0,0,0.0,Low,1.0,0.0,0.17319907684848912,0,0,0,0.0
700,-0.6222382356985884,-0.9174265429445578,-0.6537373182008813,0,1,0,0,0,0.0,Low,1.0,0.0,-0.4751286876332267,0,0,0,0.0
701,-0.6740284106273075,-0.024684322398109648,-0.6949797391747925,0,2,0,0,1,0.4,Medium,0.0,0.0,-0.6701895996925344,0,0,0,0.0
702,-1.554461384415532,1.5376145635581746,-0.9763321452707884,0,1,0,0,0,0.0,Low,1.0,0.0,-1.0157905686123612,0,0,0,0.0
703,1.4493687614501751,-1.1406120980811698,0.25564394015708514,0,1,0,0,0,0.0,Low,1.0,0.0,0.6294922795539885,0,0,0,0.0
704,1.4493687614501751,-0.2478698775347217,-0.43460164648504923,0,1,0,0,0,0.0,Low,1.0,0.0,-0.3971894960081684,0,0,0,0.0
705,-0.5186578858411502,-0.9174265429445578,-0.9668124905665363,0,2,0,0,1,0.4,Medium,0.0,0.0,-0.8161775612128072,0,0,0,0.0
706,1.0868375369491414,0.42168678787511443,0.9390110819313108,0,1,0,0,0,0.0,Low,1.0,0.0,0.5899712165471936,0,0,0,0.0
707,-1.2955105097719366,0.42168678787511443,-0.5469024989383255,0,1,0,0,0,0.0,Low,1.0,0.0,-0.6064459300288888,0,0,0,0.0
708,-1.606251559344251,-1.3637976532177818,0.2853469577283642,0,1,0,0,0,0.0,Low,1.0,0.0,0.7953468347123466,0,0,0,0.0
709,-0.15612666134011663,-0.9174265429445578,2.018305465055082,0,2,0,0,0,0.0,Low,1.0,0.0,2.4356648272276304,0,0,0,0.0
710,0.3099849130183551,-2.033354318627618,0.9113701854087269,0,1,0,0,0,0.0,Low,1.0,0.0,2.2873566745084646,0,0,0,0.0
711,0.1028242133034788,0.6448723430117265,1.7686758252287453,0,2,0,0,0,0.0,Low,1.0,0.0,1.1510675335930032,0,0,0,0.0
712,-0.5186578858411502,0.1985012327385024,0.879294316219771,0,2,0,0,0,0.0,Low,1.0,0.0,0.6259864283073102,0,0,0,0.0
713,-1.4508810345580938,-0.6942409878079457,-0.49645115382914384,0,1,0,0,0,0.0,Low,1.0,0.0,-0.35959255634980364,0,0,0,0.0
714,1.6565294611650514,0.1985012327385024,-0.8517998076930576,0,1,0,0,0,0.0,Low,1.0,0.0,-0.8311993159797636,0,0,0,0.0
715,-1.554461384415532,0.1985012327385024,-0.5343179108945739,0,1,0,0,0,0.0,Low,1.0,0.0,-0.5639520948764548,0,0,0,0.0
716,-1.4508810345580938,-1.1406120980811698,-0.48136659711676827,0,2,0,0,0,0.0,Low,0.0,1.0,-0.223550137967084,0,0,0,0.0
717,0.879676837234265,-0.4710554326713337,1.3719576333399734,0,1,0,0,0,0.0,Low,1.0,0.0,1.4115837017706374,0,0,0,0.0
718,1.4493687614501751,0.8680578981483386,-0.6375087080299828,0,1,0,0,0,0.0,Low,0.0,1.0,-0.7297081473554445,0,0,0,0.0
719,1.1904178868065796,1.9839856738313988,-1.0670937196469366,0,1,0,0,0,0.0,Low,1.0,0.0,-1.0913153473323043,0,0,0,0.0
720,1.6565294611650514,-0.2478698775347217,-0.03767159284469925,0,1,0,0,0,0.0,Low,1.0,0.0,-0.02965263685108522,0,0,0,0.0
721,-1.3473006847006557,0.1985012327385024,-0.21031067214747828,0,1,0,0,0,0.0,Low,1.0,0.0,-0.2912120267160354,0,0,0,0.0
722,-0.41507753598371205,-2.25653987376423,-0.8261645357520822,0,1,0,0,1,0.4,Medium,0.0,0.0,-0.3109838982657642,0,0,0,0.0
723,0.879676837234265,-0.6942409878079457,-0.5786393893247564,0,1,0,0,0,0.0,Low,1.0,0.0,-0.4441504320781785,0,0,0,0.0
724,0.5689357876619505,0.42168678787511443,1.8353275322752818,0,2,0,0,0,0.0,Low,1.0,0.0,1.3116608112557429,0,0,0,0.0
725,0.5171456127332315,0.1985012327385024,0.25053100988566207,0,1,0,0,0,0.0,Low,1.0,0.0,0.0967113797328819,0,0,0,0.0
726,-1.5026712094868129,1.3144290084215626,-0.5233717203963613,0,1,0,0,0,0.0,Low,1.0,0.0,-0.6942784119565969,0,0,0,0.0
727,-0.41507753598371205,-0.4710554326713337,-0.8295543237773351,0,2,0,0,0,0.0,Low,1.0,0.0,-0.7341921828026677,0,0,0,0.0
728,-0.7776087604847457,1.0912434532849506,3.010722405914974,0,1,0,0,0,0.0,Low,1.0,0.0,1.8465590515618326,0,0,0,0.0
729,-0.7258185855560266,0.6448723430117265,2.2927088056993097,0,1,0,0,0,0.0,Low,1.0,0.0,1.5554239056424315,0,0,0,0.0
730,-1.1401399849857792,-0.4710554326713337,0.774860596808436,0,2,0,0,0,0.0,Low,1.0,0.0,0.8296034778625063,0,0,0,0.0
731,0.6725161375193888,0.42168678787511443,-0.44594331225287476,0,2,1,0,0,0.3,Medium,1.0,0.0,-0.5251563425253163,0,0,1,0.0
732,-1.7098319092016891,-0.9174265429445578,-0.8543280245952254,0,1,0,0,0,0.0,Low,1.0,0.0,-0.693642452073234,0,0,0,0.0
733,-1.036559635128341,0.1985012327385024,-0.8352180946028619,0,2,0,0,0,0.0,Low,1.0,0.0,-0.8172413020294439,0,0,0,0.0
734,1.5529491113076133,0.1985012327385024,-0.4553782222564956,0,1,0,0,0,0.0,Low,1.0,0.0,-0.49750291262063157,0,0,0,0.0
735,0.20640456316091696,3.099913449514459,-0.6398956837644318,0,1,0,0,0,0.0,Low,1.0,0.0,-0.8962707006064191,0,0,0,0.0
736,0.1546143882321979,1.5376145635581746,-0.27247091006055446,0,2,0,0,0,0.0,Low,1.0,0.0,-0.5502624389456229,0,0,0,0.0
737,-1.1919301599144982,-0.4710554326713337,-0.3149986256607073,0,1,0,0,1,0.4,Medium,0.0,0.0,-0.23266358346033492,0,0,0,0.0
738,-1.606251559344251,1.5376145635581746,-0.9296943116900163,0,1,0,0,1,0.4,Medium,0.0,0.0,-0.9849446825875674,0,0,0,0.0
739,-0.052546311482678465,0.1985012327385024,-0.913804680321643,0,1,0,0,0,0.0,Low,0.0,1.0,-0.883393252301657,0,0,0,0.0
740,-1.4508810345580938,1.0912434532849506,-0.5163661584775051,0,1,0,0,0,0.0,Low,1.0,0.0,-0.6656740252672488,0,0,0,0.0
741,0.827886662305546,1.0912434532849506,-0.33755484014541126,0,1,0,0,0,0.0,Low,1.0,0.0,-0.5383124066902922,0,0,0,0.0
742,-1.2437203348432175,-0.2478698775347217,1.6526462059476907,0,1,0,0,0,0.0,Low,1.0,0.0,1.535494897450701,0,0,0,0.0
743,-1.5026712094868129,-1.1406120980811698,0.021593201130140096,0,1,0,0,0,0.0,Low,1.0,0.0,0.3585935635320324,0,0,0,0.0
744,-0.5704480607698693,1.0912434532849506,-0.017629471145391033,0,1,0,0,0,0.0,Low,1.0,0.0,-0.3104397350957707,0,0,0,0.0
745,-1.2437203348432175,0.1985012327385024,0.06405029614643354,0,1,0,0,0,0.0,Low,0.0,1.0,-0.0602627754511641,0,0,0,0.0
746,0.5171456127332315,-1.3637976532177818,1.1679206424532889,0,1,0,0,0,0.0,Low,0.0,1.0,1.8849707523557142,0,0,0,0.0
747,-1.65804173427297,-0.2478698775347217,8.2527188563997,0,1,0,0,0,0.0,Low,0.0,1.0,7.646823454984507,1,0,0,0.0
748,-1.08834981005706,1.3144290084215626,-0.6891606030647749,0,2,0,0,0,0.0,Low,1.0,0.0,-0.8079910023558252,0,0,0,0.0
749,0.3099849130183551,0.8680578981483386,2.7862901904096846,0,1,0,0,0,0.0,Low,1.0,0.0,1.8065015086827076,0,0,0,0.0
750,-1.65804173427297,-1.586983208354394,-1.1147908619856,0,1,0,0,0,0.0,Low,1.0,0.0,-0.906475438914561,0,0,0,0.0
751,1.6047392862363323,-0.6942409878079457,-0.508725011303914,0,1,0,0,0,0.0,Low,1.0,0.0,-0.3722202920445893,0,0,0,0.0
752,1.5011589363788942,-1.586983208354394,-0.9757671805999127,0,1,0,0,0,0.0,Low,1.0,0.0,-0.7225771614208938,0,0,0,0.0
753,-0.8811891103421838,0.8680578981483386,0.47280223552485307,0,1,0,0,0,0.0,Low,1.0,0.0,0.09276461456171631,0,0,0,0.0
754,-1.2955105097719366,0.42168678787511443,0.8662295082057753,0,1,0,1,0,0.2,Low,1.0,0.0,0.5313694755838598,0,0,1,0.0
755,-0.984769460199622,-1.586983208354394,-1.0663592655747982,0,1,0,0,0,0.0,Low,1.0,0.0,-0.8424109064015278,0,0,0,0.0
756,-0.5186578858411502,0.42168678787511443,1.0669614557678382,0,1,0,0,0,0.0,Low,1.0,0.0,0.6929933728419421,0,0,0,0.0
757,0.20640456316091696,-0.2478698775347217,0.09060363567758167,0,1,0,0,0,0.0,Low,0.0,1.0,0.08912364165528894,0,0,0,0.0
758,0.051034038374759706,0.8680578981483386,0.679946532101353,0,1,0,0,0,0.0,Low,1.0,0.0,0.24620860492282476,0,0,0,0.0
759,0.7760964873768269,-0.024684322398109648,1.3230034446086119,0,1,0,0,0,0.0,Low,0.0,1.0,1.1093807478917181,0,0,0,0.0
760,1.4493687614501751,-0.4710554326713337,0.5116294325307714,0,3,0,0,0,0.0,Low,1.0,0.0,0.5730365841197307,0,0,0,0.0
761,1.3457884115927368,-0.024684322398109648,-1.1298047981141162,0,3,0,0,0,0.0,Low,1.0,0.0,-1.053642637107959,0,0,0,0.0
762,0.827886662305546,-0.9174265429445578,-0.5811111097598367,0,1,0,0,0,0.0,Low,1.0,0.0,-0.3960132266593838,0,0,0,0.0
763,-1.2955105097719366,-0.4710554326713337,-1.087842047184839,0,2,0,0,0,0.0,Low,1.0,0.0,-0.9859407896532412,0,0,0,0.0
764,-0.0007561365539593763,-0.4710554326713337,-1.2719357851896187,0,1,0,0,1,0.4,Medium,0.0,0.0,-1.165373793518849,0,0,0,0.0
765,0.051034038374759706,-0.4710554326713337,-1.0028854848019366,0,1,0,0,0,0.0,Low,1.0,0.0,-0.9031350877772527,0,0,0,0.0
766,-1.7098319092016891,1.5376145635581746,-0.5252926002773379,0,1,0,1,0,0.2,Low,1.0,0.0,-0.7174766605821484,0,0,1,0.0
767,0.3099849130183551,-0.6942409878079457,2.5748521623345306,0,1,0,0,0,0.0,Low,1.0,0.0,2.8002621669722183,0,0,0,0.0
768,1.5529491113076133,1.7608001186947866,-0.28578995217644415,0,1,0,0,0,0.0,Low,0.0,1.0,-0.5849055148079264,0,0,0,0.0
769,-0.6222382356985884,0.1985012327385024,0.09920522279166095,0,1,0,0,0,0.0,Low,1.0,0.0,-0.030670359162965316,0,0,0,0.0
770,1.3457884115927368,-2.033354318627618,-0.6692597225331856,0,3,0,0,0,0.0,Low,0.0,1.0,-0.15194695311546552,0,0,0,0.0
771,1.5529491113076133,-1.3637976532177818,-0.43748296630651423,0,2,0,0,0,0.0,Low,1.0,0.0,-0.0970577171661975,0,0,0,0.0
772,-1.1919301599144982,0.8680578981483386,-0.19731648471734187,0,2,0,0,0,0.0,Low,1.0,0.0,-0.4036318209137222,0,0,0,0.0
773,-1.036559635128341,-0.4710554326713337,-0.4801095507240703,0,2,0,0,0,0.0,Low,1.0,0.0,-0.39359436565988676,0,0,0,0.0
774,1.3457884115927368,-0.6942409878079457,0.3380016650539605,0,2,0,0,0,0.0,Low,1.0,0.0,0.4989190947985705,0,0,0,0.0
775,-0.20791683626883573,0.1985012327385024,-0.7359679260468095,0,1,0,0,0,0.0,Low,1.0,0.0,-0.7336953360763809,0,0,0,0.0
776,0.051034038374759706,-0.024684322398109648,-1.1125874997691856,0,1,0,0,0,0.0,Low,0.0,1.0,-1.0384594612290075,0,0,0,0.0
777,0.1546143882321979,-0.2478698775347217,-1.1775866851534111,0,1,0,0,0,0.0,Low,1.0,0.0,-1.0851555117039733,0,0,0,0.0
778,-1.5026712094868129,-0.6942409878079457,0.7446067386830532,0,1,0,0,0,0.0,Low,1.0,0.0,0.9172473516242201,0,0,0,0.0
779,-0.41507753598371205,-0.4710554326713337,-1.3513698179147131,0,1,0,0,0,0.0,Low,1.0,0.0,-1.2427967806095488,0,0,0,0.0
780,1.4493687614501751,-0.4710554326713337,-0.4511127389913855,0,2,0,0,0,0.0,Low,1.0,0.0,-0.36533167140362643,0,0,0,0.0
781,-1.554461384415532,-1.810168763491006,-0.9875043216373511,0,3,0,0,0,0.0,Low,1.0,0.0,-0.6942448780917794,0,0,0,0.0
782,0.4135652628757933,1.3144290084215626,0.384808988035995,0,1,0,0,0,0.0,Low,1.0,0.0,-0.071368243046188,0,0,0,0.0
783,-0.8293989354134648,-0.4710554326713337,-0.2588976338427707,0,1,0,0,0,0.0,Low,1.0,0.0,-0.17798291050082937,0,0,0,0.0
784,0.3099849130183551,0.42168678787511443,-0.23624255054066332,0,2,0,0,0,0.0,Low,1.0,0.0,-0.3563110003784864,0,0,0,0.0
785,0.25819473808963606,0.8680578981483386,-0.15744410307030388,0,1,0,0,0,0.0,Low,1.0,0.0,-0.3740959975952026,0,0,0,0.0
786,-1.036559635128341,0.1985012327385024,-0.18949172402571632,0,1,0,0,0,0.0,Low,1.0,0.0,-0.2736872289623973,0,0,0,0.0
787,-0.10433648641139755,0.6448723430117265,-1.1134773191258145,0,2,0,0,0,0.0,Low,1.0,0.0,-1.0728707156667214,0,0,0,0.0
788,0.879676837234265,-0.4710554326713337,-0.6330454871300665,0,2,0,0,0,0.0,Low,1.0,0.0,-0.5426583955706434,0,0,0,0.0
789,0.20640456316091696,-0.6942409878079457,-0.8744690151119368,0,1,0,1,0,0.2,Low,1.0,0.0,-0.7485093781394969,0,0,1,0.0
790,-0.5704480607698693,-0.024684322398109648,-0.7835803236848418,0,2,0,0,0,0.0,Low,0.0,1.0,-0.7483225466069421,0,0,0,0.0
791,1.5011589363788942,-1.1406120980811698,-0.17587607545761694,0,1,0,0,0,0.0,Low,0.0,1.0,0.1300355435753026,0,0,0,0.0
792,-0.984769460199622,-0.024684322398109648,0.754422999839515,0,1,0,0,0,0.0,Low,1.0,0.0,0.6079747362567113,0,0,0,0.0
793,-0.4668677109124311,2.207171228968011,0.70140106547785,0,1,0,0,0,0.0,Low,1.0,0.0,-0.041838994769033716,0,0,0,0.0
794,-0.8811891103421838,-0.4710554326713337,-0.010355551007869083,0,1,0,0,0,0.0,Low,0.0,1.0,0.06426678790511693,0,0,0,0.0
795,1.6565294611650514,-0.6942409878079457,-0.594105297189973,0,1,0,0,0,0.0,Low,0.0,1.0,-0.4600622509340937,0,0,0,0.0
796,0.9832571870917033,-0.6942409878079457,-0.23738660399918626,0,3,0,0,0,0.0,Low,0.0,1.0,-0.09305869200715855,0,0,0,0.0
797,0.879676837234265,-0.2478698775347217,0.5156548058107595,0,1,0,0,0,0.0,Low,1.0,0.0,0.4826992115045316,0,0,0,0.0
798,0.25819473808963606,1.5376145635581746,-0.7868994911262351,0,1,1,0,0,0.3,Medium,1.0,0.0,-0.8905013428811275,0,0,1,0.0
799,0.879676837234265,-1.3637976532177818,-0.2751262440136693,0,1,0,0,0,0.0,Low,0.0,1.0,0.10338760639407095,0,0,0,0.0
800,-1.4508810345580938,-1.586983208354394,-0.6747116316071341,0,1,0,0,0,0.0,Low,1.0,0.0,-0.32434574978038627,0,0,0,0.0
801,1.7083196360937705,-1.3637976532177818,-0.7951903476713332,0,2,0,0,0,0.0,Low,1.0,0.0,-0.5386826205578777,0,0,0,0.0
802,-1.3990908596293747,-0.4710554326713337,-0.32754084135414324,0,1,0,0,0,0.0,Low,1.0,0.0,-0.2448882656325507,0,0,0,0.0
803,0.879676837234265,1.3144290084215626,-0.5905036474131418,0,1,0,0,0,0.0,Low,1.0,0.0,-0.7403233891390414,0,0,0,0.0
804,0.4135652628757933,0.6448723430117265,0.01324584811795472,0,1,0,0,0,0.0,Low,1.0,0.0,-0.20346419128800736,0,0,0,0.0
805,1.5529491113076133,-0.9174265429445578,-0.5804331521547861,0,2,0,0,0,0.0,Low,1.0,0.0,-0.39527469260128484,0,0,0,0.0
806,-0.984769460199622,-1.810168763491006,-0.40388169250619427,0,1,0,0,0,0.0,Low,1.0,0.0,0.13714681878316884,0,0,0,0.0
807,-0.2597070111975548,-0.9174265429445578,-1.1138869185121991,0,1,0,0,0,0.0,Low,1.0,0.0,-0.9763932934416338,0,0,0,0.0
808,-0.052546311482678465,-1.3637976532177818,0.5784365048617984,0,3,0,0,0,0.0,Low,1.0,0.0,1.157194673703137,0,0,0,0.0
809,-0.363287361054993,-0.024684322398109648,0.6047356102910528,0,1,0,0,0,0.0,Low,1.0,0.0,0.4759720307890093,0,0,0,0.0
810,0.1028242133034788,0.1985012327385024,-0.8752599656511625,0,1,0,0,0,0.0,Low,1.0,0.0,-0.8509474089708035,0,0,0,0.0
811,-0.2597070111975548,-1.1406120980811698,-0.8307972460532611,0,3,0,0,0,0.0,Low,1.0,0.0,-0.6279936980650379,0,0,0,0.0
812,0.20640456316091696,-1.3637976532177818,-0.12621568088766094,0,1,0,0,0,0.0,Low,0.0,1.0,0.2872323255150726,0,0,0,0.0
813,1.1904178868065796,0.6448723430117265,-0.6518164383199047,0,2,0,0,0,0.0,Low,1.0,0.0,-0.7166421464034037,0,0,0,0.0
814,-0.363287361054993,-0.6942409878079457,-0.020298929215277723,0,1,0,0,0,0.0,Low,1.0,0.0,0.13028802563249128,0,0,0,0.0
815,1.0868375369491414,-0.2478698775347217,1.471405539530832,0,1,0,0,0,0.0,Low,1.0,0.0,1.3676753416486978,0,0,0,0.0
816,-0.052546311482678465,0.42168678787511443,-0.8512207189054101,0,1,0,0,0,0.0,Low,0.0,1.0,-0.851474672663468,0,0,0,0.0
817,1.6565294611650514,0.6448723430117265,0.6879125339606976,0,3,0,0,0,0.0,Low,1.0,0.0,0.31712474795206186,0,0,0,0.0
818,-1.2437203348432175,-0.6942409878079457,-0.9347789937278957,0,3,0,0,0,0.0,Low,1.0,0.0,-0.8105582060068557,0,0,0,0.0
819,-1.5026712094868129,1.0912434532849506,-0.7861650370540971,0,1,0,0,0,0.0,Low,1.0,0.0,-0.8578431909905526,0,0,0,0.0
820,0.20640456316091696,-0.9174265429445578,-0.11824967902831648,0,1,0,0,0,0.0,Low,1.0,0.0,0.10820551538141893,0,0,0,0.0
821,-1.08834981005706,-0.024684322398109648,0.32387754828207316,0,1,0,0,0,0.0,Low,0.0,1.0,0.22829569579889294,0,0,0,0.0
822,-0.15612666134011663,0.6448723430117265,1.4125503449423777,0,1,0,0,0,0.0,Low,0.0,1.0,0.8762726016525608,0,0,0,0.0
823,0.6725161375193888,-0.2478698775347217,2.0794911389108983,0,1,0,0,0,0.0,Low,1.0,0.0,1.9307313996243556,0,0,0,0.0
824,0.9314670121629842,1.5376145635581746,-0.5160271796749798,0,2,0,0,0,0.0,Low,1.0,0.0,-0.7113485863143517,0,0,0,0.0
825,1.1386277118778605,0.6448723430117265,-0.28437754049925545,0,2,0,0,0,0.0,Low,1.0,0.0,-0.4331175111043395,0,0,0,0.0
826,-0.984769460199622,0.1985012327385024,0.03388118272168199,0,2,0,1,0,0.2,Low,1.0,0.0,-0.08565827613079177,0,0,1,0.0
827,-0.2597070111975548,-0.2478698775347217,-0.3223290422653167,0,1,0,0,0,0.0,Low,1.0,0.0,-0.2932308263487137,0,0,0,0.0
828,-1.3473006847006557,-0.9174265429445578,-0.5237106991988866,0,2,0,0,0,0.0,Low,1.0,0.0,-0.333484009740345,0,0,0,0.0
829,-1.5026712094868129,-0.9174265429445578,-0.6924515222726245,0,2,0,0,0,0.0,Low,1.0,0.0,-0.517302059575915,0,0,0,0.0
830,-0.2597070111975548,-1.3637976532177818,0.34079824017479393,0,1,0,0,0,0.0,Low,1.0,0.0,0.8638068904146184,0,0,0,0.0
831,0.6725161375193888,-0.6942409878079457,1.4274089157864032,0,1,0,0,0,0.0,Low,0.0,1.0,1.6197359899360995,0,0,0,0.0
832,0.5689357876619505,0.6448723430117265,-1.1497056786457054,0,1,0,0,0,0.0,Low,1.0,0.0,-1.10082538372523,0,0,0,0.0
833,-1.65804173427297,0.42168678787511443,-0.464728387559485,0,1,0,0,0,0.0,Low,0.0,1.0,-0.5402815735521422,0,0,0,0.0
834,-0.363287361054993,1.3144290084215626,-1.1430390955293748,0,3,0,0,0,0.0,Low,1.0,0.0,-1.1193007733968205,0,0,0,0.0
835,0.1028242133034788,-0.2478698775347217,0.2672680882603485,0,1,0,0,0,0.0,Low,1.0,0.0,0.2527058582989496,0,0,0,0.0
836,0.1028242133034788,1.0912434532849506,-0.7989897350829709,0,3,0,1,0,0.2,Low,1.0,0.0,-0.8669778157668462,0,0,1,0.0
837,-0.41507753598371205,-0.024684322398109648,1.1663246172580655,0,1,0,0,0,0.0,Low,1.0,0.0,0.9712126018497088,0,0,0,0.0
838,0.4653554378045124,-0.9174265429445578,-0.4061980476567838,0,2,0,0,0,0.0,Low,1.0,0.0,-0.20547143966987164,0,0,0,0.0
839,-0.363287361054993,-1.3637976532177818,0.28312947139517797,0,2,0,0,0,0.0,Low,1.0,0.0,0.7926091299886441,0,0,0,0.0
840,-0.7258185855560266,-1.1406120980811698,-0.8622234058707104,0,1,0,0,1,0.4,Medium,0.0,0.0,-0.6643674620592961,0,0,0,0.0
841,-1.1919301599144982,0.6448723430117265,-0.15747235130384762,0,3,0,0,0,0.0,Low,1.0,0.0,-0.33519443410406696,0,0,0,0.0
842,0.20640456316091696,-2.926096539174066,-0.16795244594858813,0,1,0,0,0,0.0,Low,1.0,0.0,1.5866699225327798,0,0,0,0.0
843,-1.4508810345580938,-1.1406120980811698,0.10145095735839124,0,1,0,0,0,0.0,Low,0.0,1.0,0.4510237934751947,0,0,0,0.0
844,-0.5704480607698693,-0.9174265429445578,-0.733411460911098,0,1,0,1,0,0.2,Low,1.0,0.0,-0.561921825586056,0,0,1,0.0
845,0.6725161375193888,0.1985012327385024,1.0150553266311522,0,1,0,0,0,0.0,Low,1.0,0.0,0.7402661813656338,0,0,0,0.0
846,0.6207259625906697,0.8680578981483386,0.03777943895072288,0,3,0,0,0,0.0,Low,1.0,0.0,-0.22948241278876338,0,0,0,0.0
847,-1.1401399849857792,1.7608001186947866,1.3355739085355918,0,1,0,0,0,0.0,Low,0.0,1.0,0.45047360682415405,0,0,0,0.0
848,-1.08834981005706,-0.2478698775347217,-1.1070932183449214,0,1,0,0,1,0.4,Medium,0.0,0.0,-1.0198821791753108,0,0,0,0.0
849,1.4493687614501751,1.0912434532849506,-0.14947810121095942,0,2,0,0,1,0.4,Medium,0.0,0.0,-0.404351323517247,0,0,0,0.0
850,1.3457884115927368,-0.4710554326713337,-0.4357598240603441,0,1,1,0,0,0.3,Medium,1.0,0.0,-0.35036744896984456,0,0,1,0.0
851,0.4653554378045124,-1.1406120980811698,2.1312842751134093,0,1,0,0,0,0.0,Low,0.0,1.0,2.8004256445632043,0,0,0,0.0
852,-1.5026712094868129,-0.2478698775347217,0.3691029701856564,0,1,0,0,0,0.0,Low,1.0,0.0,0.34699973277934576,0,0,0,0.0
853,0.1546143882321979,-0.024684322398109648,-0.3088970072152519,0,1,0,0,0,0.0,Low,1.0,0.0,-0.32972027020021205,0,0,0,0.0
854,-0.15612666134011663,0.1985012327385024,0.29279036726714913,0,1,0,0,0,0.0,Low,1.0,0.0,0.13228410353131145,0,0,0,0.0
855,-1.2955105097719366,-1.586983208354394,-0.6141332947725093,0,1,0,0,0,0.0,Low,1.0,0.0,-0.24421370546764234,0,0,0,0.0
856,0.879676837234265,1.3144290084215626,0.14526396758478577,0,1,0,0,1,0.4,Medium,0.0,0.0,-0.23566927671213717,0,0,0,0.0
857,-0.2597070111975548,-0.6942409878079457,3.4750386206739994,0,1,0,0,0,0.0,Low,0.0,1.0,3.7264026810935875,0,0,0,0.0
858,0.3099849130183551,1.3144290084215626,-0.6984966442509923,0,1,0,0,0,0.0,Low,1.0,0.0,-0.8143944801419805,0,0,0,0.0
859,0.36177508794707425,0.1985012327385024,-0.16508525024389487,0,2,0,0,0,0.0,Low,1.0,0.0,-0.25314255425528276,0,0,0,0.0
860,-1.1919301599144982,-0.024684322398109648,-0.8191730979499978,0,1,0,0,0,0.0,Low,1.0,0.0,-0.7797102440761446,0,0,0,0.0
861,-0.5704480607698693,0.8680578981483386,-0.9049488591056697,0,3,0,0,0,0.0,Low,0.0,1.0,-0.9278168312152281,0,0,0,0.0
862,-1.7098319092016891,1.5376145635581746,0.7031948283078796,0,2,0,0,0,0.0,Low,1.0,0.0,0.09503499134532206,0,0,0,0.0
863,0.6207259625906697,0.8680578981483386,-1.0084221385765164,0,3,0,0,0,0.0,Low,1.0,0.0,-1.0044655884350207,0,0,0,0.0
864,-0.6740284106273075,-1.810168763491006,0.12777831102118908,0,1,0,0,0,0.0,Low,1.0,0.0,0.8945158624599142,0,0,0,0.0
865,0.1028242133034788,0.42168678787511443,0.6136903003244293,0,2,0,0,0,0.0,Low,1.0,0.0,0.3280317832833735,0,0,0,0.0
866,1.0350473620204224,-0.4710554326713337,-0.5868596252859948,0,2,0,1,0,0.2,Low,1.0,0.0,-0.4976418294634976,0,0,1,0.0
867,1.1904178868065796,0.8680578981483386,1.2707442125526287,0,1,0,0,0,0.0,Low,0.0,1.0,0.683847270735916,0,0,0,0.0
868,-1.7098319092016891,0.42168678787511443,1.1123422429559122,0,1,0,0,0,0.0,Low,1.0,0.0,0.7295327467435901,0,0,0,0.0
869,1.5011589363788942,-0.024684322398109648,-0.5905036474131418,0,1,0,0,0,0.0,Low,1.0,0.0,-0.5780567432720218,0,0,0,0.0
870,1.0350473620204224,-1.1406120980811698,-1.0665711273263765,0,1,0,0,0,0.0,Low,1.0,0.0,-0.9008868406970162,0,0,0,0.0
871,1.0868375369491414,0.6448723430117265,0.21423202978191155,0,1,0,0,0,0.0,Low,1.0,0.0,-0.0483784499731629,0,0,0,0.0
872,0.3099849130183551,-0.9174265429445578,-0.33467352032394626,0,1,0,0,1,0.4,Medium,0.0,0.0,-0.12755609654043942,0,0,0,0.0
873,-0.984769460199622,0.1985012327385024,-0.10880064490792393,0,1,0,0,0,0.0,Low,1.0,0.0,-0.20576377606786922,0,0,0,0.0
874,-0.6740284106273075,0.42168678787511443,0.20174631055556327,0,3,0,0,0,0.0,Low,1.0,0.0,-0.003654298016177825,0,0,0,0.0
875,0.6725161375193888,-1.3637976532177818,-1.1258641695347595,0,1,0,0,0,0.0,Low,1.0,0.0,-0.9469319389739725,0,0,0,0.0
876,0.9832571870917033,-0.4710554326713337,-0.6275229574722585,0,1,0,0,0,0.0,Low,1.0,0.0,-0.5372756807853548,0,0,0,0.0
877,-1.2955105097719366,0.6448723430117265,1.8898324988979947,0,1,0,0,0,0.0,Low,1.0,0.0,1.2445549186245375,0,0,0,0.0
878,0.9314670121629842,0.42168678787511443,-0.07906937910310098,0,1,0,0,0,0.0,Low,1.0,0.0,-0.2297594433359914,0,0,0,0.0
879,1.1904178868065796,0.6448723430117265,0.2802057792233974,0,1,0,0,0,0.0,Low,1.0,0.0,0.0025284718597001783,0,0,0,0.0
880,-0.41507753598371205,0.8680578981483386,-0.16211918572179865,0,2,0,0,0,0.0,Low,1.0,0.0,-0.3775591068826379,0,0,0,0.0
881,0.36177508794707425,-0.2478698775347217,0.24476837024273215,0,1,0,0,0,0.0,Low,1.0,0.0,0.23187227410376654,0,0,0,0.0
882,0.051034038374759706,1.7608001186947866,1.0764669863553182,0,1,0,0,0,0.0,Low,1.0,0.0,0.2850117361136594,0,0,0,0.0
883,1.5011589363788942,-0.9174265429445578,-1.2600432788676894,0,1,0,0,0,0.0,Low,1.0,0.0,-1.1356089274667849,0,0,0,0.0
884,-0.4668677109124311,-0.9174265429445578,0.5221518995258275,0,2,0,0,0,0.0,Low,1.0,0.0,0.8058278638868668,0,0,0,0.0
885,0.20640456316091696,1.0912434532849506,-0.3228798828194203,0,3,0,0,0,0.0,Low,0.0,1.0,-0.52785990102667,0,0,0,0.0
886,-1.65804173427297,-0.6942409878079457,0.7575444296461021,0,1,0,0,0,0.0,Low,0.0,1.0,0.9305580603657894,0,0,0,0.0
887,-1.3990908596293747,-0.2478698775347217,-0.5632158538098553,0,1,0,0,0,0.0,Low,1.0,0.0,-0.5162796514892344,0,0,0,0.0
888,-0.0007561365539593763,0.6448723430117265,-0.5903059097783353,0,2,0,0,0,0.0,Low,1.0,0.0,-0.6691791524873005,0,0,0,0.0
889,-0.8811891103421838,-1.810168763491006,-1.0234784470553482,0,2,0,0,0,0.0,Low,1.0,0.0,-0.7454913303059197,0,0,0,0.0
890,0.4653554378045124,-0.4710554326713337,-0.30069089537078525,0,1,0,0,0,0.0,Low,1.0,0.0,-0.21871808454090405,0,0,0,0.0
891,1.2939982366640177,0.8680578981483386,-1.0475600661514162,0,1,0,0,0,0.0,Low,0.0,1.0,-1.033457358330741,0,0,0,0.0
892,0.879676837234265,-1.586983208354394,-0.37423517140200274,0,1,0,0,0,0.0,Low,1.0,0.0,0.0731196525766468,0,0,0,0.0
893,1.0350473620204224,-1.586983208354394,-0.11002944306707814,0,1,0,0,0,0.0,Low,1.0,0.0,0.4226067173736128,0,0,0,0.0
894,-0.5186578858411502,-0.4710554326713337,-0.7775916981735616,0,1,0,0,0,0.0,Low,0.0,1.0,-0.6835451042986342,0,0,0,0.0
895,-0.4668677109124311,0.1985012327385024,-1.1589993474816074,0,1,0,0,0,0.0,Low,0.0,1.0,-1.089791141720353,0,0,0,0.0
896,0.9314670121629842,-0.024684322398109648,-1.222360135320294,0,1,0,1,0,0.2,Low,1.0,0.0,-1.1352631059633893,0,0,1,0.0
897,-0.052546311482678465,-0.6942409878079457,-0.9262903995479914,0,1,0,0,0,0.0,Low,1.0,0.0,-0.8018248698128786,0,0,0,0.0
898,0.7760964873768269,0.1985012327385024,-1.2380096567035452,0,3,0,0,0,0.0,Low,1.0,0.0,-1.1562997703728979,0,0,0,0.0
899,-0.2597070111975548,1.3144290084215626,-0.13610256262798207,0,3,0,0,0,0.0,Low,1.0,0.0,-0.42865517834299655,0,0,0,0.0
900,1.5011589363788942,-0.6942409878079457,3.5631589852138035,0,1,0,0,0,0.0,Low,0.0,1.0,3.817063720218752,0,0,0,0.0
901,-0.6222382356985884,-1.586983208354394,-1.0303145195729417,0,2,0,0,0,0.0,Low,0.0,1.0,-0.7947314992935488,0,0,0,0.0
902,-0.41507753598371205,-0.4710554326713337,4.352527623361044,0,1,0,0,0,0.0,Low,0.0,1.0,4.316694067487046,0,0,0,0.0
903,-0.3114971861262739,-1.1406120980811698,-0.17194957099503214,0,1,0,0,0,0.0,Low,1.0,0.0,0.13458022060469768,0,0,0,0.0
904,0.7760964873768269,-0.2478698775347217,0.025872808512021922,0,1,0,0,0,0.0,Low,0.0,1.0,0.029186217696390886,0,0,0,0.0
905,0.7760964873768269,-0.024684322398109648,-1.141626683852186,0,2,0,1,0,0.2,Low,1.0,0.0,-1.0640678366245155,0,0,1,0.0
906,-0.7258185855560266,-1.3637976532177818,-0.09245904180285021,0,3,0,0,0,0.0,Low,1.0,0.0,0.3289082127102914,0,0,0,0.0
907,1.5011589363788942,-0.024684322398109648,-0.6673953391192965,0,2,0,0,0,0.0,Low,1.0,0.0,-0.6458641341539024,0,0,0,0.0
908,1.3975785865214558,-0.4710554326713337,1.750780569278764,0,1,0,0,0,0.0,Low,1.0,0.0,1.780815909587077,0,0,0,0.0
909,0.7760964873768269,-0.6942409878079457,-1.2221059012184001,0,2,0,1,0,0.2,Low,0.0,1.0,-1.106169284532776,0,0,1,0.0
910,-1.7098319092016891,-1.586983208354394,-0.6562655351030491,0,3,0,0,0,0.0,Low,1.0,0.0,-0.2999455516287323,0,0,0,0.0
911,-1.08834981005706,2.4303567841046227,-0.8466445050713187,0,1,0,0,0,0.0,Low,1.0,0.0,-0.9772962667236061,0,0,0,0.0
912,0.879676837234265,3.546284559787683,0.06998242519062628,0,2,0,0,0,0.0,Low,1.0,0.0,-0.5632371314564201,0,0,0,0.0
913,1.1386277118778605,1.3144290084215626,-1.3283192593429929,0,1,0,0,0,0.0,Low,1.0,0.0,-1.2463821979033018,0,0,0,0.0
914,1.4493687614501751,1.9839856738313988,1.6850893021727156,0,2,0,0,0,0.0,Low,1.0,0.0,0.6076048098222524,0,0,0,0.0
915,-0.10433648641139755,0.42168678787511443,0.027355840773070187,0,1,0,0,0,0.0,Low,1.0,0.0,-0.14406875477423733,0,0,0,0.0
916,-0.20791683626883573,-0.9174265429445578,-0.04511500238348386,0,1,0,0,0,0.0,Low,0.0,1.0,0.18787487689883586,0,0,0,0.0
917,-0.2597070111975548,-0.024684322398109648,-1.01174130601791,0,2,0,0,0,0.0,Low,1.0,0.0,-0.9495276517329336,0,0,0,0.0
918,0.7760964873768269,-0.2478698775347217,0.5961198990602017,0,1,0,0,0,0.0,Low,1.0,0.0,0.5572057583720512,0,0,0,0.0
919,0.5689357876619505,2.4303567841046227,0.4546244972394342,0,1,0,0,0,0.0,Low,1.0,0.0,-0.22422856996967347,0,0,0,0.0
920,-0.20791683626883573,1.3144290084215626,1.232707966085936,0,1,0,0,0,0.0,Low,0.0,1.0,0.5101954157412099,0,0,0,0.0
921,-0.9329792852709029,-0.9174265429445578,-0.5129481222187083,0,2,0,0,0,0.0,Low,1.0,0.0,-0.32175978156802526,0,0,0,0.0
922,0.3099849130183551,-1.1406120980811698,-1.1616123090844066,0,1,0,0,0,0.0,Low,1.0,0.0,-1.0108909116711122,0,0,0,0.0
923,-0.7776087604847457,-0.2478698775347217,-0.7540185472812815,0,2,0,0,0,0.0,Low,1.0,0.0,-0.6929531536190083,0,0,0,0.0
924,-0.8293989354134648,-0.2478698775347217,0.8139279037994762,0,2,0,0,0,0.0,Low,1.0,0.0,0.7588847928189565,0,0,0,0.0
925,-1.7098319092016891,0.6448723430117265,-0.6512938459993448,0,1,0,0,0,0.0,Low,1.0,0.0,-0.716238901678973,0,0,0,0.0
926,0.6725161375193888,-0.2478698775347217,2.640995401177279,0,1,0,0,0,0.0,Low,1.0,0.0,2.450655529994417,0,0,0,0.0
927,1.6565294611650514,-0.024684322398109648,0.6305121233997473,0,1,0,0,0,0.0,Low,1.0,0.0,0.4987032005831735,0,0,0,0.0
928,0.20640456316091696,0.8680578981483386,2.2756186244053254,0,1,0,0,0,0.0,Low,1.0,0.0,1.4282169787838779,0,0,0,0.0
929,0.879676837234265,1.3144290084215626,-0.6157575682012763,0,1,0,0,0,0.0,Low,1.0,0.0,-0.7576447481127865,0,0,0,0.0
930,1.5011589363788942,-0.9174265429445578,0.16770718913531457,0,1,0,0,0,0.0,Low,1.0,0.0,0.41971302663704396,0,0,0,0.0
931,-1.554461384415532,0.1985012327385024,-0.9225051362531256,0,1,0,0,0,0.0,Low,1.0,0.0,-0.8907170483778045,0,0,0,0.0
932,-1.7098319092016891,0.42168678787511443,0.7078134144922867,0,1,0,0,0,0.0,Low,1.0,0.0,0.40381715137568003,0,0,0,0.0
933,-1.3473006847006557,1.0912434532849506,0.25492361020171894,0,2,0,0,0,0.0,Low,1.0,0.0,-0.11630883828064185,0,0,0,0.0
934,-0.2597070111975548,0.6448723430117265,0.5497645478148673,0,1,0,0,0,0.0,Low,1.0,0.0,0.21052646012349552,0,0,0,0.0
935,1.0868375369491414,0.8680578981483386,-0.5550097419653889,0,3,0,0,0,0.0,Low,1.0,0.0,-0.6685963003829072,0,0,0,0.0
936,-1.606251559344251,-0.6942409878079457,-0.13269865048595728,0,1,0,0,0,0.0,Low,0.0,1.0,0.014647610604753334,0,0,0,0.0
937,-0.10433648641139755,0.42168678787511443,-0.18319236794545452,0,1,0,0,1,0.4,Medium,0.0,0.0,-0.3135964381703978,0,0,0,0.0
938,-1.2437203348432175,0.6448723430117265,-0.5515917057065922,0,1,0,0,0,0.0,Low,1.0,0.0,-0.6393063473612297,0,0,0,0.0
939,-0.0007561365539593763,1.0912434532849506,-0.07423893116711557,0,1,0,0,0,0.0,Low,1.0,0.0,-0.35076085415236163,0,0,0,0.0
940,1.0868375369491414,-1.3637976532177818,0.1041062913115059,0,2,0,0,0,0.0,Low,1.0,0.0,0.5715874269763426,0,0,0,0.0
941,-0.10433648641139755,2.207171228968011,0.3113212084718652,0,1,0,0,0,0.0,Low,0.0,1.0,-0.27486733581861356,0,0,0,0.0
942,0.827886662305546,0.1985012327385024,-0.5686112664167163,0,1,0,0,0,0.0,Low,1.0,0.0,-0.5928192651246456,0,0,0,0.0
943,-1.3990908596293747,1.7608001186947866,0.6281957682491576,0,1,0,0,0,0.0,Low,1.0,0.0,-0.0012476725867863515,0,0,0,0.0
944,-1.3473006847006557,1.3144290084215626,0.5352873281236827,0,1,0,0,0,0.0,Low,0.0,1.0,0.03184303128618369,0,0,0,0.0
945,1.6047392862363323,-0.2478698775347217,0.33530395875052993,0,1,0,0,0,0.0,Low,1.0,0.0,0.315703582761095,0,0,0,0.0
946,1.1904178868065796,-0.2478698775347217,0.7406943583372404,0,1,0,0,0,0.0,Low,0.0,1.0,0.6910742880782,0,0,0,0.0
947,1.7083196360937705,-1.1406120980811698,-0.4008591315170104,0,1,0,0,0,0.0,Low,1.0,0.0,-0.13036791110538887,0,0,0,0.0
948,1.2939982366640177,0.1985012327385024,-0.9836060654083102,0,1,0,0,0,0.0,Low,1.0,0.0,-0.9421500708216568,0,0,0,0.0
949,1.0350473620204224,-2.25653987376423,0.5408804783653501,0,1,0,0,0,0.0,Low,0.0,1.0,1.9904952401048253,0,0,0,0.0
950,1.7083196360937705,-1.810168763491006,-0.6847115062816304,0,2,0,0,0,0.0,Low,1.0,0.0,-0.2629054817169303,0,0,0,0.0
951,0.879676837234265,0.42168678787511443,-1.1470785929261342,0,1,0,0,0,0.0,Low,1.0,0.0,-1.089691375158898,0,0,0,0.0
952,-1.3473006847006557,0.1985012327385024,-0.6677908143889093,0,1,0,0,0,0.0,Low,1.0,0.0,-0.6763057846809867,0,0,0,0.0
953,-0.0007561365539593763,-0.6942409878079457,-0.09625842921448798,0,1,0,0,1,0.4,Medium,0.0,0.0,0.052138471470745205,0,0,0,0.0
954,0.051034038374759706,0.42168678787511443,1.5221817393257675,0,1,0,0,0,0.0,Low,1.0,0.0,1.0595243472739708,0,0,0,0.0
955,-0.10433648641139755,0.6448723430117265,0.11383780776733642,0,1,0,0,0,0.0,Low,1.0,0.0,-0.12584503108812514,0,0,0,0.0
956,0.6207259625906697,-0.2478698775347217,0.7317820406541796,0,1,0,0,0,0.0,Low,1.0,0.0,0.6828219392852555,0,0,0,0.0
957,-0.9329792852709029,-0.6942409878079457,0.5107396131741426,0,1,0,0,0,0.0,Low,1.0,0.0,0.676637400376509,0,0,0,0.0
958,0.1546143882321979,0.8680578981483386,0.0605757634205492,0,1,0,1,0,0.2,Low,1.0,0.0,-0.21259583155033218,0,0,1,0.0
959,1.0350473620204224,-0.2478698775347217,-0.4628075076785083,0,2,0,0,0,0.0,Low,1.0,0.0,-0.4233066759440007,0,0,0,0.0
960,-1.036559635128341,-0.6942409878079457,-0.9241152855651209,0,2,0,0,0,0.0,Low,1.0,0.0,-0.7995870432340557,0,0,0,0.0
961,1.0868375369491414,-0.024684322398109648,2.9721918153612656,0,1,0,0,0,0.0,Low,0.0,1.0,2.563727219040119,0,0,0,0.0
962,0.7243063124481078,0.8680578981483386,-0.6507006330949257,0,1,0,0,0,0.0,Low,1.0,0.0,-0.7394801838341897,0,0,0,0.0
963,-1.3990908596293747,-0.4710554326713337,-0.4773270997200085,0,1,0,1,0,0.2,Low,1.0,0.0,-0.3908823584662758,0,0,1,0.0
964,-1.3990908596293747,-0.4710554326713337,-0.34433441619591726,0,2,0,0,0,0.0,Low,0.0,1.0,-0.2612566745320602,0,0,0,0.0
965,-0.052546311482678465,0.42168678787511443,-0.6669292432658241,0,3,0,0,0,0.0,Low,1.0,0.0,-0.7030881956423973,0,0,0,0.0
966,-0.5704480607698693,0.1985012327385024,0.27485273896685214,0,1,0,0,0,0.0,Low,0.0,1.0,0.1171847187639299,0,0,0,0.0
967,-0.7776087604847457,-0.6942409878079457,-0.6560960457017866,0,1,0,0,0,0.0,Low,1.0,0.0,-0.5238403084305429,0,0,0,0.0
968,-0.7776087604847457,-1.3637976532177818,-0.4939229369269761,0,2,0,0,0,0.0,Low,1.0,0.0,-0.16673840554782723,0,0,0,0.0
969,0.1028242133034788,0.8680578981483386,-0.7031152304353996,0,2,0,0,0,0.0,Low,1.0,0.0,-0.7783067656035932,0,0,0,0.0
970,-0.2597070111975548,0.42168678787511443,-0.5096289547773148,0,1,0,0,0,0.0,Low,1.0,0.0,-0.5764342874125027,0,0,0,0.0
971,1.3457884115927368,-0.024684322398109648,-1.0022781477807454,0,1,0,0,0,0.0,Low,1.0,0.0,-0.9411825099454868,0,0,0,0.0
972,-1.65804173427297,-3.1492820943106783,-1.087813798951295,0,1,0,0,0,0.0,Low,1.0,0.0,-0.43332458271958774,0,0,0,0.0
973,-1.7098319092016891,-1.3637976532177818,1.95034021514876,0,1,0,0,0,0.0,Low,0.0,1.0,2.850944579580128,0,0,0,0.0
974,0.6725161375193888,-0.2478698775347217,0.739875159564471,0,1,0,0,0,0.0,Low,1.0,0.0,0.6903157520560277,0,0,0,0.0
975,-0.7258185855560266,-1.3637976532177818,1.6031411766622252,0,1,0,0,0,0.0,Low,1.0,0.0,2.4222932578090512,0,0,0,0.0
976,-1.1919301599144982,0.1985012327385024,1.7864863364780947,0,2,0,0,0,0.0,Low,1.0,0.0,1.3896348405977952,0,0,0,0.0
977,-1.65804173427297,-0.4710554326713337,-0.8663335238513297,0,2,0,0,1,0.4,Medium,0.0,0.0,-0.7700402372806516,0,0,0,0.0
978,1.7083196360937705,-0.4710554326713337,1.5152185497572266,0,2,0,0,0,0.0,Low,1.0,0.0,1.5512176559066555,0,0,0,0.0
979,-1.1401399849857792,0.1985012327385024,1.0036006679291516,0,1,0,0,0,0.0,Low,1.0,0.0,0.7306239758173299,0,0,0,0.0
980,-0.7258185855560266,-0.4710554326713337,-0.5156458285221388,0,1,0,0,0,0.0,Low,1.0,0.0,-0.4282309651478313,0,0,0,0.0
981,-1.5026712094868129,0.1985012327385024,0.10289161726912373,0,1,0,0,0,0.0,Low,1.0,0.0,-0.02756725725407809,0,0,0,0.0
982,0.1546143882321979,-0.4710554326713337,0.6891130838863079,0,1,1,0,0,0.3,Medium,1.0,0.0,0.7460268500837655,0,0,1,0.0
983,0.20640456316091696,0.42168678787511443,0.3841169063141725,0,1,0,0,0,0.0,Low,0.0,1.0,0.14318553883974364,0,0,0,0.0
984,-1.2955105097719366,-0.024684322398109648,-0.33800681188211174,0,1,0,0,0,0.0,Low,1.0,0.0,-0.35539092277323847,0,0,0,0.0
985,0.9832571870917033,-0.6942409878079457,-0.08158347188849689,0,1,0,0,0,0.0,Low,0.0,1.0,0.06723653520708855,0,0,0,0.0
986,0.5171456127332315,0.1985012327385024,0.2332289668401001,0,1,0,0,0,0.0,Low,1.0,0.0,0.08214701253599799,0,0,0,0.0
987,-0.5186578858411502,-1.810168763491006,-0.5373969683508453,0,1,0,0,0,0.0,Low,1.0,0.0,-0.05305055568886426,0,0,0,0.0
988,-0.20791683626883573,0.6448723430117265,0.36401828814777676,0,1,0,0,0,0.0,Low,0.0,1.0,0.06720020685353621,0,0,0,0.0
989,1.2939982366640177,-0.024684322398109648,-0.7533547137930028,0,1,0,0,0,0.0,Low,1.0,0.0,-0.7216679146291273,0,0,0,0.0
990,-1.036559635128341,0.1985012327385024,1.5788194475810355,0,2,0,1,1,0.6000000000000001,High,0.0,0.0,1.214826766397157,0,0,1,0.0
991,-1.2955105097719366,1.9839856738313988,0.9273869338280475,0,1,0,0,0,0.0,Low,1.0,0.0,0.13987580470201902,0,0,0,0.0
992,0.3099849130183551,-0.6942409878079457,0.7192257008439716,0,1,0,0,0,0.0,Low,0.0,1.0,0.891134531090814,0,0,0,0.0
993,1.6565294611650514,0.8680578981483386,0.15386555469886504,0,1,0,0,0,0.0,Low,1.0,0.0,-0.1434905842889713,0,0,0,0.0
994,-0.4668677109124311,-0.6942409878079457,-0.010327302774325335,0,2,0,0,0,0.0,Low,1.0,0.0,0.14054715267566584,0,0,0,0.0
995,-0.6222382356985884,-0.6942409878079457,0.9882618771148818,0,1,0,0,0,0.0,Low,1.0,0.0,1.167927522476634,0,0,0,0.0
996,-1.554461384415532,-1.3637976532177818,-0.9629283584542673,0,2,0,0,0,0.0,Low,1.0,0.0,-0.7457716734157943,0,0,0,0.0
997,-0.41507753598371205,-1.810168763491006,-0.8192013461835417,0,1,0,0,0,0.0,Low,1.0,0.0,-0.45449115819240904,0,0,0,0.0
998,1.2422080617352986,1.5376145635581746,0.3947664903601755,0,1,0,0,0,0.0,Low,1.0,0.0,-0.10895701747461152,0,0,0,0.0
999,-0.2597070111975548,-0.4710554326713337,-0.2609456307746943,0,3,0,0,0,0.0,Low,1.0,0.0,-0.17997905792759877,0,0,0,0.0
1000,0.1546143882321979,0.42168678787511443,-0.6644151504804283,0,1,0,0,0,0.0,Low,1.0,0.0,-0.7010639166027168,0,0,0,0.0
1001,-0.8293989354134648,0.42168678787511443,1.1131473176119098,0,1,0,0,0,0.0,Low,0.0,1.0,0.7301809709304539,0,0,0,0.0
1002,0.4135652628757933,-0.024684322398109648,-0.1086735278569769,0,1,0,0,0,0.0,Low,1.0,0.0,-0.15315201650044388,0,0,0,0.0
1003,0.36177508794707425,-1.586983208354394,0.09968544276190533,0,1,0,0,0,0.0,Low,1.0,0.0,0.7000141769109463,0,0,0,0.0
1004,0.20640456316091696,-1.810168763491006,1.1555761643946594,0,1,0,0,0,0.0,Low,1.0,0.0,2.358651347803762,0,0,0,0.0
1005,-0.0007561365539593763,-1.1406120980811698,-0.3503371658239694,0,1,0,0,0,0.0,Low,1.0,0.0,-0.07189197680990057,0,0,0,0.0
1006,-0.8811891103421838,0.8680578981483386,2.681291506327474,0,1,0,0,0,0.0,Low,1.0,0.0,1.7287227943540235,0,0,0,0.0
1007,0.1546143882321979,-0.4710554326713337,-0.9253017113739593,0,3,0,0,0,0.0,Low,1.0,0.0,-0.8275155166376345,0,0,0,0.0
1008,-0.4668677109124311,0.1985012327385024,1.1026813470839412,0,1,0,0,0,0.0,Low,0.0,1.0,0.8140272704182601,0,0,0,0.0
1009,-0.363287361054993,-1.586983208354394,-0.6259128081602634,0,1,0,0,0,0.0,Low,0.0,1.0,-0.2597954552827108,0,0,0,0.0
1010,1.1904178868065796,-1.586983208354394,0.8364134977003209,0,1,0,0,0,0.0,Low,1.0,0.0,1.6745461338699192,0,0,0,0.0
1011,-0.15612666134011663,-1.586983208354394,-0.7438633073222944,0,1,0,0,0,0.0,Low,1.0,0.0,-0.41581846811920514,0,0,0,0.0
1012,-1.4508810345580938,0.42168678787511443,-1.0914578210784422,0,1,0,0,0,0.0,Low,1.0,0.0,-1.0449070444945066,0,0,0,0.0
1013,0.3099849130183551,0.8680578981483386,0.8566251088008916,0,1,0,0,0,0.0,Low,1.0,0.0,0.37708484080357635,0,0,0,0.0
1014,-1.1401399849857792,0.8680578981483386,-0.5115498346582915,0,3,0,0,0,0.0,Low,1.0,0.0,-0.6364029853453285,0,0,0,0.0
1015,0.9832571870917033,-0.6942409878079457,-1.0784777577650777,0,1,0,0,0,0.0,Low,1.0,0.0,-0.9584000736233681,0,0,0,0.0
1016,-1.2437203348432175,-0.024684322398109648,0.9303812465836874,0,1,0,0,0,0.0,Low,1.0,0.0,0.7631445517612051,0,0,0,0.0
1017,0.5689357876619505,0.8680578981483386,-0.017290492342865726,0,1,0,0,0,0.0,Low,1.0,0.0,-0.27027595693290357,0,0,0,0.0
1018,-0.8811891103421838,0.8680578981483386,-0.5140074309766,0,1,0,0,0,0.0,Low,1.0,0.0,-0.6382234717985422,0,0,0,0.0
1019,-0.41507753598371205,-2.479725428900842,0.15746720447569626,0,2,0,0,0,0.0,Low,0.0,1.0,1.6103283995001914,0,0,0,0.0
1020,1.4493687614501751,0.1985012327385024,-0.3564670325029684,0,1,0,0,0,0.0,Low,1.0,0.0,-0.41424228937183394,0,0,0,0.0
1021,0.6207259625906697,1.7608001186947866,-0.4525110265518023,0,1,0,0,0,0.0,Low,0.0,1.0,-0.6913711415109342,0,0,0,0.0
1022,1.5529491113076133,1.7608001186947866,0.6726867360806027,0,2,0,0,1,0.4,Medium,0.0,0.0,0.027163605294819378,0,0,0,0.0
1023,-1.65804173427297,-0.4710554326713337,-0.005553351305427419,0,2,0,0,0,0.0,Low,1.0,0.0,0.06894740945754178,0,0,0,0.0
1024,1.0350473620204224,0.6448723430117265,-0.7791029786681534,0,1,0,0,0,0.0,Low,1.0,0.0,-0.8148594830674502,0,0,0,0.0
1025,1.6047392862363323,0.42168678787511443,-0.23553634470206894,0,2,0,0,0,0.0,Low,1.0,0.0,-0.35574238267071107,0,0,0,0.0
1026,0.879676837234265,-0.9174265429445578,0.651246326820878,0,1,0,0,1,0.4,Medium,0.0,0.0,0.9464570574498626,0,0,0,0.0
1027,0.9832571870917033,-0.6942409878079457,-0.94124783920942,0,1,0,0,1,0.4,Medium,0.0,0.0,-0.8172135603776404,0,0,0,0.0
1028,0.1028242133034788,0.8680578981483386,1.2680182580156543,0,1,0,0,0,0.0,Low,1.0,0.0,0.6818279955320642,0,0,0,0.0
1029,-0.41507753598371205,-1.810168763491006,-0.04189470375949358,0,1,0,0,0,0.0,Low,1.0,0.0,0.652810471628164,0,0,0,0.0
1030,-0.2597070111975548,-0.2478698775347217,-0.11905475368431413,0,1,0,0,0,0.0,Low,0.0,1.0,-0.10500926719172905,0,0,0,0.0
1031,-0.6740284106273075,-0.024684322398109648,-0.07027005435421514,0,1,0,0,0,0.0,Low,1.0,0.0,-0.11928568736601458,0,0,0,0.0
1032,-1.1919301599144982,-1.586983208354394,2.058954673124574,0,1,0,0,0,0.0,Low,0.0,1.0,3.291703830204305,0,0,0,0.0
1033,0.3099849130183551,1.9839856738313988,-0.22966071212496386,0,1,0,0,0,0.0,Low,0.0,1.0,-0.5743686888193906,0,0,0,0.0
1034,-1.1919301599144982,-0.4710554326713337,-0.5045725209729791,0,1,0,0,0,0.0,Low,1.0,0.0,-0.4174380025092983,0,0,0,0.0
1035,0.1028242133034788,1.5376145635581746,-0.3406338976016828,0,2,0,0,0,0.0,Low,1.0,0.0,-0.5953448877510906,0,0,0,0.0
1036,1.2939982366640177,-1.1406120980811698,0.8559189029622973,0,1,0,0,0,0.0,Low,1.0,0.0,1.324272041242066,0,0,0,0.0
1037,0.25819473808963606,0.1985012327385024,0.4474070735689996,0,1,0,0,0,0.0,Low,1.0,0.0,0.2624360445144024,0,0,0,0.0
1038,1.0350473620204224,-0.4710554326713337,-0.2158332018052862,0,1,0,0,0,0.0,Low,1.0,0.0,-0.13600874840275984,0,0,0,0.0
1039,1.0868375369491414,0.42168678787511443,3.2236434662511755,0,1,0,0,0,0.0,Low,0.0,1.0,2.4294949906172634,0,0,0,0.0
1040,-0.5186578858411502,-0.2478698775347217,0.3425920030048239,0,1,0,0,0,0.0,Low,0.0,1.0,0.3224519377169736,0,0,0,0.0
1041,-0.6222382356985884,-1.3637976532177818,-0.8478026826466136,0,3,0,0,0,0.0,Low,0.0,1.0,-0.603637716709422,0,0,0,0.0
1042,1.1386277118778605,-0.9174265429445578,-1.252670489912764,0,1,0,0,0,0.0,Low,1.0,0.0,-1.1275773695849596,0,0,0,0.0
1043,-0.052546311482678465,0.8680578981483386,0.464666744264246,0,2,0,0,0,0.0,Low,0.0,1.0,0.08673817664762952,0,0,0,0.0
1044,0.1028242133034788,1.5376145635581746,-0.4531466118065373,0,1,0,0,0,0.0,Low,1.0,0.0,-0.6697598871676583,0,0,0,0.0
1045,-0.7258185855560266,-0.4710554326713337,-1.1024181356934266,0,2,0,0,0,0.0,Low,1.0,0.0,-1.0001478527182486,0,0,0,0.0
1046,1.4493687614501751,-1.1406120980811698,-0.3113546035335603,0,1,0,0,0,0.0,Low,1.0,0.0,-0.026772161697921848,0,0,0,0.0
1047,-0.41507753598371205,0.8680578981483386,0.55419952048124,0,3,0,0,0,0.0,Low,1.0,0.0,0.15306038140005462,0,0,0,0.0
1048,1.6565294611650514,0.42168678787511443,-0.372187174470079,0,1,0,0,0,0.0,Low,0.0,1.0,-0.4657699091252525,0,0,0,0.0
1049,0.3099849130183551,-0.4710554326713337,-0.2591942402949802,0,1,0,1,0,0.2,Low,1.0,0.0,-0.17827200771436133,0,0,1,0.0
1050,-0.8811891103421838,-0.2478698775347217,-1.2698030435570635,0,1,0,0,0,0.0,Low,1.0,0.0,-1.170543127027483,0,0,0,0.0
1051,-1.7098319092016891,-1.1406120980811698,0.4673503264509047,0,1,0,0,0,0.0,Low,1.0,0.0,0.8745288406820497,0,0,0,0.0
1052,1.3975785865214558,-2.033354318627618,-1.1681658992665622,0,1,0,0,0,0.0,Low,1.0,0.0,-0.9218828126325783,0,0,0,0.0
1053,0.4653554378045124,0.42168678787511443,-0.6704037759917085,0,1,0,0,0,0.0,Low,1.0,0.0,-0.7058857947646524,0,0,0,0.0
1054,0.4135652628757933,-0.9174265429445578,0.047864058325850584,0,2,0,0,0,0.0,Low,1.0,0.0,0.28916174574185577,0,0,0,0.0
1055,-0.4668677109124311,-0.024684322398109648,-0.7907694991217323,0,1,0,0,0,0.0,Low,1.0,0.0,-0.7546623632783009,0,0,0,0.0
1056,0.25819473808963606,-1.3637976532177818,-0.6796268242437509,0,1,0,0,0,0.0,Low,1.0,0.0,-0.396008097950647,0,0,0,0.0
1057,0.051034038374759706,0.8680578981483386,-0.0003980486836885706,0,1,0,0,0,0.0,Low,0.0,1.0,-0.2577627282085148,0,0,0,0.0
1058,-1.606251559344251,0.42168678787511443,0.08317435025556895,0,1,0,1,0,0.2,Low,1.0,0.0,-0.09912521115166893,0,0,1,0.0
1059,0.5171456127332315,0.1985012327385024,-0.18843241526782478,0,1,0,0,0,0.0,Low,1.0,0.0,-0.2727955330115677,0,0,0,0.0
1060,0.879676837234265,1.0912434532849506,-1.2869638454349066,0,1,0,0,0,0.0,Low,1.0,0.0,-1.2145462644410383,0,0,0,0.0
1061,-1.1401399849857792,-0.6942409878079457,-1.2240974016832362,0,1,0,0,0,0.0,Low,1.0,0.0,-1.1082182036731267,0,0,0,0.0
1062,-0.7776087604847457,-2.25653987376423,0.8547607253870027,0,1,0,0,0,0.0,Low,1.0,0.0,2.5189261498458015,0,0,0,0.0
1063,0.5171456127332315,-0.4710554326713337,-0.5294027182579571,0,1,0,0,0,0.0,Low,1.0,0.0,-0.4416395692421309,0,0,0,0.0
1064,1.2939982366640177,1.5376145635581746,3.7419138070788103,0,3,0,0,0,0.0,Low,0.0,1.0,2.104819153343571,0,0,0,0.0
1065,0.7760964873768269,-0.024684322398109648,0.004785502171594187,0,1,0,0,0,0.0,Low,1.0,0.0,-0.053097503099608964,0,0,0,0.0
1066,1.3975785865214558,-0.6942409878079457,2.630769540634433,0,1,0,1,0,0.2,Low,0.0,1.0,2.857791747657669,0,0,1,0.0
1067,-0.8811891103421838,-0.024684322398109648,-0.3841926737261832,0,1,0,0,1,0.4,Medium,0.0,0.0,-0.3961201968701797,0,0,0,0.0
1068,1.1904178868065796,-0.2478698775347217,-0.6150654864794538,0,1,1,1,0,0.5,Medium,1.0,0.0,-0.5642897504098355,0,0,2,0.0
1069,1.0868375369491414,0.8680578981483386,0.4841721495262226,0,1,0,0,0,0.0,Low,1.0,0.0,0.10118698004928592,0,0,0,0.0
1070,0.6725161375193888,2.4303567841046227,1.1713245545953137,0,3,0,0,0,0.0,Low,1.0,0.0,0.1905385999990104,0,0,0,0.0
1071,-1.1401399849857792,0.42168678787511443,-0.37992719046107326,0,3,0,0,1,0.4,Medium,0.0,0.0,-0.47200195920247107,0,0,0,0.0
1072,1.4493687614501751,1.0912434532849506,0.44115008983905374,0,1,0,0,0,0.0,Low,0.0,1.0,0.016334364005074823,0,0,0,0.0
1073,-1.3473006847006557,0.1985012327385024,-1.166696991122286,0,1,0,0,0,0.0,Low,1.0,0.0,-1.096270798963048,0,0,0,0.0
1074,-0.6740284106273075,-0.024684322398109648,-0.848480640251664,0,3,0,0,0,0.0,Low,0.0,1.0,-0.8055552727462222,0,0,0,0.0
1075,-0.4668677109124311,0.6448723430117265,0.19452888688512865,0,1,0,0,0,0.0,Low,1.0,0.0,-0.06358186593480782,0,0,0,0.0
1076,-1.1401399849857792,-0.2478698775347217,-0.5244875256213403,0,1,0,0,1,0.4,Medium,0.0,0.0,-0.4804192071306705,0,0,0,0.0
1077,-0.984769460199622,-2.479725428900842,0.04523697260627936,0,1,0,0,1,0.4,Medium,0.0,0.0,1.4024895294249549,0,0,0,0.0
1078,1.2939982366640177,-1.3637976532177818,0.21331396219173876,0,1,0,0,0,0.0,Low,1.0,0.0,0.7064150252162724,0,0,0,0.0
1079,-0.41507753598371205,-1.586983208354394,0.4205994999359574,0,3,0,0,0,0.0,Low,1.0,0.0,1.124514102028655,0,0,0,0.0
1080,-0.41507753598371205,0.8680578981483386,0.821385437455033,0,2,0,0,0,0.0,Low,1.0,0.0,0.350980739075023,0,0,0,0.0
1081,0.6725161375193888,-1.1406120980811698,0.8581646375290276,0,1,0,0,0,0.0,Low,1.0,0.0,1.3268713349387347,0,0,0,0.0
1082,-0.10433648641139755,0.42168678787511443,-0.9516573132703012,0,2,0,0,0,0.0,Low,0.0,1.0,-0.9323434830632866,0,0,0,0.0
1083,-1.2437203348432175,-0.2478698775347217,-0.3637268285237186,0,1,0,0,0,0.0,Low,1.0,0.0,-0.33156305188297736,0,0,0,0.0
1084,-0.9329792852709029,-0.6942409878079457,-0.3891502387131158,0,2,0,0,0,0.0,Low,1.0,0.0,-0.24919795557502034,0,0,0,0.0
1085,-0.8811891103421838,1.3144290084215626,-0.2780781844189936,0,1,0,0,0,0.0,Low,1.0,0.0,-0.5260345409851027,0,0,0,0.0
1086,-0.5704480607698693,-0.024684322398109648,-0.4567482615833685,0,1,0,0,1,0.4,Medium,0.0,0.0,-0.46010376905243916,0,0,0,0.0
1087,-0.41507753598371205,-1.1406120980811698,-0.22136985557986597,0,1,0,0,0,0.0,Low,1.0,0.0,0.0773794115188957,0,0,0,0.0
1088,-1.3990908596293747,1.0912434532849506,-0.6987085060025707,0,1,0,0,0,0.0,Low,1.0,0.0,-0.7955506837055197,0,0,0,0.0
1089,-1.036559635128341,1.5376145635581746,0.7229968400220657,0,1,0,0,0,0.0,Low,1.0,0.0,0.10813188177741201,0,0,0,0.0
1090,-1.3990908596293747,-1.3637976532177818,0.21516422148885625,0,1,0,0,1,0.4,Medium,0.0,0.0,0.7086993520876426,0,0,0,0.0
1091,-1.2955105097719366,0.6448723430117265,-0.7047960003312541,0,3,0,0,0,0.0,Low,0.0,1.0,-0.757522442655827,0,0,0,0.0
1092,0.7243063124481078,-0.6942409878079457,-0.20392657136658507,0,3,0,0,0,0.0,Low,1.0,0.0,-0.058633944180981994,0,0,0,0.0
1093,1.2939982366640177,-0.9174265429445578,2.370730426747215,0,1,0,0,0,0.0,Low,1.0,0.0,2.8195794484293675,0,0,0,0.0
1094,0.25819473808963606,-0.2478698775347217,-0.9277593076922677,0,2,1,0,0,0.3,Medium,1.0,0.0,-0.8538281813559504,0,0,1,0.0
1095,-0.8293989354134648,-1.1406120980811698,-0.8316305689428025,0,3,0,0,0,0.0,Low,1.0,0.0,-0.628958215851852,0,0,0,0.0
1096,1.2939982366640177,-0.6942409878079457,0.7902135117394774,0,1,0,0,0,0.0,Low,1.0,0.0,0.9641690530723936,0,0,0,0.0
1097,-0.8811891103421838,-0.9174265429445578,1.847940368552577,0,1,0,0,0,0.0,Low,0.0,1.0,2.250077372877865,0,0,0,0.0
1098,-1.036559635128341,0.1985012327385024,0.0885273905121142,0,2,0,0,0,0.0,Low,1.0,0.0,-0.03965865434732787,0,0,0,0.0
1099,-0.15612666134011663,0.6448723430117265,-0.14631429905405666,0,1,0,0,0,0.0,Low,0.0,1.0,-0.3265846143121677,0,0,0,0.0
1100,-0.5186578858411502,-0.6942409878079457,-1.0066142516297147,0,1,0,0,0,0.0,Low,1.0,0.0,-0.8844646084736911,0,0,0,0.0
1101,1.3457884115927368,0.42168678787511443,-0.5829754931737258,0,1,0,0,0,0.0,Low,1.0,0.0,-0.6354909225420566,0,0,0,0.0
1102,0.5689357876619505,-0.9174265429445578,-0.6176643239654811,0,1,0,0,0,0.0,Low,1.0,0.0,-0.435832521291882,0,0,0,0.0
1103,-1.606251559344251,-0.6942409878079457,-0.5763512824077106,0,3,0,0,0,0.0,Low,1.0,0.0,-0.4417963547679884,0,0,0,0.0
1104,0.1546143882321979,-0.9174265429445578,-0.770896866823687,0,1,0,0,0,0.0,Low,1.0,0.0,-0.6027566045484402,0,0,0,0.0
1105,0.4653554378045124,0.6448723430117265,-1.0306676224922389,0,2,0,0,0,0.0,Low,1.0,0.0,-1.0089727746035497,0,0,0,0.0
1106,0.3099849130183551,-0.4710554326713337,0.49751943987565594,0,2,0,0,0,0.0,Low,1.0,0.0,0.5592838166759878,0,0,0,0.0
1107,1.0868375369491414,-0.9174265429445578,0.1560547927985075,0,1,0,0,0,0.0,Low,1.0,0.0,0.4070194725134694,0,0,0,0.0
1108,0.25819473808963606,0.8680578981483386,-1.0294529484498565,0,2,0,0,0,0.0,Low,1.0,0.0,-1.0200443489455684,0,0,0,0.0
1109,-0.984769460199622,-0.4710554326713337,-0.19204818916142785,0,1,0,0,1,0.4,Medium,0.0,0.0,-0.11282590518427864,0,0,0,0.0
1110,-1.554461384415532,0.42168678787511443,-0.48621116916952556,0,1,0,0,0,0.0,Low,1.0,0.0,-0.5575789242226701,0,0,0,0.0
1111,-0.4668677109124311,0.8680578981483386,2.10861506769453,0,2,0,1,0,0.2,Low,0.0,1.0,1.3045076004919278,0,0,1,0.0
1112,-1.08834981005706,-1.1406120980811698,1.3358705149878014,0,1,0,0,0,0.0,Low,1.0,0.0,1.8797852431696562,0,0,0,0.0
1113,-0.052546311482678465,-0.9174265429445578,2.0944062062220112,0,2,0,0,0,0.0,Low,0.0,1.0,2.5185652752492307,0,0,0,0.0
1114,-0.9329792852709029,-1.1406120980811698,-0.5929047472643626,0,1,0,0,0,0.0,Low,1.0,0.0,-0.35264839156827815,0,0,0,0.0
1115,0.4135652628757933,0.8680578981483386,-1.1999592861200807,0,2,0,0,0,0.0,Low,0.0,1.0,-1.1463484435616396,0,0,0,0.0
1116,1.6565294611650514,-0.2478698775347217,-0.9652023412545411,0,1,0,0,0,0.0,Low,1.0,0.0,-0.8884985088521403,0,0,0,0.0
1117,1.0868375369491414,0.42168678787511443,-0.5804614003883298,0,1,0,0,0,0.0,Low,1.0,0.0,-0.6334666435023761,0,0,0,0.0
1118,0.4135652628757933,0.1985012327385024,-0.4322146707506002,0,1,0,1,0,0.2,Low,1.0,0.0,-0.4780044944958238,0,0,1,0.0
1119,-0.0007561365539593763,-1.1406120980811698,2.1467219347450817,0,1,0,0,0,0.0,Low,1.0,0.0,2.8182937452579115,0,0,0,0.0
1120,-0.20791683626883573,-2.25653987376423,0.7143811287912142,0,1,0,0,0,0.0,Low,1.0,0.0,2.2825910550379196,0,0,0,0.0
1121,-1.08834981005706,-1.3637976532177818,0.15798979679625624,0,1,0,1,0,0.2,Low,1.0,0.0,0.638111908001347,0,0,1,0.0
1122,-1.08834981005706,0.42168678787511443,1.3634125426929817,0,1,0,0,0,0.0,Low,1.0,0.0,0.9316877142119034,0,0,0,0.0
1123,-0.8293989354134648,-0.9174265429445578,0.3547669916621906,0,1,0,0,0,0.0,Low,0.0,1.0,0.6234868821674945,0,0,0,0.0
1124,-0.10433648641139755,-1.810168763491006,0.627673175928598,0,1,0,0,0,0.0,Low,1.0,0.0,1.606634308951893,0,0,0,0.0
1125,0.25819473808963606,1.9839856738313988,-0.4858298180166846,0,1,0,0,0,0.0,Low,1.0,0.0,-0.7325016524302036,0,0,0,0.0
1126,0.6207259625906697,-0.9174265429445578,-1.103731678553212,0,3,0,0,0,0.0,Low,1.0,0.0,-0.965330668696361,0,0,0,0.0
1127,-0.2597070111975548,0.1985012327385024,-1.164677242423906,0,3,0,1,0,0.2,Low,1.0,0.0,-1.0945706320167996,0,0,1,0.0
1128,1.4493687614501751,0.42168678787511443,-1.160298766224621,0,1,0,0,0,0.0,Low,1.0,0.0,-1.1003358986484533,0,0,0,0.0
1129,1.4493687614501751,-0.024684322398109648,0.4798925421443405,0,1,0,0,0,0.0,Low,1.0,0.0,0.36587843637223083,0,0,0,0.0
1130,1.1904178868065796,-0.6942409878079457,-0.8106703796533217,0,1,0,0,1,0.4,Medium,0.0,0.0,-0.6828713089411691,0,0,0,0.0
1131,-0.9329792852709029,0.1985012327385024,-0.48047677776013936,0,1,0,1,0,0.2,Low,0.0,1.0,-0.5186301620156213,0,0,1,0.0
1132,1.1386277118778605,0.42168678787511443,-1.0625033816960732,0,1,0,0,0,0.0,Low,0.0,1.0,-1.021593718475715,0,0,0,0.0
1133,-1.2437203348432175,1.3144290084215626,1.1221867523459175,0,1,0,0,0,0.0,Low,1.0,0.0,0.4343902513287066,0,0,0,0.0
1134,-0.20791683626883573,0.8680578981483386,-0.23807868572100876,0,1,0,0,0,0.0,Low,0.0,1.0,-0.4338267858790951,0,0,0,0.0
1135,-0.4668677109124311,-0.4710554326713337,-0.004508166664307743,0,1,0,0,0,0.0,Low,1.0,0.0,0.06996613297189318,0,0,0,0.0
1136,-1.5026712094868129,0.6448723430117265,0.0997560633457647,0,1,0,0,0,0.0,Low,1.0,0.0,-0.13671084163562355,0,0,0,0.0
1137,1.6047392862363323,0.1985012327385024,0.2366752513324407,0,1,0,0,0,0.0,Low,1.0,0.0,0.0850479966960305,0,0,0,0.0
1138,0.7760964873768269,-1.586983208354394,1.2135839119768006,0,2,0,0,0,0.0,Low,1.0,0.0,2.1734610584041967,0,0,0,0.0
1139,-1.606251559344251,0.1985012327385024,0.526473879258025,0,2,0,0,0,0.0,Low,1.0,0.0,0.32899223028432517,0,0,0,0.0
1140,0.5689357876619505,-0.4710554326713337,-0.9053302102585106,0,2,0,0,0,0.0,Low,1.0,0.0,-0.8080496375931377,0,0,0,0.0
1141,-1.036559635128341,-0.9174265429445578,-0.8361220380762626,0,1,0,0,0,0.0,Low,1.0,0.0,-0.6738097353880368,0,0,0,0.0
1142,-0.20791683626883573,-0.9174265429445578,4.563513679699497,0,1,0,0,0,0.0,Low,1.0,0.0,5.2082909287191566,0,0,0,0.0
1143,-0.8293989354134648,1.3144290084215626,0.8997177890719199,0,1,0,0,0,0.0,Low,1.0,0.0,0.2818014788480246,0,0,0,0.0
1144,1.4493687614501751,-0.4710554326713337,3.2976114657855504,0,1,0,0,0,0.0,Low,1.0,0.0,3.2884854112250848,0,0,0,0.0
1145,0.1546143882321979,-1.810168763491006,-0.42636728640703886,0,1,0,0,0,0.0,Low,1.0,0.0,0.10511527110946983,0,0,0,0.0
1146,-0.4668677109124311,0.6448723430117265,1.8396918843577945,0,2,0,0,0,0.0,Low,1.0,0.0,1.205865222091319,0,0,0,0.0
1147,0.7243063124481078,0.1985012327385024,0.27610978535954994,0,3,0,0,0,0.0,Low,0.0,1.0,0.11824286462558083,0,0,0,0.0
1148,1.6047392862363323,-0.6942409878079457,0.06136671395977481,0,2,0,0,0,0.0,Low,1.0,0.0,0.21430824172829188,0,0,0,0.0
1149,0.9832571870917033,-0.024684322398109648,-0.2007486450929104,0,2,0,0,0,0.0,Low,1.0,0.0,-0.2343490005487501,0,0,0,0.0
1150,-0.984769460199622,1.0912434532849506,0.6917825419561944,0,1,0,0,0,0.0,Low,1.0,0.0,0.19485189336116432,0,0,0,0.0
1151,0.7760964873768269,0.1985012327385024,0.3308972343177009,0,2,0,0,0,0.0,Low,1.0,0.0,0.16436137920248875,0,0,0,0.0
1152,-1.1401399849857792,-0.6942409878079457,-0.3813960986053497,0,3,0,0,0,0.0,Low,0.0,1.0,-0.24122024913493134,0,0,0,0.0
1153,1.2939982366640177,-0.6942409878079457,-0.6755732027302193,0,1,0,0,0,0.0,Low,1.0,0.0,-0.5438790282500013,0,0,0,0.0
1154,0.1546143882321979,1.5376145635581746,-0.356269294868162,0,1,0,0,0,0.0,Low,1.0,0.0,-0.6056860130779975,0,0,0,0.0
1155,1.3975785865214558,-1.810168763491006,-0.22646866173451732,0,1,0,0,0,0.0,Low,0.0,1.0,0.38987814436692125,0,0,0,0.0
1156,0.4653554378045124,-1.1406120980811698,-0.5479759318129889,0,1,0,0,0,0.0,Low,1.0,0.0,-0.3006461698758128,0,0,0,0.0
1157,0.25819473808963606,1.9839856738313988,-0.8543139004784535,0,1,0,0,0,0.0,Low,1.0,0.0,-0.9599665522285441,0,0,0,0.0
1158,1.1386277118778605,-0.6942409878079457,-0.1641813067704941,0,3,0,0,0,0.0,Low,1.0,0.0,-0.01774274942249311,0,0,0,0.0
1159,1.5011589363788942,-0.4710554326713337,0.18680299501090625,0,1,0,0,0,0.0,Low,1.0,0.0,0.2564338357001163,0,0,0,0.0
1160,0.6207259625906697,0.1985012327385024,0.03841502420545788,0,1,0,0,0,0.0,Low,1.0,0.0,-0.08184181746124113,0,0,0,0.0
1161,-1.1919301599144982,-0.024684322398109648,-0.9720666620056783,0,1,0,0,0,0.0,Low,1.0,0.0,-0.9145403334031754,0,0,0,0.0
1162,1.4493687614501751,-2.033354318627618,2.0823018381485032,0,1,0,0,1,0.4,Medium,0.0,0.0,4.094394371237145,0,0,0,0.0
1163,-0.4668677109124311,0.6448723430117265,2.659229635929786,0,1,0,0,0,0.0,Low,1.0,0.0,1.8382401380472255,0,0,0,0.0
1164,0.9314670121629842,0.6448723430117265,0.45650300477009514,0,2,0,1,0,0.2,Low,1.0,0.0,0.13856362457170923,0,0,1,0.0
1165,-1.554461384415532,-0.2478698775347217,0.72744593680521,0,1,0,1,0,0.2,Low,1.0,0.0,0.6788069296506531,0,0,1,0.0
1166,1.2939982366640177,-0.2478698775347217,0.0024126505539170235,0,3,0,0,0,0.0,Low,0.0,1.0,0.007463315406246924,0,0,0,0.0
1167,-0.7258185855560266,-0.4710554326713337,0.12475575003200537,0,1,0,0,0,0.0,Low,0.0,1.0,0.19595745193599062,0,0,0,0.0
1168,1.5011589363788942,-1.1406120980811698,-1.1798041714865974,0,1,0,0,0,0.0,Low,1.0,0.0,-1.0319468253900355,0,0,0,0.0
1169,1.0350473620204224,-0.2478698775347217,-0.3076399608225539,0,3,0,0,0,0.0,Low,1.0,0.0,-0.2796294907787259,0,0,0,0.0
1170,1.1904178868065796,-0.6942409878079457,-0.2950412486620303,0,3,0,0,0,0.0,Low,1.0,0.0,-0.15237562768738291,0,0,0,0.0
1171,0.36177508794707425,-0.6942409878079457,2.5751063964364254,0,1,0,0,0,0.0,Low,1.0,0.0,2.8005237311177953,0,0,0,0.0
1172,-1.606251559344251,0.6448723430117265,-0.4684995267375789,0,2,0,0,0,0.0,Low,1.0,0.0,-0.5751904361767439,0,0,0,0.0
1173,-1.4508810345580938,-0.024684322398109648,2.0431639105736035,0,1,0,0,0,0.0,Low,1.0,0.0,1.744458493351917,0,0,0,0.0
1174,-1.5026712094868129,-0.6942409878079457,-0.20258478027325585,0,1,0,0,0,0.0,Low,1.0,0.0,-0.05725346674599412,0,0,0,0.0
1175,-1.5026712094868129,0.42168678787511443,-0.5728767496818263,0,1,0,0,0,0.0,Low,0.0,1.0,-0.6273596893208683,0,0,0,0.0
1176,1.0350473620204224,-0.2478698775347217,-1.163801547184049,0,1,0,0,0,0.0,Low,1.0,0.0,-1.072391181399831,0,0,0,0.0
1177,0.6725161375193888,1.0912434532849506,0.10688874231556775,0,1,0,0,1,0.4,Medium,0.0,0.0,-0.221749369426383,0,0,0,0.0
1178,0.7760964873768269,-0.6942409878079457,-0.7837074407357887,0,1,0,0,0,0.0,Low,1.0,0.0,-0.6551309781686193,0,0,0,0.0
1179,-1.2955105097719366,-1.810168763491006,-1.1277709252989645,0,1,0,0,0,0.0,Low,1.0,0.0,-0.8940597649934786,0,0,0,0.0
1180,-0.7258185855560266,0.1985012327385024,0.4477178041379812,0,1,0,0,0,0.0,Low,1.0,0.0,0.26269760865997904,0,0,0,0.0
1181,1.3975785865214558,-0.4710554326713337,0.15089949017676882,0,1,0,0,0,0.0,Low,1.0,0.0,0.22143930632875108,0,0,0,0.0
1182,0.051034038374759706,-0.6942409878079457,0.25061575458629337,0,2,0,0,0,0.0,Low,1.0,0.0,0.4090136854272942,0,0,0,0.0
1183,0.827886662305546,0.6448723430117265,-0.21062140271645968,0,1,0,0,0,0.0,Low,1.0,0.0,-0.3762055124292786,0,0,0,0.0
1184,1.4493687614501751,0.6448723430117265,-0.730911492242474,0,1,0,0,0,0.0,Low,1.0,0.0,-0.7776737803712976,0,0,0,0.0
1185,-0.8811891103421838,-0.2478698775347217,-0.9195390717310293,0,3,0,0,0,0.0,Low,1.0,0.0,-0.8462166647196686,0,0,0,0.0
1186,-1.606251559344251,-0.024684322398109648,1.7581957305840048,0,1,0,0,0,0.0,Low,0.0,1.0,1.4931576266302382,0,0,0,0.0
1187,-0.10433648641139755,0.42168678787511443,0.5574621914555459,0,1,0,0,0,0.0,Low,1.0,0.0,0.2827584413902955,0,0,0,0.0
1188,-1.08834981005706,0.42168678787511443,0.9220056453379581,0,1,0,0,0,0.0,Low,1.0,0.0,0.5762789021439614,0,0,0,0.0
1189,-1.036559635128341,0.1985012327385024,-0.34697562603226023,0,1,0,0,0,0.0,Low,1.0,0.0,-0.4062526936524006,0,0,0,0.0
1190,-1.1919301599144982,-0.024684322398109648,-0.8014190831677354,0,1,0,0,0,0.0,Low,0.0,1.0,-0.7640537616480543,0,0,0,0.0
1191,1.1386277118778605,0.6448723430117265,-0.8573223373508657,0,2,0,0,0,0.0,Low,1.0,0.0,-0.8752154096592709,0,0,0,0.0
1192,1.7083196360937705,-1.1406120980811698,-0.14488776326009603,0,1,0,0,0,0.0,Low,1.0,0.0,0.16590252703750602,0,0,0,0.0
1193,-0.2597070111975548,1.9839856738313988,-0.7787498757488562,0,1,0,1,0,0.2,Low,1.0,0.0,-0.9133209462673679,0,0,1,0.0
1194,-1.2955105097719366,-0.024684322398109648,-1.206046780448764,0,1,0,0,0,0.0,Low,1.0,0.0,-1.1208770779566715,0,0,0,0.0
1195,1.7083196360937705,0.8680578981483386,0.38156044117846094,0,1,0,0,1,0.4,Medium,0.0,0.0,0.025176439344700218,0,0,0,0.0
1196,-0.4668677109124311,-1.1406120980811698,0.9214548047838547,0,2,0,0,0,0.0,Low,1.0,0.0,1.400125643459306,0,0,0,0.0
1197,0.4135652628757933,-0.2478698775347217,-0.6442317876134012,0,2,0,0,0,0.0,Low,1.0,0.0,-0.5912962484406284,0,0,0,0.0
1198,-1.2955105097719366,-1.1406120980811698,-1.139465693986087,0,1,0,0,0,0.0,Low,1.0,0.0,-0.9852576254045966,0,0,0,0.0
1199,0.3099849130183551,0.42168678787511443,-0.05877302330189886,0,2,0,1,0,0.2,Low,1.0,0.0,-0.21341737041452613,0,0,1,0.0
1200,-0.4668677109124311,-1.3637976532177818,-0.35706024540738773,0,2,0,0,1,0.4,Medium,0.0,0.0,0.0022320324947130888,0,0,0,0.0
1201,-1.5026712094868129,-1.810168763491006,-0.527524210727296,0,1,0,0,0,0.0,Low,1.0,0.0,-0.038986452784394755,0,0,0,0.0
1202,-1.1919301599144982,0.6448723430117265,0.2266895007747161,0,3,0,0,0,0.0,Low,1.0,0.0,-0.03876596762321962,0,0,0,0.0
1203,1.2939982366640177,0.1985012327385024,-0.11021305658511267,0,2,0,0,0,0.0,Low,1.0,0.0,-0.20695270400230875,0,0,0,0.0
1204,0.20640456316091696,0.1985012327385024,0.18183130590720192,0,1,0,0,0,0.0,Low,1.0,0.0,0.03888192500174485,0,0,0,0.0
1205,-1.5026712094868129,-0.9174265429445578,-0.15433679738048875,0,1,0,0,0,0.0,Low,0.0,1.0,0.06889396291386364,0,0,0,0.0
1206,0.7243063124481078,0.42168678787511443,-0.7800775427254137,0,2,0,0,0,0.0,Low,1.0,0.0,-0.7941921247821733,0,0,0,0.0
1207,-0.8293989354134648,-0.6942409878079457,-0.8192719667674011,0,1,0,0,0,0.0,Low,1.0,0.0,-0.6917208958665139,0,0,0,0.0
1208,0.1546143882321979,-0.9174265429445578,-0.20911012222186784,0,2,0,0,0,0.0,Low,0.0,1.0,0.009226565469957967,0,0,0,0.0
1209,1.3457884115927368,1.7608001186947866,0.8072189483328297,0,1,0,0,0,0.0,Low,1.0,0.0,0.11307389793681781,0,0,0,0.0
1210,0.7243063124481078,0.42168678787511443,-0.13059415708694605,0,1,0,0,0,0.0,Low,1.0,0.0,-0.27124579129528525,0,0,0,0.0
1211,-0.3114971861262739,-0.024684322398109648,-0.7137789385981744,0,1,0,0,0,0.0,Low,1.0,0.0,-0.6867677843478949,0,0,0,0.0
1212,0.3099849130183551,1.5376145635581746,-0.06316562361795584,0,1,0,0,1,0.4,Medium,0.0,0.0,-0.4118296148991607,0,0,0,0.0
1213,0.5689357876619505,-1.586983208354394,-0.022615284365867228,0,1,0,0,0,0.0,Low,1.0,0.0,0.5382367528717646,0,0,0,0.0
1214,1.4493687614501751,-1.1406120980811698,-0.7745691371843775,0,2,1,0,0,0.3,Medium,1.0,0.0,-0.5629132690937382,0,0,1,0.0
1215,1.2422080617352986,-1.1406120980811698,2.6206425489089895,0,1,0,0,0,0.0,Low,1.0,0.0,3.3668264540504236,0,0,0,0.0
1216,1.7083196360937705,0.42168678787511443,0.7297905401893434,0,1,0,1,0,0.2,Low,1.0,0.0,0.4215125344416508,0,0,1,0.0
1217,1.1386277118778605,-0.4710554326713337,-0.34313386627030684,0,1,0,0,0,0.0,Low,1.0,0.0,-0.2600865191439539,0,0,0,0.0
1218,0.3099849130183551,-0.9174265429445578,2.422467066482638,0,1,0,0,0,0.0,Low,1.0,0.0,2.8759388287380383,0,0,0,0.0
1219,0.3099849130183551,-1.1406120980811698,0.11227003080565674,0,2,0,0,0,0.0,Low,1.0,0.0,0.4635461769446784,0,0,0,0.0
1220,-0.052546311482678465,-0.2478698775347217,0.02225703461841884,0,2,0,0,0,0.0,Low,1.0,0.0,0.025838196633009278,0,0,0,0.0
1221,-1.4508810345580938,0.8680578981483386,1.5495260293961408,0,1,0,0,0,0.0,Low,1.0,0.0,0.8903573949516228,0,0,0,0.0
1222,-0.7776087604847457,-0.6942409878079457,0.7405248689359779,0,1,0,0,0,0.0,Low,0.0,1.0,0.9130477939535724,0,0,0,0.0
1223,0.3099849130183551,0.6448723430117265,0.2718866744447556,0,1,0,0,1,0.4,Medium,0.0,0.0,-0.003890748212994484,0,0,0,0.0
1224,1.2939982366640177,-1.1406120980811698,-0.5482019176813391,0,1,0,0,0,0.0,Low,1.0,0.0,-0.3009077340213894,0,0,0,0.0
1225,1.2939982366640177,-0.024684322398109648,-0.22255628138870456,0,2,0,0,0,0.0,Low,1.0,0.0,-0.2535801929663885,0,0,0,0.0
1226,0.7243063124481078,0.8680578981483386,-0.35755458949440383,0,1,0,0,0,0.0,Low,1.0,0.0,-0.5223296301764233,0,0,0,0.0
1227,0.36177508794707425,0.42168678787511443,-0.7026208863483835,0,1,0,0,0,0.0,Low,1.0,0.0,-0.7318261345933664,0,0,0,0.0
1228,-1.08834981005706,-1.3637976532177818,3.489586460949042,0,1,0,0,0,0.0,Low,0.0,1.0,4.751295285243292,0,0,0,0.0
1229,0.5689357876619505,-0.024684322398109648,0.7532648222642203,0,3,0,0,0,0.0,Low,1.0,0.0,0.6069533905454118,0,0,0,0.0
1230,0.9832571870917033,-0.2478698775347217,-0.38859939815901207,0,3,0,0,0,0.0,Low,1.0,0.0,-0.3545937749010047,0,0,0,0.0
1231,0.4135652628757933,-0.6942409878079457,0.1531311006267269,0,3,0,0,0,0.0,Low,0.0,1.0,0.3087183669400553,0,0,0,0.0
1232,1.5011589363788942,-0.2478698775347217,-0.34852927887716767,0,2,0,0,0,0.0,Low,1.0,0.0,-0.31749090085095144,0,0,0,0.0
1233,-0.363287361054993,1.0912434532849506,-0.7940604183295822,0,2,0,0,0,0.0,Low,1.0,0.0,-0.8634668201204514,0,0,0,0.0
1234,0.20640456316091696,0.42168678787511443,-1.2096625543423671,0,2,0,0,0,0.0,Low,1.0,0.0,-1.1400822764219545,0,0,0,0.0
1235,1.3457884115927368,0.1985012327385024,0.2501355346160493,0,2,0,0,0,0.0,Low,1.0,0.0,0.09637847991123877,0,0,0,0.0
1236,-1.3990908596293747,0.6448723430117265,-0.1931216220360913,0,3,0,0,0,0.0,Low,1.0,0.0,-0.36270226341388206,0,0,0,0.0
1237,-1.5026712094868129,-0.9174265429445578,1.1698273982174936,0,1,0,1,0,0.2,Low,0.0,1.0,1.5113740673906673,0,0,1,0.0
1238,0.5689357876619505,-0.024684322398109648,-0.6379324315331395,0,1,0,0,0,0.0,Low,0.0,1.0,-0.6198820956932847,0,0,0,0.0
1239,1.2422080617352986,-0.6942409878079457,1.1726522215718709,0,1,0,0,0,0.0,Low,1.0,0.0,1.357634184726837,0,0,0,0.0
1240,-0.15612666134011663,-0.6942409878079457,1.3735254103016528,0,1,0,0,0,0.0,Low,0.0,1.0,1.5642989224152628,0,0,0,0.0
1241,-0.5704480607698693,-0.2478698775347217,0.9348727157171477,0,2,0,0,0,0.0,Low,1.0,0.0,0.8708734817476153,0,0,0,0.0
1242,0.4135652628757933,-1.3637976532177818,0.6740708995242477,0,2,0,0,0,0.0,Low,0.0,1.0,1.2752647290164538,0,0,0,0.0
1243,-1.2437203348432175,-1.3637976532177818,-0.28141147597715904,0,1,0,0,0,0.0,Low,1.0,0.0,0.09562787007529605,0,0,0,0.0
1244,-0.10433648641139755,1.7608001186947866,1.1417486540749817,0,1,0,0,0,0.0,Low,0.0,1.0,0.32669964924660605,0,0,0,0.0
1245,0.9832571870917033,0.8680578981483386,0.866752100526335,0,3,0,0,0,0.0,Low,0.0,1.0,0.3845865004987158,0,0,0,0.0
1246,-0.20791683626883573,-0.4710554326713337,-0.0959053262951908,0,1,0,0,0,0.0,Low,1.0,0.0,-0.019117108397935643,0,0,0,0.0
1247,0.25819473808963606,-0.4710554326713337,-1.1252850807471122,0,1,0,0,0,0.0,Low,0.0,1.0,-1.0224358712281778,0,0,0,0.0
1248,-0.15612666134011663,-0.4710554326713337,-0.4269040028443706,0,2,0,0,0,0.0,Low,0.0,1.0,-0.3417358321658137,0,0,0,0.0
1249,-1.65804173427297,-0.6942409878079457,0.9573441855012206,0,1,0,0,0,0.0,Low,0.0,1.0,1.1361184161062245,0,0,0,0.0
1250,-1.1401399849857792,1.7608001186947866,0.09385218253511571,0,1,0,0,0,0.0,Low,1.0,0.0,-0.3424716296715195,0,0,0,0.0
1251,0.25819473808963606,-1.1406120980811698,-0.5720999232593725,0,1,0,0,0,0.0,Low,0.0,1.0,-0.32856814241612425,0,0,0,0.0
1252,1.6565294611650514,1.0912434532849506,-0.15981695468798102,0,1,0,1,0,0.2,Low,0.0,1.0,-0.4117153602311753,0,0,1,0.0
1253,-1.08834981005706,-0.2478698775347217,-0.09873014964956826,0,1,0,0,0,0.0,Low,1.0,0.0,-0.08618972691748626,0,0,0,0.0
1254,0.6207259625906697,-0.2478698775347217,-0.8126618801181578,0,1,0,0,1,0.4,Medium,0.0,0.0,-0.7472538702407288,0,0,0,0.0
1255,-0.363287361054993,-1.810168763491006,-0.5937804425042197,0,1,1,0,0,0.3,Medium,1.0,0.0,-0.13337086869979817,0,0,1,0.0
1256,-0.8811891103421838,-0.9174265429445578,3.251623341576285,0,1,0,0,0,0.0,Low,1.0,0.0,3.7791813679191835,0,0,0,0.0
1257,1.3457884115927368,1.3144290084215626,-1.3493218209827893,0,2,0,1,0,0.2,Low,1.0,0.0,-1.2607876010319141,0,0,1,0.0
1258,1.5529491113076133,-0.4710554326713337,-0.17067840048556232,0,1,0,1,0,0.2,Low,1.0,0.0,-0.09199713927598754,0,0,1,0.0
1259,0.051034038374759706,0.8680578981483386,0.9572453166838171,0,1,0,0,0,0.0,Low,1.0,0.0,0.4516201597271093,0,0,0,0.0
1260,-0.20791683626883573,-0.024684322398109648,-0.18628554951849777,0,1,0,0,0,0.0,Low,1.0,0.0,-0.2215946345930106,0,0,0,0.0
1261,1.5011589363788942,-0.4710554326713337,-0.6628897458690644,0,1,0,0,1,0.4,Medium,0.0,0.0,-0.5717470818655667,0,0,0,0.0
1262,-0.3114971861262739,-0.024684322398109648,-0.48403605518665493,0,1,0,0,0,0.0,Low,1.0,0.0,-0.4841676704454945,0,0,0,0.0
1263,1.3457884115927368,-0.024684322398109648,2.4972966371400975,0,1,0,0,0,0.0,Low,1.0,0.0,2.144938111100834,0,0,0,0.0
1264,0.1546143882321979,-0.4710554326713337,0.5111350884437554,0,3,0,0,0,0.0,Low,1.0,0.0,0.5725547554305104,0,0,0,0.0
1265,-0.6222382356985884,0.1985012327385024,0.4298931687718595,0,3,0,0,0,0.0,Low,1.0,0.0,0.24769333812735292,0,0,0,0.0
1266,-0.7258185855560266,-0.4710554326713337,-0.28608655862865384,0,1,0,0,0,0.0,Low,0.0,1.0,-0.2044834884079412,0,0,0,0.0
1267,1.5529491113076133,2.4303567841046227,0.03515235323115198,0,1,0,0,0,0.0,Low,1.0,0.0,-0.46698461870348784,0,0,0,0.0
1268,-0.8811891103421838,0.42168678787511443,-0.8948501156137703,0,1,0,1,0,0.2,Low,0.0,1.0,-0.8866038746498327,0,0,1,0.0
1269,-1.1401399849857792,0.1985012327385024,2.649032023620483,0,1,0,0,0,0.0,Low,1.0,0.0,2.1157012408806484,0,0,0,0.0
1270,-0.6222382356985884,0.1985012327385024,0.600568995843346,0,2,0,0,0,0.0,Low,1.0,0.0,0.391363389725021,0,0,0,0.0
1271,-0.8811891103421838,-1.3637976532177818,-0.17802294120694379,0,1,0,0,0,0.0,Low,1.0,0.0,0.2232711731167197,0,0,0,0.0
1272,-1.2437203348432175,-0.4710554326713337,-0.03921112157283486,0,2,0,0,0,0.0,Low,1.0,0.0,0.03614175898863424,0,0,0,0.0
1273,1.6047392862363323,2.207171228968011,0.3203041467387854,0,3,0,0,0,0.0,Low,1.0,0.0,-0.26950105205774993,0,0,0,0.0
1274,-0.6222382356985884,0.42168678787511443,-0.8991014747621083,0,1,0,0,0,0.0,Low,1.0,0.0,-0.8900269532506407,0,0,0,0.0
1275,0.827886662305546,-0.4710554326713337,-0.4441777976563888,0,1,0,0,0,0.0,Low,1.0,0.0,-0.3585723032205658,0,0,0,0.0
1276,-1.036559635128341,-0.024684322398109648,-0.8838333045316982,0,1,0,0,0,0.0,Low,0.0,1.0,-0.8367312278118627,0,0,0,0.0
1277,1.5529491113076133,1.3144290084215626,0.5917414228609165,0,1,0,0,0,0.0,Low,1.0,0.0,0.07056421239248088,0,0,0,0.0
1278,0.6725161375193888,1.3144290084215626,-1.0321224065197434,0,3,0,1,0,0.2,Low,1.0,0.0,-1.0432243572777933,0,0,1,0.0
1279,-0.2597070111975548,1.3144290084215626,-0.851997545327864,0,1,0,0,0,0.0,Low,1.0,0.0,-0.9196788925170709,0,0,0,0.0
1280,0.1028242133034788,0.1985012327385024,0.770453872375607,0,1,0,0,0,0.0,Low,1.0,0.0,0.5343676416794026,0,0,0,0.0
1281,0.9314670121629842,1.0912434532849506,0.03936134002917443,0,2,0,0,0,0.0,Low,0.0,1.0,-0.26984699173415766,0,0,0,0.0
1282,-1.3990908596293747,-0.4710554326713337,2.2134583864922495,0,1,0,0,0,0.0,Low,1.0,0.0,2.2317800296292423,0,0,0,0.0
1283,-0.2597070111975548,-2.033354318627618,-0.452807633004012,0,1,0,0,0,0.0,Low,1.0,0.0,0.1820922577980964,0,0,0,0.0
1284,-1.1919301599144982,1.3144290084215626,-0.3224844075498075,0,1,0,0,1,0.4,Medium,0.0,0.0,-0.5564922326033661,0,0,0,0.0
1285,-0.052546311482678465,-0.2478698775347217,1.713563521584841,0,1,0,0,0,0.0,Low,1.0,0.0,1.591901205444314,0,0,0,0.0
1286,-1.4508810345580938,-0.2478698775347217,1.191592662162972,0,1,0,0,0,0.0,Low,1.0,0.0,1.1085829772477096,0,0,0,0.0
1287,-0.10433648641139755,-0.2478698775347217,0.8021342662949503,0,1,1,0,0,0.3,Medium,1.0,0.0,0.7479644897411296,0,0,1,0.0
1288,0.879676837234265,0.42168678787511443,-0.7484112729228422,0,1,0,0,0,0.0,Low,1.0,0.0,-0.7686953067655239,0,0,0,0.0
1289,1.2422080617352986,-0.2478698775347217,-0.70079887528481,0,1,0,0,0,0.0,Low,0.0,1.0,-0.6436744685923603,0,0,0,0.0
1290,-0.41507753598371205,-0.024684322398109648,-0.252216926609668,0,1,0,0,0,0.0,Low,0.0,1.0,-0.2797366075240573,0,0,0,0.0
1291,0.6207259625906697,0.42168678787511443,-0.2745330311092499,0,3,0,0,1,0.4,Medium,0.0,0.0,-0.3871414524940691,0,0,0,0.0
1292,-0.2597070111975548,0.1985012327385024,-0.7379311782781018,0,1,0,0,0,0.0,Low,1.0,0.0,-0.7353479459052518,0,0,0,0.0
1293,-1.554461384415532,-1.1406120980811698,-0.4857450733160534,0,1,0,0,0,0.0,Low,1.0,0.0,-0.22861794328763235,0,0,0,0.0
1294,-1.08834981005706,-0.6942409878079457,-0.22742910167500574,0,3,0,0,0,0.0,Low,0.0,1.0,-0.08281409630540496,0,0,0,0.0
1295,0.25819473808963606,-0.6942409878079457,1.0959723916172945,0,3,0,1,0,0.2,Low,1.0,0.0,1.278743532152624,0,0,1,0.0
1296,-0.984769460199622,-0.024684322398109648,1.567845008849279,0,2,0,0,0,0.0,Low,1.0,0.0,1.3252957223475228,0,0,0,0.0
1297,-0.2597070111975548,1.3144290084215626,0.5430414682314488,0,1,0,0,0,0.0,Low,1.0,0.0,0.037161502246243004,0,0,0,0.0
1298,-0.2597070111975548,-0.2478698775347217,-1.0875030683823137,0,1,0,0,0,0.0,Low,1.0,0.0,-1.0017427056795676,0,0,0,0.0
1299,-0.10433648641139755,0.1985012327385024,1.3205317241735315,0,1,0,0,0,0.0,Low,1.0,0.0,0.997407515026207,0,0,0,0.0
1300,-1.65804173427297,-0.2478698775347217,0.5496374307639204,0,2,0,0,0,0.0,Low,0.0,1.0,0.5141653782174073,0,0,0,0.0
1301,0.6725161375193888,1.0912434532849506,0.8595064286223566,0,1,0,0,0,0.0,Low,0.0,1.0,0.31431628677359397,0,0,0,0.0
1302,-0.6222382356985884,-2.033354318627618,-0.703058733968312,0,1,0,0,0,0.0,Low,1.0,0.0,-0.20410720314588354,0,0,0,0.0
1303,-0.363287361054993,-0.2478698775347217,1.791924121435272,0,1,0,0,0,0.0,Low,1.0,0.0,1.6644590994272874,0,0,0,0.0
1304,1.7083196360937705,0.42168678787511443,-0.35215917688754284,0,1,0,0,0,0.0,Low,1.0,0.0,-0.449643910932742,0,0,0,0.0
1305,1.1386277118778605,-0.024684322398109648,-0.7454169601672023,0,1,0,0,0,0.0,Low,0.0,1.0,-0.7146679598760749,0,0,0,0.0
1306,-0.6740284106273075,1.0912434532849506,0.6679410328452487,0,2,0,0,0,0.0,Low,1.0,0.0,0.17787034421757011,0,0,0,0.0
1307,0.6725161375193888,-2.033354318627618,-0.24046566145545764,0,2,0,0,0,0.0,Low,1.0,0.0,0.509788538181424,0,0,0,0.0
1308,1.2939982366640177,-1.1406120980811698,0.5084515062570968,0,1,0,0,0,0.0,Low,1.0,0.0,0.9221008196588096,0,0,0,0.0
1309,-1.4508810345580938,-1.1406120980811698,-0.4903212871501449,0,2,0,0,0,0.0,Low,1.0,0.0,-0.2339146172355603,0,0,0,0.0
1310,-0.7776087604847457,-0.4710554326713337,-0.9316575639213086,0,1,0,1,0,0.2,Low,1.0,0.0,-0.8337104569276087,0,0,1,0.0
1311,1.1904178868065796,1.9839856738313988,-0.508852128354861,0,1,0,0,0,0.0,Low,0.0,1.0,-0.7467133043398704,0,0,0,0.0
1312,-1.606251559344251,-0.2478698775347217,-1.0235208194056638,0,1,0,0,0,0.0,Low,1.0,0.0,-0.9424984267064477,0,0,0,0.0
1313,-1.7098319092016891,1.5376145635581746,0.5541288998973806,0,1,0,0,0,0.0,Low,1.0,0.0,-0.0035560083838336947,0,0,0,0.0
1314,1.2422080617352986,-1.810168763491006,-1.324675237215846,0,1,0,0,0,0.0,Low,1.0,0.0,-1.1745571306461409,0,0,0,0.0
1315,0.20640456316091696,-0.4710554326713337,1.2064371088902257,0,1,0,1,0,0.2,Low,1.0,0.0,1.2502536900857315,0,0,1,0.0
1316,-0.984769460199622,3.323099004651071,-0.9929703548280717,0,3,0,0,0,0.0,Low,0.0,1.0,-1.0893419911673423,0,0,0,0.0
1317,-0.0007561365539593763,2.207171228968011,0.9885161112167759,0,3,0,0,0,0.0,Low,1.0,0.0,0.12967958430460863,0,0,0,0.0
1318,1.3975785865214558,-1.1406120980811698,0.38955469127134934,0,1,0,0,0,0.0,Low,0.0,1.0,0.7844853835672749,0,0,0,0.0
1319,0.051034038374759706,0.1985012327385024,-1.2513851952865225,0,1,0,0,0,0.0,Low,1.0,0.0,-1.16755891791204,0,0,0,0.0
1320,1.5529491113076133,0.6448723430117265,-0.0015703503757551174,0,1,0,0,0,0.0,Low,1.0,0.0,-0.2148967241509218,0,0,0,0.0
1321,-0.4668677109124311,2.4303567841046227,-1.0460487856568241,0,1,0,0,0,0.0,Low,1.0,0.0,-1.0926950982002213,0,0,0,0.0
1322,-0.5186578858411502,1.0912434532849506,0.0038391863478776326,0,1,0,0,0,0.0,Low,1.0,0.0,-0.2951482927389798,0,0,0,0.0
1323,-1.1401399849857792,0.1985012327385024,-0.691152103529611,0,1,0,0,0,0.0,Low,1.0,0.0,-0.6959706527166157,0,0,0,0.0
1324,-0.8293989354134648,2.207171228968011,-1.2474163184736222,0,1,0,0,0,0.0,Low,0.0,1.0,-1.206035694071623,0,0,0,0.0
1325,-0.984769460199622,0.1985012327385024,0.32531820819280566,0,1,0,0,0,0.0,Low,1.0,0.0,0.15966511386145293,0,0,0,0.0
1326,-0.363287361054993,-2.479725428900842,-0.2731064953152893,0,1,0,0,0,0.0,Low,1.0,0.0,0.8129501017096581,0,0,0,0.0
1327,1.3457884115927368,-1.1406120980811698,-0.18478839314067777,0,2,0,0,0,0.0,Low,0.0,1.0,0.11972010758412203,0,0,0,0.0
1328,0.6207259625906697,-0.6942409878079457,-1.210199270779699,0,2,0,0,0,0.0,Low,0.0,1.0,-1.0939193637149345,0,0,0,0.0
1329,-0.8811891103421838,-0.2478698775347217,-1.2341114004745044,0,1,0,0,0,0.0,Low,1.0,0.0,-1.1374944972338685,0,0,0,0.0
1330,0.9832571870917033,-0.024684322398109648,-0.43756771100714564,0,1,0,0,1,0.4,Medium,0.0,0.0,-0.44318928763848014,0,0,0,0.0
1331,-1.3473006847006557,0.42168678787511443,0.9421890082049854,0,3,0,0,0,0.0,Low,1.0,0.0,0.5925299962321828,0,0,0,0.0
1332,-0.363287361054993,-0.2478698775347217,0.5789167248320428,0,1,0,0,0,0.0,Low,1.0,0.0,0.5412765019064307,0,0,0,0.0
1333,0.6207259625906697,-0.2478698775347217,0.28677349352232484,0,1,0,0,0,0.0,Low,0.0,1.0,0.2707668625510199,0,0,0,0.0
1334,0.827886662305546,-1.1406120980811698,1.4553322946444245,0,1,0,0,0,0.0,Low,1.0,0.0,2.018054589625133,0,0,0,0.0
1335,-1.606251559344251,1.7608001186947866,-0.6581440426337102,0,1,0,0,0,0.0,Low,1.0,0.0,-0.8226853620437273,0,0,0,0.0
1336,1.5529491113076133,-0.6942409878079457,0.36031776955354244,0,1,0,0,0,0.0,Low,1.0,0.0,0.5218786142436355,0,0,0,0.0
1337,0.5171456127332315,1.0912434532849506,-1.1472198340938533,0,1,0,0,0,0.0,Low,0.0,1.0,-1.1150110468896632,0,0,0,0.0
1338,0.9832571870917033,0.8680578981483386,3.440420410466103,0,1,0,0,0,0.0,Low,0.0,1.0,2.2910543196464337,0,0,0,0.0
1339,-0.5186578858411502,-0.4710554326713337,-0.7663630253399111,0,2,0,0,0,0.0,Low,1.0,0.0,-0.6726007097863465,0,0,0,0.0
1340,1.3457884115927368,0.1985012327385024,0.26407603786990197,0,1,0,0,0,0.0,Low,1.0,0.0,0.10811319862415647,0,0,0,0.0
1341,-1.606251559344251,1.5376145635581746,2.1659307335548483,0,1,0,0,0,0.0,Low,1.0,0.0,1.0624766916438415,0,0,0,0.0
1342,-0.7258185855560266,-0.2478698775347217,-0.5149961191506319,0,1,0,0,0,0.0,Low,1.0,0.0,-0.4716306518392937,0,0,0,0.0
1343,0.6207259625906697,-1.1406120980811698,0.23531933612233946,0,1,0,0,0,0.0,Low,1.0,0.0,0.6059678542111853,0,0,0,0.0
1344,-0.984769460199622,2.207171228968011,-0.021231120922222402,0,1,0,0,0,0.0,Low,0.0,1.0,-0.4735295231606498,0,0,0,0.0
1345,-0.4668677109124311,1.0912434532849506,-0.5507583828170508,0,1,0,0,0,0.0,Low,1.0,0.0,-0.6901705135164503,0,0,0,0.0
1346,-0.8811891103421838,-0.6942409878079457,-0.6957141932469306,0,1,0,0,0,0.0,Low,1.0,0.0,-0.5646007211162434,0,0,0,0.0
1347,-1.2955105097719366,-0.024684322398109648,-1.0028572365683928,0,1,0,0,0,0.0,Low,1.0,0.0,-0.9416931828011366,0,0,0,0.0
1348,0.20640456316091696,-0.9174265429445578,-0.34480051204938944,0,2,0,0,0,0.0,Low,1.0,0.0,-0.13858794903329152,0,0,0,0.0
1349,0.7243063124481078,0.6448723430117265,-0.7510524827591852,0,2,0,0,0,0.0,Low,0.0,1.0,-0.7932150500209791,0,0,0,0.0
1350,1.3457884115927368,-1.1406120980811698,-0.7886226333724055,0,1,0,0,0,0.0,Low,1.0,0.0,-0.5791792893967884,0,0,0,0.0
1351,1.5011589363788942,-1.1406120980811698,0.4465455024459146,0,1,0,0,0,0.0,Low,1.0,0.0,0.8504485915298958,0,0,0,0.0
1352,-1.65804173427297,-1.1406120980811698,-0.09113137482629288,0,3,0,0,0,0.0,Low,1.0,0.0,0.22812209816656062,0,0,0,0.0
1353,-1.1919301599144982,-0.4710554326713337,1.0509588314652898,0,1,0,0,0,0.0,Low,1.0,0.0,1.0987116840589852,0,0,0,0.0
1354,1.5529491113076133,-0.9174265429445578,-0.5584842746912732,0,3,0,0,0,0.0,Low,1.0,0.0,-0.3713646524703337,0,0,0,0.0
1355,-0.6740284106273075,-0.9174265429445578,-0.969722058621545,0,1,0,0,0,0.0,Low,1.0,0.0,-0.8193471032121482,0,0,0,0.0
1356,-0.8293989354134648,0.6448723430117265,0.4674068229179922,0,1,0,0,0,0.0,Low,1.0,0.0,0.146977271254426,0,0,0,0.0
1357,1.5529491113076133,-0.4710554326713337,0.5364878780492933,0,1,0,0,0,0.0,Low,1.0,0.0,0.5972656839205187,0,0,0,0.0
1358,0.20640456316091696,2.8767278943778467,0.08352745317486612,0,2,0,0,0,0.0,Low,1.0,0.0,-0.490122467625255,0,0,0,0.0
1359,-0.10433648641139755,-0.9174265429445578,-0.8032834665816245,0,1,0,0,0,0.0,Low,1.0,0.0,-0.6380369919488722,0,0,0,0.0
1360,-1.1919301599144982,-1.586983208354394,-0.17076314518619373,0,2,0,0,1,0.4,Medium,0.0,0.0,0.3422691583750586,0,0,0,0.0
1361,0.5689357876619505,0.1985012327385024,-0.9886907474461898,0,2,0,0,0,0.0,Low,1.0,0.0,-0.9464302113856391,0,0,0,0.0
1362,-0.052546311482678465,-0.4710554326713337,-0.7594422081216863,0,1,0,0,0,0.0,Low,1.0,0.0,-0.6658551081372636,0,0,0,0.0
1363,0.36177508794707425,2.4303567841046227,1.2782582426752727,0,1,0,0,0,0.0,Low,1.0,0.0,0.2524230420665448,0,0,0,0.0
1364,-1.3473006847006557,0.42168678787511443,-0.6191897285768448,0,1,0,0,0,0.0,Low,1.0,0.0,-0.6646496385967795,0,0,0,0.0
1365,-1.1919301599144982,-2.033354318627618,0.8580940169451678,0,1,0,0,0,0.0,Low,0.0,1.0,2.2051383447488586,0,0,0,0.0
1366,0.879676837234265,-1.586983208354394,0.14865375561003852,0,2,0,0,0,0.0,Low,1.0,0.0,0.7647886692476872,0,0,0,0.0
1367,0.36177508794707425,-1.1406120980811698,2.113840990900128,0,1,0,1,0,0.2,Low,1.0,0.0,2.780236162076503,0,0,1,0.0
1368,-0.8811891103421838,0.6448723430117265,0.10541983417129151,0,1,0,0,0,0.0,Low,1.0,0.0,-0.1323405407032796,0,0,0,0.0
1369,0.6207259625906697,0.42168678787511443,0.036141041405184156,0,1,0,0,0,0.0,Low,1.0,0.0,-0.13699515048951125,0,0,0,0.0
1370,-0.10433648641139755,0.1985012327385024,-1.1443950107394758,0,2,0,0,0,0.0,Low,0.0,1.0,-1.0774976268782486,0,0,0,0.0
1371,1.0350473620204224,1.9839856738313988,-0.7428746191482624,0,1,0,0,0,0.0,Low,1.0,0.0,-0.8911751819418752,0,0,0,0.0
1372,-0.7258185855560266,1.3144290084215626,-0.4402512931938042,0,3,0,0,0,0.0,Low,1.0,0.0,-0.6372671157818262,0,0,0,0.0
1373,-0.052546311482678465,2.207171228968011,3.0454818572905893,0,2,0,0,0,0.0,Low,1.0,0.0,1.3584826275646398,0,0,0,0.0
1374,0.3099849130183551,-0.4710554326713337,-0.699174601856043,0,2,0,0,0,0.0,Low,1.0,0.0,-0.6071133076543305,0,0,0,0.0
1375,-0.10433648641139755,1.9839856738313988,-0.9609651062229748,0,1,0,0,0,0.0,Low,1.0,0.0,-1.0258022476701967,0,0,0,0.0
1376,-1.65804173427297,0.6448723430117265,-1.0889861006433619,0,1,0,0,0,0.0,Low,0.0,1.0,-1.0539727061488058,0,0,0,0.0
1377,-0.052546311482678465,-0.6942409878079457,-1.153533314290887,0,1,0,0,0,0.0,Low,1.0,0.0,-1.035619621934175,0,0,0,0.0
1378,-0.20791683626883573,-0.9174265429445578,3.14913875027947,0,1,0,0,0,0.0,Low,0.0,1.0,3.6675396361365693,0,0,0,0.0
1379,-0.052546311482678465,-1.1406120980811698,-0.04456416182938027,0,2,0,0,0,0.0,Low,1.0,0.0,0.28202065991445696,0,0,0,0.0
1380,-0.41507753598371205,1.5376145635581746,-0.9044686391354254,0,1,0,0,0,0.0,Low,1.0,0.0,-0.968260626730426,0,0,0,0.0
1381,-0.6222382356985884,-0.024684322398109648,1.5101056194858036,0,1,0,1,0,0.2,Low,1.0,0.0,1.2743779020085941,0,0,1,0.0
1382,1.6565294611650514,0.1985012327385024,2.4262099574271887,0,1,0,0,0,0.0,Low,0.0,1.0,1.9281359699434741,0,0,0,0.0
1383,0.20640456316091696,-0.6942409878079457,-0.8826045063725438,0,1,0,0,0,0.0,Low,1.0,0.0,-0.756879430797951,0,0,0,0.0
1384,0.6207259625906697,-0.2478698775347217,-0.5845856424857209,0,1,0,0,0,0.0,Low,1.0,0.0,-0.5360669791021109,0,0,0,0.0
1385,-0.984769460199622,0.1985012327385024,1.204530353126021,0,1,0,0,0,0.0,Low,1.0,0.0,0.8997608637706919,0,0,0,0.0
1386,0.5171456127332315,-0.024684322398109648,0.5550893398378687,0,1,0,0,0,0.0,Low,1.0,0.0,0.4321911749936728,0,0,0,0.0
1387,0.7760964873768269,-0.4710554326713337,-0.36642453482714904,0,1,0,0,0,0.0,Low,1.0,0.0,-0.282787533673215,0,0,0,0.0
1388,1.3975785865214558,-0.9174265429445578,1.253399797156751,0,1,0,0,0,0.0,Low,0.0,1.0,1.6024137761775652,0,0,0,0.0
1389,1.7083196360937705,0.8680578981483386,-1.1553412012376885,0,1,0,0,1,0.4,Medium,0.0,0.0,-1.1132971981265691,0,0,0,0.0
1390,-1.4508810345580938,-0.6942409878079457,-0.9799337950476196,0,1,0,0,0,0.0,Low,1.0,0.0,-0.8570149045295598,0,0,0,0.0
1391,-1.2955105097719366,-1.586983208354394,-0.7755013288913222,0,2,0,0,0,0.0,Low,0.0,1.0,-0.45766873141147524,0,0,0,0.0
1392,-1.4508810345580938,-1.586983208354394,-0.8409242377787043,0,2,0,0,0,0.0,Low,1.0,0.0,-0.5442090972908481,0,0,0,0.0
1393,-0.10433648641139755,-0.024684322398109648,-1.3000286534489025,0,1,0,0,0,0.0,Low,1.0,0.0,-1.2037555457979707,0,0,0,0.0
1394,0.36177508794707425,1.0912434532849506,-0.5413658451637458,0,1,0,0,0,0.0,Low,1.0,0.0,-0.6834805074853542,0,0,0,0.0
1395,-1.3473006847006557,-1.810168763491006,0.36250700765318494,0,1,0,0,0,0.0,Low,1.0,0.0,1.2288954421013742,0,0,0,0.0
1396,0.827886662305546,0.1985012327385024,0.7513580665000154,0,2,0,0,1,0.4,Medium,0.0,0.0,0.5182933360057809,0,0,0,0.0
1397,1.4493687614501751,-0.4710554326713337,0.6341278972933504,0,2,0,0,0,0.0,Low,1.0,0.0,0.6924337333084999,0,0,0,0.0
1398,1.4493687614501751,0.1985012327385024,1.0863821163291831,0,1,0,0,0,0.0,Low,1.0,0.0,0.8003070420548282,0,0,0,0.0
1399,-1.3990908596293747,-0.024684322398109648,0.2187376230321437,0,3,0,1,0,0.2,Low,1.0,0.0,0.13557743390970883,0,0,1,0.0
1400,-1.554461384415532,0.42168678787511443,-0.6613502171409286,0,1,0,0,0,0.0,Low,1.0,0.0,-0.6985961157509715,0,0,0,0.0
1401,-1.4508810345580938,0.42168678787511443,-1.219224581396935,0,1,0,0,0,0.0,Low,1.0,0.0,-1.1477813601852334,0,0,0,0.0
1402,1.2422080617352986,-0.6942409878079457,-1.2249730969230932,0,3,0,0,1,0.4,Medium,0.0,0.0,-1.1091191468412243,0,0,0,0.0
1403,-0.6222382356985884,1.0912434532849506,-0.11240229468475514,0,1,0,0,0,0.0,Low,0.0,1.0,-0.3779434049734467,0,0,0,0.0
1404,-0.41507753598371205,-0.2478698775347217,-0.8752882138847062,0,1,0,0,0,0.0,Low,0.0,1.0,-0.8052426413150805,0,0,0,0.0
1405,-1.606251559344251,-0.2478698775347217,-0.1620203169043954,0,2,0,0,0,0.0,Low,1.0,0.0,-0.14479317373394315,0,0,0,0.0
1406,0.36177508794707425,-1.586983208354394,-1.0216705601085467,0,1,0,0,0,0.0,Low,1.0,0.0,-0.7832974095011964,0,0,0,0.0
1407,1.3457884115927368,-2.25653987376423,1.4305020973594467,0,2,0,0,0,0.0,Low,1.0,0.0,3.488211537676941,0,0,0,0.0
1408,-1.036559635128341,1.0912434532849506,-0.5148266297493693,0,1,0,0,0,0.0,Low,1.0,0.0,-0.6645774678877158,0,0,0,0.0
1409,-1.1401399849857792,-0.9174265429445578,-0.4547850093520762,0,1,0,1,0,0.2,Low,1.0,0.0,-0.258399713833625,0,0,1,0.0
1410,-1.1401399849857792,-0.9174265429445578,-0.3828650067496259,0,1,0,0,0,0.0,Low,0.0,1.0,-0.18005355917030177,0,0,0,0.0
1411,-1.08834981005706,-1.3637976532177818,1.2152223095223396,0,1,0,0,0,0.0,Low,1.0,0.0,1.9433693072581357,0,0,0,0.0
1412,-0.4668677109124311,0.6448723430117265,-0.9707531191458928,0,2,0,0,0,0.0,Low,1.0,0.0,-0.9627413118728702,0,0,0,0.0
1413,0.5689357876619505,-0.4710554326713337,-0.3621449274452672,0,2,0,0,0,0.0,Low,1.0,0.0,-0.2786162738779658,0,0,0,0.0
1414,-0.7776087604847457,0.1985012327385024,-0.1910030045203082,0,1,0,0,0,0.0,Low,1.0,0.0,-0.2749593818522475,0,0,0,0.0
1415,1.0868375369491414,0.6448723430117265,-0.8263622733868885,0,1,0,1,0,0.2,Low,1.0,0.0,-0.8513258843632667,0,0,1,0.0
1416,0.5689357876619505,-0.4710554326713337,0.3940320362880374,0,2,0,0,0,0.0,Low,0.0,1.0,0.45841642222123036,0,0,0,0.0
1417,-1.3473006847006557,-0.9174265429445578,1.0143491207925577,0,2,0,0,0,0.0,Low,1.0,0.0,1.3420035900666567,0,0,0,0.0
1418,0.9832571870917033,-1.586983208354394,-1.2229392241079413,0,2,0,0,0,0.0,Low,0.0,1.0,-1.049532343391754,0,0,0,0.0
1419,1.0868375369491414,-2.7029109840374543,0.5312054583766075,0,1,0,0,0,0.0,Low,1.0,0.0,2.7036432778644746,0,0,0,0.0
1420,-0.10433648641139755,0.6448723430117265,-1.2651844573726565,0,1,0,0,0,0.0,Low,1.0,0.0,-1.1899315693183552,0,0,0,0.0
1421,0.879676837234265,0.42168678787511443,-0.825034606410331,0,2,0,0,0,0.0,Low,1.0,0.0,-0.8303903280591558,0,0,0,0.0
1422,0.5171456127332315,-1.1406120980811698,-0.6725788899745792,0,2,0,0,0,0.0,Low,0.0,1.0,-0.4448661006431592,0,0,0,0.0
1423,-0.8293989354134648,-1.1406120980811698,-0.6540056764195473,0,1,0,0,0,0.0,Low,0.0,1.0,-0.4233687974285752,0,0,0,0.0
1424,-0.6222382356985884,0.6448723430117265,1.3080177567136395,0,1,0,0,0,0.0,Low,1.0,0.0,0.7956127582603498,0,0,0,0.0
1425,0.1546143882321979,-0.024684322398109648,-0.6104045279447311,0,1,0,0,0,0.0,Low,1.0,0.0,-0.5956064518966673,0,0,0,0.0
1426,1.1386277118778605,-0.2478698775347217,-0.6112519749510443,0,2,0,0,0,0.0,Low,1.0,0.0,-0.5607586344445503,0,0,0,0.0
1427,1.2939982366640177,0.8680578981483386,-1.073675558062636,0,2,0,0,0,0.0,Low,1.0,0.0,-1.052802642537593,0,0,0,0.0
1428,-1.606251559344251,0.42168678787511443,0.05125384635110335,0,2,0,0,0,0.0,Low,0.0,1.0,-0.12482673154311763,0,0,0,0.0
1429,-0.3114971861262739,1.3144290084215626,-0.42532210176591917,0,1,0,0,0,0.0,Low,1.0,0.0,-0.6270273638605461,0,0,0,0.0
1430,0.051034038374759706,-0.6942409878079457,0.2603190228085801,0,1,0,0,0,0.0,Low,1.0,0.0,0.41899671698347135,0,0,0,0.0
1431,1.3975785865214558,-0.024684322398109648,-1.0802573964783353,0,2,1,0,0,0.3,Medium,1.0,0.0,-1.0099489693611485,0,0,1,0.0
1432,1.0350473620204224,0.1985012327385024,2.167766868735194,0,1,0,0,0,0.0,Low,1.0,0.0,1.7105859364997362,0,0,0,0.0
1433,1.5011589363788942,-0.4710554326713337,0.6288031052703489,0,1,0,0,0,0.0,Low,1.0,0.0,0.6872437499988994,0,0,0,0.0
1434,-1.3990908596293747,-0.4710554326713337,-0.20319211729444694,0,1,0,0,0,0.0,Low,1.0,0.0,-0.1236877004927,0,0,0,0.0
1435,0.7760964873768269,-0.024684322398109648,0.9201271378072972,0,3,0,0,0,0.0,Low,1.0,0.0,0.7541019055855541,0,0,0,0.0
1436,-0.15612666134011663,-0.024684322398109648,2.2302519613340235,0,1,0,0,0,0.0,Low,1.0,0.0,1.9094431920332886,0,0,0,0.0
1437,1.2422080617352986,0.1985012327385024,0.07474225254275216,0,1,0,0,0,0.0,Low,1.0,0.0,-0.05126259098745735,0,0,0,0.0
1438,1.3975785865214558,-0.024684322398109648,-0.40035066331322244,0,1,0,0,0,0.0,Low,0.0,1.0,-0.4103692150863576,0,0,0,0.0
1439,-0.5186578858411502,1.7608001186947866,-0.6258421875764039,0,1,0,0,0,0.0,Low,1.0,0.0,-0.802057872356352,0,0,0,0.0
1440,-0.7258185855560266,-0.6942409878079457,-0.4980189307908234,0,1,0,0,0,0.0,Low,1.0,0.0,-0.3612055352475266,0,0,0,0.0
1441,0.1546143882321979,-1.1406120980811698,-0.07534061227532274,0,1,0,0,0,0.0,Low,1.0,0.0,0.2463988928387318,0,0,0,0.0
1442,-1.554461384415532,-0.024684322398109648,-0.4376524557077769,0,2,0,0,0,0.0,Low,1.0,0.0,-0.4432640202515019,0,0,0,0.0
1443,-0.7258185855560266,-1.1406120980811698,0.5029713489496046,0,1,0,0,0,0.0,Low,1.0,0.0,0.9157578891285751,0,0,0,0.0
1444,1.3457884115927368,1.3144290084215626,1.6157540129395211,0,1,0,0,0,0.0,Low,1.0,0.0,0.7729220686315723,0,0,0,0.0
1445,-0.5186578858411502,0.42168678787511443,-1.0115576924998753,0,2,0,0,0,0.0,Low,1.0,0.0,-0.9805736370367968,0,0,0,0.0
1446,0.827886662305546,0.1985012327385024,-1.0136480617821146,0,1,0,0,1,0.4,Medium,0.0,0.0,-0.9674385679871849,0,0,0,0.0
1447,0.7760964873768269,0.42168678787511443,-0.6023820296182989,0,1,0,1,0,0.2,Low,1.0,0.0,-0.6511165371517248,0,0,1,0.0
1448,0.879676837234265,-0.024684322398109648,-1.2208206065921583,0,1,0,0,0,0.0,Low,1.0,0.0,-1.1339054634934913,0,0,0,0.0
1449,0.1028242133034788,-0.4710554326713337,1.9999441132516285,0,2,0,0,0,0.0,Low,1.0,0.0,2.0236713354880425,0,0,0,0.0
1450,1.6565294611650514,-1.1406120980811698,1.09354304353253,0,2,0,0,0,0.0,Low,1.0,0.0,1.5993067403159535,0,0,0,0.0
1451,-0.0007561365539593763,-0.024684322398109648,-0.40930535334659907,0,1,0,0,0,0.0,Low,1.0,0.0,-0.4182659611956727,0,0,0,0.0
1452,0.1028242133034788,-0.2478698775347217,-0.33437691387173657,0,1,0,0,0,0.0,Low,0.0,1.0,-0.3043865371575594,0,0,0,0.0
1453,-1.4508810345580938,1.3144290084215626,0.10310347902070184,0,2,0,0,0,0.0,Low,1.0,0.0,-0.2645866461397823,0,0,0,0.0
1454,0.25819473808963606,-0.4710554326713337,-0.8170403563174429,0,1,0,0,0,0.0,Low,1.0,0.0,-0.7219950336984073,0,0,0,0.0
1455,0.4135652628757933,1.0912434532849506,-0.5253914690947411,0,2,0,0,0,0.0,Low,1.0,0.0,-0.6721024671527682,0,0,0,0.0
1456,1.2422080617352986,-0.6942409878079457,-0.778665131048225,0,1,0,0,0,0.0,Low,1.0,0.0,-0.6499432892813483,0,0,0,0.0
1457,-1.1401399849857792,0.1985012327385024,-0.18742960297702072,0,1,0,0,0,0.0,Low,1.0,0.0,-0.2719513941781157,0,0,0,0.0
1458,-1.606251559344251,-0.024684322398109648,-0.16189319985344836,0,1,0,0,0,0.0,Low,1.0,0.0,-0.2000840974782039,0,0,0,0.0
1459,-0.8293989354134648,-0.2478698775347217,-0.35819017474913867,0,1,0,0,0,0.0,Low,1.0,0.0,-0.3264363946296741,0,0,0,0.0
1460,0.3099849130183551,1.5376145635581746,0.9324857399826986,0,1,1,0,0,0.3,Medium,1.0,0.0,0.24668614632003463,0,0,1,0.0
1461,-0.6740284106273075,1.3144290084215626,-0.3468485089813132,0,1,0,0,0,0.0,Low,1.0,0.0,-0.5732032752374323,0,0,0,0.0
1462,-0.984769460199622,1.3144290084215626,-0.29434916694020796,0,1,0,0,1,0.4,Medium,0.0,0.0,-0.5371946111963749,0,0,0,0.0
1463,-0.41507753598371205,-0.9174265429445578,-1.1357651753918525,0,1,0,0,0,0.0,Low,1.0,0.0,-1.0002264029415333,0,0,0,0.0
1464,-1.3473006847006557,-0.4710554326713337,0.4614605697570276,0,1,0,0,0,0.0,Low,0.0,1.0,0.5241378554308675,0,0,0,0.0
1465,0.4135652628757933,-0.6942409878079457,-0.09450703873477394,0,1,0,0,0,0.0,Low,0.0,1.0,0.05394035780694008,0,0,0,0.0
1466,0.5171456127332315,-1.1406120980811698,0.6056819261147695,0,2,0,0,0,0.0,Low,1.0,0.0,1.03463879329318,0,0,0,0.0
1467,-1.036559635128341,1.0912434532849506,-0.8641160375181434,0,3,0,0,0,0.0,Low,1.0,0.0,-0.9133652109689272,0,0,0,0.0
1468,-1.65804173427297,1.0912434532849506,-0.9851032217861303,0,1,0,0,0,0.0,Low,1.0,0.0,-0.9995405367770006,0,0,0,0.0
1469,0.1546143882321979,-0.2478698775347217,-0.4485845220892177,0,1,0,0,0,0.0,Low,1.0,0.0,-0.41013692121421436,0,0,0,0.0
1470,0.20640456316091696,0.42168678787511443,-1.2573455725642588,0,1,0,0,0,0.0,Low,1.0,0.0,-1.1784753440509501,0,0,0,0.0
1471,0.36177508794707425,-1.810168763491006,2.12934927111566,0,1,0,0,0,0.0,Low,0.0,1.0,3.7458266133913902,0,0,0,0.0
1472,1.4493687614501751,0.6448723430117265,-0.47410680109601816,0,1,0,1,0,0.2,Low,0.0,1.0,-0.579517143084825,0,0,1,0.0
1473,1.3457884115927368,-0.2478698775347217,-1.346242763526518,0,1,0,0,0,0.0,Low,1.0,0.0,-1.241322384820535,0,0,0,0.0
1474,-1.036559635128341,0.1985012327385024,-0.6491187320164742,0,2,1,0,0,0.3,Medium,1.0,0.0,-0.6605881573876965,0,0,1,0.0
1475,-1.65804173427297,0.42168678787511443,-0.3927095161396314,0,1,0,1,0,0.2,Low,1.0,0.0,-0.48229393971320605,0,0,1,0.0
1476,-0.8811891103421838,-2.033354318627618,1.6322227330955414,0,1,0,0,0,0.0,Low,0.0,1.0,3.39981078265825,0,0,0,0.0
1477,-0.3114971861262739,-2.033354318627618,-0.19803681467270812,0,2,0,0,0,0.0,Low,1.0,0.0,0.5752667626241216,0,0,0,0.0
1478,1.6565294611650514,0.1985012327385024,-1.111881293930591,0,1,0,0,0,0.0,Low,1.0,0.0,-1.0501285058274514,0,0,0,0.0
1479,0.051034038374759706,-2.25653987376423,0.11789142928086793,0,1,0,0,0,0.0,Low,1.0,0.0,1.2783749644929476,0,0,0,0.0
1480,-1.5026712094868129,-0.4710554326713337,-0.21231629672908622,0,1,0,0,0,0.0,Low,1.0,0.0,-0.13258088144230748,0,0,0,0.0
1481,1.6047392862363323,-0.6942409878079457,-0.42292100191469845,0,3,0,0,0,0.0,Low,0.0,1.0,-0.28394239291245704,0,0,0,0.0
1482,0.3099849130183551,-1.3637976532177818,-0.546591768369344,0,1,0,0,0,0.0,Low,1.0,0.0,-0.23176325213819202,0,0,0,0.0
1483,1.1386277118778605,-2.7029109840374543,0.8232074485186064,0,1,0,0,0,0.0,Low,1.0,0.0,3.3044851829369684,0,0,0,0.0
1484,0.1028242133034788,1.7608001186947866,-0.23977357973363514,0,2,0,0,0,0.0,Low,0.0,1.0,-0.5555201359703799,0,0,0,0.0
1485,0.5689357876619505,1.3144290084215626,-0.296213550354097,0,1,0,0,0,0.0,Low,1.0,0.0,-0.5384733692414164,0,0,0,0.0
1486,-0.5704480607698693,1.7608001186947866,1.1901378781354677,0,2,0,0,0,0.0,Low,1.0,0.0,0.3576002962378383,0,0,0,0.0
1487,0.6725161375193888,1.0912434532849506,0.6478141664453093,0,1,0,1,0,0.2,Low,1.0,0.0,0.16353461700807864,0,0,1,0.0
1488,-0.15612666134011663,-0.4710554326713337,0.1223828984143282,0,3,0,0,0,0.0,Low,1.0,0.0,0.19364467422773354,0,0,0,0.0
1489,-1.1919301599144982,-0.6942409878079457,-0.7639478013719183,0,2,0,0,0,0.0,Low,1.0,0.0,-0.6348016315207423,0,0,0,0.0
1490,-1.2437203348432175,-0.6942409878079457,-0.49912061189903056,0,1,0,0,0,0.0,Low,1.0,0.0,-0.3623389798783588,0,0,0,0.0
1491,1.7083196360937705,-0.4710554326713337,-0.32619905026081386,0,1,0,0,0,0.0,Low,1.0,0.0,-0.24358044490466715,0,0,0,0.0
1492,-1.036559635128341,1.0912434532849506,-1.0725032563705692,0,3,0,0,0,0.0,Low,1.0,0.0,-1.0617928034242523,0,0,0,0.0
1493,-1.2437203348432175,-0.4710554326713337,-0.637240349811317,0,1,0,0,0,0.0,Low,0.0,1.0,-0.5467470561620263,0,0,0,0.0
1494,-1.7098319092016891,1.5376145635581746,-0.2068643876551377,0,1,0,0,0,0.0,Low,0.0,1.0,-0.5068708155097758,0,0,0,0.0
1495,-1.5026712094868129,-0.4710554326713337,0.3642866463664427,0,2,0,0,0,0.0,Low,1.0,0.0,0.42942410166415135,0,0,0,0.0
1496,-0.7258185855560266,1.0912434532849506,0.3113635808221808,0,1,0,0,0,0.0,Low,1.0,0.0,-0.07610844113739403,0,0,0,0.0
1497,-1.3473006847006557,0.8680578981483386,-1.1939424123752567,0,1,0,0,0,0.0,Low,1.0,0.0,-1.1418913905210129,0,0,0,0.0
1498,0.4653554378045124,1.5376145635581746,-0.5436539520807915,0,1,0,0,0,0.0,Low,1.0,0.0,-0.7296207101982091,0,0,0,0.0
1499,-1.7098319092016891,-0.2478698775347217,-0.8305288878345953,0,1,0,0,0,0.0,Low,0.0,1.0,-0.7637978024484543,0,0,0,0.0
1500,1.1904178868065796,3.323099004651071,-1.2401565224528721,0,1,1,0,0,0.3,Medium,1.0,0.0,-1.216498494271165,0,0,1,0.0
1501,1.5529491113076133,-0.4710554326713337,-0.36707424419865575,0,1,0,0,0,0.0,Low,1.0,0.0,-0.28342079423619004,0,0,0,0.0
1502,-0.3114971861262739,0.42168678787511443,-0.6454747098893272,0,2,0,0,0,0.0,Low,1.0,0.0,-0.6858135896801802,0,0,0,0.0
1503,0.1546143882321979,-0.024684322398109648,-0.23768321045139595,0,1,0,0,0,0.0,Low,1.0,0.0,-0.26691996439079974,0,0,0,0.0
1504,0.6725161375193888,-0.9174265429445578,0.32307247362607533,0,1,0,0,0,0.0,Low,1.0,0.0,0.5889604149513715,0,0,0,0.0
1505,0.1546143882321979,-1.1406120980811698,0.11159207320060613,0,2,0,1,0,0.2,Low,1.0,0.0,0.4627614845079483,0,0,1,0.0
1506,0.7760964873768269,-0.9174265429445578,2.464627555046722,0,1,0,0,1,0.4,Medium,0.0,0.0,2.9218664154760625,0,0,0,0.0
1507,0.5171456127332315,-0.024684322398109648,-0.09798157146065811,0,1,0,0,0,0.0,Low,0.0,1.0,-0.14372325182417944,0,0,0,0.0
1508,1.1386277118778605,-1.586983208354394,1.5536643956103042,0,2,0,0,0,0.0,Low,1.0,0.0,2.623314022489589,0,0,0,0.0
1509,-0.3114971861262739,-0.2478698775347217,-0.9646373765836656,0,1,0,1,0,0.2,Low,1.0,0.0,-0.887975380560987,0,0,1,0.0
1510,-1.4508810345580938,0.6448723430117265,0.09445951955630695,0,1,0,0,0,0.0,Low,0.0,1.0,-0.1407977814102593,0,0,0,0.0
1511,1.3975785865214558,0.42168678787511443,-0.7712075973926685,0,1,0,0,0,0.0,Low,1.0,0.0,-0.7870502863725141,0,0,0,0.0
1512,-0.7258185855560266,-0.024684322398109648,-0.459968560207359,0,1,0,0,0,0.0,Low,1.0,0.0,-0.46294360834727183,0,0,0,0.0
1513,-1.65804173427297,-0.9174265429445578,0.6826442384047836,0,2,0,0,0,0.0,Low,1.0,0.0,0.9806604160155673,0,0,0,0.0
1514,0.1546143882321979,1.3144290084215626,-0.46714361152747763,0,1,0,0,0,0.0,Low,0.0,1.0,-0.6557122318254563,0,0,0,0.0
1515,-0.7258185855560266,-0.6942409878079457,0.9611576970296298,0,1,0,0,0,0.0,Low,1.0,0.0,1.1400418782898747,0,0,0,0.0
1516,-0.41507753598371205,0.6448723430117265,-0.7537219408290718,0,2,0,0,0,0.0,Low,1.0,0.0,-0.7952748676673956,0,0,0,0.0
1517,-0.2597070111975548,1.7608001186947866,-0.9804422632514074,0,1,0,0,0,0.0,Low,0.0,1.0,-1.0285002667993979,0,0,0,0.0
1518,-1.7098319092016891,-0.4710554326713337,-0.03635804998491364,0,1,0,0,0,0.0,Low,0.0,1.0,0.03892259885213374,0,0,0,0.0
1519,0.051034038374759706,-0.9174265429445578,0.010195038895226938,0,1,0,0,0,0.0,Low,0.0,1.0,0.2481269471387365,0,0,0,0.0
1520,1.2939982366640177,-1.1406120980811698,-0.5147842573990536,0,1,0,0,0,0.0,Low,1.0,0.0,-0.2622289359942367,0,0,0,0.0
1521,-0.052546311482678465,0.1985012327385024,0.41640463725470717,0,1,0,0,0,0.0,Low,1.0,0.0,0.2363390763534557,0,0,0,0.0
1522,0.879676837234265,-0.4710554326713337,-1.2725854945611252,0,1,0,0,0,0.0,Low,1.0,0.0,-1.1660070540818241,0,0,0,0.0
1523,-1.1401399849857792,0.6448723430117265,-0.9148357408459908,0,1,0,0,0,0.0,Low,0.0,1.0,-0.9195941263587823,0,0,0,0.0
1524,-0.7258185855560266,-2.25653987376423,0.179430206055981,0,1,0,0,0,0.0,Low,1.0,0.0,1.3819781447000048,0,0,0,0.0
1525,0.9832571870917033,-0.2478698775347217,-0.4362965404976758,0,1,0,0,0,0.0,Low,1.0,0.0,-0.3987588808816286,0,0,0,0.0
1526,0.4653554378045124,-0.9174265429445578,-0.7280725447713244,0,3,0,0,0,0.0,Low,0.0,1.0,-0.5561058698785272,0,0,0,0.0
1527,0.827886662305546,-0.2478698775347217,-0.11404069223029403,0,1,0,0,0,0.0,Low,1.0,0.0,-0.1003665036077426,0,0,0,0.0
1528,-0.2597070111975548,0.1985012327385024,0.8394219345727331,0,1,0,0,0,0.0,Low,1.0,0.0,0.5924229927180834,0,0,0,0.0
1529,1.1904178868065796,1.0912434532849506,0.10010916626506189,0,1,0,0,0,0.0,Low,1.0,0.0,-0.22657824596010645,0,0,0,0.0
1530,0.25819473808963606,0.1985012327385024,0.5903855076508152,0,1,0,0,0,0.0,Low,1.0,0.0,0.38279121931771193,0,0,0,0.0
1531,1.1386277118778605,1.5376145635581746,0.1570999774396272,0,1,0,0,0,0.0,Low,1.0,0.0,-0.26614772738957315,0,0,0,0.0
1532,0.4653554378045124,-0.4710554326713337,1.246097628785685,0,3,0,1,0,0.2,Low,1.0,0.0,1.2889101174951703,0,0,1,0.0
1533,0.827886662305546,-0.2478698775347217,-0.6398533114141162,0,2,0,0,0,0.0,Low,1.0,0.0,-0.58724200418419,0,0,0,0.0
1534,-0.5704480607698693,-0.4710554326713337,0.9405082383091308,0,1,0,1,0,0.2,Low,1.0,0.0,0.9910573883532113,0,0,1,0.0
1535,0.5171456127332315,1.0912434532849506,-1.1755104399879437,0,1,0,0,0,0.0,Low,1.0,0.0,-1.1351615462585134,0,0,0,0.0
1536,0.20640456316091696,-0.024684322398109648,-1.021486946590512,0,1,0,1,0,0.2,Low,1.0,0.0,-0.9581219022304532,0,0,1,0.0
1537,-0.5704480607698693,-0.9174265429445578,0.3879021696090384,0,1,0,0,0,0.0,Low,0.0,1.0,0.6595827342570774,0,0,0,0.0
1538,0.5689357876619505,0.1985012327385024,-1.043944292257813,0,1,0,0,0,0.0,Low,1.0,0.0,-0.9929410721809119,0,0,0,0.0
1539,0.9314670121629842,1.3144290084215626,-0.5136402039405309,0,1,0,0,0,0.0,Low,1.0,0.0,-0.6876036824639178,0,0,0,0.0
1540,0.827886662305546,-0.4710554326713337,1.2189934487004337,0,1,0,0,0,0.0,Low,0.0,1.0,1.262492138791925,0,0,0,0.0
1541,-1.3473006847006557,1.0912434532849506,-0.9711203461819619,0,1,0,0,0,0.0,Low,1.0,0.0,-0.9895809789261961,0,0,0,0.0
1542,-1.7098319092016891,0.8680578981483386,0.7151155828633526,0,1,0,0,1,0.4,Medium,0.0,0.0,0.27226039382226297,0,0,0,0.0
1543,-1.3473006847006557,-1.1406120980811698,-0.54985443934365,0,3,0,0,0,0.0,Low,0.0,1.0,-0.30282042183591906,0,0,0,0.0
1544,-0.2597070111975548,-1.586983208354394,-1.0071792163005902,0,3,0,0,0,0.0,Low,1.0,0.0,-0.7641284942610763,0,0,0,0.0
1545,-1.5026712094868129,-2.033354318627618,-0.2477537057097516,0,1,0,0,1,0.4,Medium,0.0,0.0,0.4985412799216263,0,0,0,0.0
1546,0.6725161375193888,0.1985012327385024,1.1010288254216303,0,1,0,0,0,0.0,Low,1.0,0.0,0.8126362247349657,0,0,0,0.0
1547,-0.0007561365539593763,-0.2478698775347217,-1.0555260680107608,0,1,0,0,0,0.0,Low,1.0,0.0,-0.9721336444002865,0,0,0,0.0
1548,1.6047392862363323,-0.9174265429445578,-1.0753422038417186,0,2,0,0,0,0.0,Low,1.0,0.0,-0.9344045550134701,0,0,0,0.0
1549,1.0868375369491414,-1.3637976532177818,0.34684336215316197,0,3,0,0,0,0.0,Low,1.0,0.0,0.8712701873684068,0,0,0,0.0
1550,0.4653554378045124,1.7608001186947866,-0.6717738153185815,0,2,0,0,0,0.0,Low,0.0,1.0,-0.8313891344741241,0,0,0,0.0
1551,-0.20791683626883573,-0.024684322398109648,2.49574298429519,0,1,0,0,0,0.0,Low,1.0,0.0,2.1435680131954324,0,0,0,0.0
1552,-0.8811891103421838,-0.6942409878079457,0.011155478835715367,0,1,0,0,0,0.0,Low,1.0,0.0,0.16264932297689594,0,0,0,0.0
1553,-0.41507753598371205,-1.1406120980811698,0.8329248408576647,0,1,0,0,0,0.0,Low,1.0,0.0,1.2976578894296382,0,0,0,0.0
1554,-1.3473006847006557,-0.9174265429445578,-0.02460678483070346,0,1,0,0,0,0.0,Low,1.0,0.0,0.21021553215632724,0,0,0,0.0
1555,0.6725161375193888,-0.6942409878079457,-1.046458385043209,0,1,0,0,0,0.0,Low,1.0,0.0,-0.9254575226221264,0,0,0,0.0
1556,0.6207259625906697,1.9839856738313988,-0.8787203742602748,0,1,0,0,0,0.0,Low,1.0,0.0,-0.9750326470137614,0,0,0,0.0
1557,-0.052546311482678465,-0.9174265429445578,-0.8107974967042687,0,2,0,0,0,0.0,Low,0.0,1.0,-0.6462224110928015,0,0,0,0.0
1558,-1.7098319092016891,-0.2478698775347217,0.2249804826453177,0,2,0,0,0,0.0,Low,1.0,0.0,0.2135497057061194,0,0,0,0.0
1559,-0.7776087604847457,0.1985012327385024,-0.27910924494334144,0,1,0,0,0,0.0,Low,0.0,1.0,-0.349124706402583,0,0,0,0.0
1560,-0.15612666134011663,-1.1406120980811698,-1.225975909213897,0,3,0,0,0,0.0,Low,1.0,0.0,-1.0853876498831725,0,0,0,0.0
1561,-1.036559635128341,-0.024684322398109648,0.4522233973882133,0,1,0,0,0,0.0,Low,0.0,1.0,0.3414782382205769,0,0,0,0.0
1562,0.9832571870917033,-0.4710554326713337,2.981866835350009,0,3,0,0,0,0.0,Low,1.0,0.0,2.9807345441531448,0,0,0,0.0
1563,0.7243063124481078,-0.9174265429445578,-0.9780411634001867,0,3,0,0,0,0.0,Low,1.0,0.0,-0.82840953155007,0,0,0,0.0
1564,1.4493687614501751,0.1985012327385024,-0.9141012867738527,0,1,0,0,0,0.0,Low,1.0,0.0,-0.8836429271678895,0,0,0,0.0
1565,1.6565294611650514,-0.4710554326713337,-0.748185287054492,0,1,0,0,0,0.0,Low,0.0,1.0,-0.6548831805570202,0,0,0,0.0
1566,1.5529491113076133,-0.024684322398109648,-0.38013905221265154,0,1,0,0,0,0.0,Low,1.0,0.0,-0.39254548688063173,0,0,0,0.0
1567,1.5011589363788942,-1.586983208354394,-0.9453155848397238,0,2,0,0,1,0.4,Medium,0.0,0.0,-0.6822962830020839,0,0,0,0.0
1568,-0.052546311482678465,-0.024684322398109648,1.1963524895150979,0,1,0,0,0,0.0,Low,1.0,0.0,0.9976928577304726,0,0,0,0.0
1569,0.36177508794707425,1.0912434532849506,1.8712875335765065,0,3,0,0,0,0.0,Low,1.0,0.0,1.034975808634596,0,0,0,0.0
1570,0.7243063124481078,-0.2478698775347217,-0.16250053687463958,0,1,0,0,0,0.0,Low,1.0,0.0,-0.1452378327814236,0,0,0,0.0
1571,-1.08834981005706,-0.024684322398109648,-0.3258318232247448,0,1,0,0,1,0.4,Medium,0.0,0.0,-0.3446543373690906,0,0,0,0.0
1572,-0.15612666134011663,-1.1406120980811698,-1.1980525303558758,0,3,0,0,0,0.0,Low,1.0,0.0,-1.053068130145353,0,0,0,0.0
1573,-1.554461384415532,-1.3637976532177818,-1.015357079911513,0,1,0,0,0,0.0,Low,0.0,1.0,-0.8105000806411721,0,0,0,0.0
1574,-0.7776087604847457,0.42168678787511443,-1.2992941993767644,0,1,0,0,0,0.0,Low,0.0,1.0,-1.2122512358928095,0,0,0,0.0
1575,-1.08834981005706,0.8680578981483386,-0.7204596458312772,0,1,0,0,0,0.0,Low,1.0,0.0,-0.7911547964343202,0,0,0,0.0
1576,-0.5704480607698693,0.1985012327385024,-0.6094440880042427,0,1,0,0,0,0.0,Low,1.0,0.0,-0.6271911717092912,0,0,0,0.0
1577,-1.7098319092016891,-0.024684322398109648,0.3303746419971412,0,1,0,0,0,0.0,Low,1.0,0.0,0.23402519613057265,0,0,0,0.0
1578,1.0350473620204224,0.42168678787511443,-0.15251478631691517,0,1,0,0,0,0.0,Low,1.0,0.0,-0.2888956849446339,0,0,0,0.0
1579,-0.984769460199622,0.42168678787511443,-0.841856429485649,0,1,0,0,0,0.0,Low,0.0,1.0,-0.843934801858366,0,0,0,0.0
1580,1.6047392862363323,0.6448723430117265,0.3977043066487283,0,2,0,1,0,0.2,Low,1.0,0.0,0.09319314382021975,0,0,1,0.0
1581,-0.984769460199622,-0.024684322398109648,3.4554625948281625,0,1,0,0,0,0.0,Low,1.0,0.0,2.989902400233069,0,0,0,0.0
1582,-0.6740284106273075,-0.2478698775347217,0.46405940724305506,0,2,0,0,0,0.0,Low,0.0,1.0,0.4349245203149496,0,0,0,0.0
1583,-0.7776087604847457,-0.4710554326713337,-0.6645140192978314,0,1,0,0,0,0.0,Low,1.0,0.0,-0.5733302332730045,0,0,0,0.0
1584,1.3457884115927368,-0.9174265429445578,-0.04945110623245318,0,1,0,0,0,0.0,Low,1.0,0.0,0.1831513361522453,0,0,0,0.0
1585,-0.052546311482678465,0.8680578981483386,-0.9575470699641782,0,1,0,0,0,0.0,Low,1.0,0.0,-0.9667794263403316,0,0,0,0.0
1586,0.7760964873768269,0.1985012327385024,-1.002320520131061,0,1,0,0,0,0.0,Low,1.0,0.0,-0.9579033659529802,0,0,0,0.0
1587,0.051034038374759706,-0.024684322398109648,2.039421019629054,0,1,0,0,0,0.0,Low,1.0,0.0,1.7411578029434496,0,0,0,0.0
1588,0.5171456127332315,-0.2478698775347217,-0.03303888254352008,0,1,0,0,0,0.0,Low,0.0,1.0,-0.02536298486362731,0,0,0,0.0
1589,-1.1919301599144982,-1.1406120980811698,0.885282941731051,0,3,0,0,0,0.0,Low,1.0,0.0,1.3582590324079369,0,0,0,0.0
1590,1.6565294611650514,-1.586983208354394,-0.4933579722561006,0,1,0,0,0,0.0,Low,1.0,0.0,-0.08445406198005237,0,0,0,0.0
1591,0.6207259625906697,-0.4710554326713337,-1.0050464746680352,0,1,0,0,0,0.0,Low,1.0,0.0,-0.905241367475844,0,0,0,0.0
1592,-1.2955105097719366,-0.2478698775347217,-1.0771924631388359,0,1,0,0,0,0.0,Low,1.0,0.0,-0.9921956143660183,0,0,0,0.0
1593,-1.606251559344251,1.0912434532849506,-0.8904292670641695,0,2,0,0,0,0.0,Low,1.0,0.0,-0.9321072880154414,0,0,0,0.0
1594,-0.41507753598371205,0.8680578981483386,0.10460063539852214,0,1,0,0,0,0.0,Low,0.0,1.0,-0.1799840138798307,0,0,0,0.0
1595,0.7243063124481078,-0.6942409878079457,-1.1439147907692315,0,2,0,0,0,0.0,Low,1.0,0.0,-1.0257237784265234,0,0,0,0.0
1596,1.6565294611650514,-0.024684322398109648,-0.24189219724941824,0,1,0,0,0,0.0,Low,1.0,0.0,-0.2706316841708878,0,0,0,0.0
1597,-0.3114971861262739,0.8680578981483386,0.25151969805969426,0,1,0,0,0,0.0,Low,1.0,0.0,-0.07115240418828228,0,0,0,0.0
1598,-0.41507753598371205,0.42168678787511443,-1.019396577308273,0,1,1,0,0,0.3,Medium,1.0,0.0,-0.9868852935931038,0,0,1,0.0
1599,-0.4668677109124311,2.207171228968011,3.437680331812356,0,2,0,1,0,0.2,Low,1.0,0.0,1.5927766015766873,0,0,1,0.0
1600,-1.1401399849857792,-0.9174265429445578,0.6954548123168853,0,1,0,0,0,0.0,Low,1.0,0.0,0.994615632488394,0,0,0,0.0
1601,-1.5026712094868129,1.9839856738313988,-0.3838254466901142,0,1,0,0,0,0.0,Low,1.0,0.0,-0.6695344437850422,0,0,0,0.0
1602,0.7243063124481078,0.6448723430117265,-0.8077749357150846,0,1,0,0,0,0.0,Low,1.0,0.0,-0.8369834503808116,0,0,0,0.0
1603,0.1546143882321979,-0.024684322398109648,0.003909806931737166,0,1,0,0,0,0.0,Low,1.0,0.0,-0.05386974010083537,0,0,0,0.0
1604,0.5171456127332315,0.1985012327385024,-0.029733839218898557,0,1,0,0,0,0.0,Low,1.0,0.0,-0.13920759029794644,0,0,0,0.0
1605,-0.984769460199622,-0.2478698775347217,-0.22206193730168847,0,1,0,0,1,0.4,Medium,0.0,0.0,-0.20038863287626826,0,0,0,0.0
1606,0.4653554378045124,0.8680578981483386,0.042892369222146266,0,1,1,0,0,0.3,Medium,1.0,0.0,-0.22569496396081268,0,0,1,0.0
1607,0.7243063124481078,-1.1406120980811698,-0.9331405961823567,0,3,0,0,0,0.0,Low,1.0,0.0,-0.7464495604930804,0,0,0,0.0
1608,0.6207259625906697,0.1985012327385024,0.45759056176153046,0,1,0,0,0,0.0,Low,1.0,0.0,0.2710082149217111,0,0,0,0.0
1609,0.4653554378045124,-0.6942409878079457,-1.10049725581245,0,1,0,0,0,0.0,Low,1.0,0.0,-0.9810544348985937,0,0,0,0.0
1610,-0.6740284106273075,-0.2478698775347217,-1.285777419626068,0,1,0,0,0,0.0,Low,1.0,0.0,-1.1853345794598449,0,0,0,0.0
1611,-0.5704480607698693,-0.9174265429445578,0.31362343950568294,0,2,0,0,0,0.0,Low,1.0,0.0,0.5786670965166184,0,0,0,0.0
1612,0.6725161375193888,-1.1406120980811698,0.07599929893545028,0,1,1,0,0,0.3,Medium,1.0,0.0,0.4215651315796202,0,0,1,0.0
1613,-0.984769460199622,-0.4710554326713337,-0.3000694342328223,0,1,0,0,0,0.0,Low,1.0,0.0,-0.2181123570458844,0,0,0,0.0
1614,-0.4668677109124311,0.6448723430117265,-0.7479028047190543,0,1,0,0,0,0.0,Low,1.0,0.0,-0.7907846831683291,0,0,0,0.0
1615,0.1028242133034788,1.5376145635581746,-0.6419013083460398,0,1,0,0,0,0.0,Low,1.0,0.0,-0.7946007172207604,0,0,0,0.0
1616,0.879676837234265,-1.1406120980811698,-0.948422890529539,0,1,0,0,0,0.0,Low,1.0,0.0,-0.7641378358377041,0,0,0,0.0
1617,-0.984769460199622,-0.6942409878079457,-0.046979385797372895,0,1,0,0,0,0.0,Low,1.0,0.0,0.10283832168836007,0,0,0,0.0
1618,-0.6740284106273075,0.42168678787511443,-1.3130228408790388,0,1,0,0,0,0.0,Low,1.0,0.0,-1.2233051641319632,0,0,0,0.0
1619,-1.08834981005706,-1.586983208354394,-1.2375435608500729,0,2,0,0,0,0.0,Low,1.0,0.0,-1.068850723857918,0,0,0,0.0
1620,-0.7776087604847457,0.6448723430117265,-0.9275615700574613,0,2,0,1,0,0.2,Low,1.0,0.0,-0.9294136803239738,0,0,1,0.0
1621,-0.0007561365539593763,-1.810168763491006,-0.16737335716094062,0,1,0,0,0,0.0,Low,1.0,0.0,0.4740615586048338,0,0,0,0.0
1622,0.9314670121629842,-0.9174265429445578,-0.3675403400521281,0,1,0,0,0,0.0,Low,0.0,1.0,-0.16335961223202486,0,0,0,0.0
1623,-0.363287361054993,-1.1406120980811698,1.3291333112876107,0,3,0,0,0,0.0,Low,1.0,0.0,1.8719873620796508,0,0,0,0.0
1624,-0.2597070111975548,-0.4710554326713337,-0.5107165117687501,0,2,0,0,0,0.0,Low,1.0,0.0,-0.4234264447896069,0,0,0,0.0
1625,-0.3114971861262739,-1.1406120980811698,0.5644112569073145,0,1,0,0,0,0.0,Low,1.0,0.0,0.9868706412072372,0,0,0,0.0
1626,0.051034038374759706,0.8680578981483386,-0.2143077971939223,0,1,0,0,1,0.4,Medium,0.0,0.0,-0.4162182875988724,0,0,0,0.0
1627,-1.3473006847006557,-1.586983208354394,-1.2895909311544778,0,3,0,0,0,0.0,Low,1.0,0.0,-1.1376981436043534,0,0,0,0.0
1628,-0.9329792852709029,0.8680578981483386,-1.0049899782009477,0,1,0,0,0,0.0,Low,1.0,0.0,-1.0019231849400152,0,0,0,0.0
1629,0.1028242133034788,0.1985012327385024,-0.9483663940624514,0,2,0,0,0,0.0,Low,1.0,0.0,-0.9124863188573915,0,0,0,0.0
1630,-0.20791683626883573,-0.2478698775347217,-0.8397801843201815,0,1,0,0,0,0.0,Low,1.0,0.0,-0.7723640282160908,0,0,0,0.0
1631,-0.8293989354134648,0.8680578981483386,-0.5846703871863522,0,1,0,0,0,0.0,Low,1.0,0.0,-0.690567688611349,0,0,0,0.0
1632,-1.65804173427297,-0.4710554326713337,0.9246186069407575,0,1,0,0,0,0.0,Low,1.0,0.0,0.9755700376282759,0,0,0,0.0
1633,0.7760964873768269,-0.6942409878079457,-0.45607030397831805,0,1,0,0,0,0.0,Low,0.0,1.0,-0.31804745122737305,0,0,0,0.0
1634,-1.554461384415532,0.6448723430117265,-0.774639757768237,0,1,0,0,1,0.4,Medium,0.0,0.0,-0.8114155551506904,0,0,0,0.0
1635,-1.3990908596293747,0.6448723430117265,0.657489186434052,0,2,0,0,0,0.0,Low,1.0,0.0,0.2936493658865539,0,0,0,0.0
1636,0.25819473808963606,-0.9174265429445578,0.6468113541545052,0,1,0,0,0,0.0,Low,1.0,0.0,0.941625813819799,0,0,0,0.0
1637,-1.08834981005706,0.42168678787511443,-1.3399999039133437,0,2,0,0,0,0.0,Low,0.0,1.0,-1.245026360568984,0,0,0,0.0
1638,-0.15612666134011663,1.5376145635581746,-0.37519561134249096,0,1,0,0,0,0.0,Low,1.0,0.0,-0.6182037257591675,0,0,0,0.0
1639,1.5011589363788942,1.5376145635581746,1.1326103505235705,0,1,0,0,0,0.0,Low,1.0,0.0,0.37904694555846674,0,0,0,0.0
1640,1.1386277118778605,2.653542339241235,-0.4993889701176965,0,1,0,0,0,0.0,Low,1.0,0.0,-0.7924521545963805,0,0,0,0.0
1641,0.4135652628757933,0.8680578981483386,-0.9861766546607937,0,3,0,0,0,0.0,Low,1.0,0.0,-0.9879870472636895,0,0,0,0.0
1642,1.3975785865214558,-0.2478698775347217,0.5515583106448969,0,1,0,0,0,0.0,Low,1.0,0.0,0.5159440144073283,0,0,0,0.0
1643,0.4135652628757933,-0.6942409878079457,-1.0434358240540251,0,1,0,0,0,0.0,Low,1.0,0.0,-0.922347815558048,0,0,0,0.0
1644,1.1386277118778605,0.8680578981483386,-0.2011299962457515,0,3,0,0,0,0.0,Low,1.0,0.0,-0.4064567136859505,0,0,0,0.0
1645,0.1028242133034788,-0.6942409878079457,-0.5072984755099534,0,1,0,0,0,0.0,Low,1.0,0.0,-0.3707526265610757,0,0,0,0.0
1646,-1.3990908596293747,0.1985012327385024,-1.198914101478961,0,2,0,0,0,0.0,Low,1.0,0.0,-1.1233902451476128,0,0,0,0.0
1647,1.0350473620204224,-0.6942409878079457,0.8445913613112437,0,2,0,0,0,0.0,Low,1.0,0.0,1.020114717542963,0,0,0,0.0
1648,-1.7098319092016891,0.42168678787511443,0.03378231390427887,0,1,0,0,0,0.0,Low,0.0,1.0,-0.13889433363348103,0,0,0,0.0
1649,0.5171456127332315,-1.1406120980811698,1.3996267780961007,0,1,0,0,0,0.0,Low,1.0,0.0,1.9535790277404792,0,0,0,0.0
1650,0.5689357876619505,0.1985012327385024,-0.3723284156377979,0,3,0,0,0,0.0,Low,1.0,0.0,-0.42759395007558937,0,0,0,0.0
1651,0.6725161375193888,-0.024684322398109648,-0.9553437077477637,0,1,0,0,0,0.0,Low,0.0,1.0,-0.8997930977668519,0,0,0,0.0
1652,-1.08834981005706,-0.2478698775347217,-1.1770217204825355,0,1,0,0,0,0.0,Low,0.0,1.0,-1.08463238341282,0,0,0,0.0
1653,-0.6222382356985884,-0.2478698775347217,0.675539807668524,0,1,0,0,0,0.0,Low,1.0,0.0,0.6307445179009369,0,0,0,0.0
1654,-0.6740284106273075,-0.2478698775347217,-0.9962047775688339,0,1,0,0,0,0.0,Low,1.0,0.0,-0.917205173829182,0,0,0,0.0
1655,-1.2955105097719366,-1.3637976532177818,3.4204912817009707,0,2,0,0,0,0.0,Low,1.0,0.0,4.665990498565882,0,0,0,0.0
1656,-0.41507753598371205,-0.6942409878079457,2.1366231912531823,0,3,0,0,0,0.0,Low,0.0,1.0,2.3493982367051127,0,0,0,0.0
1657,-1.2955105097719366,-0.2478698775347217,-0.29132660595102394,0,3,0,0,1,0.4,Medium,0.0,0.0,-0.2645241613716721,0,0,0,0.0
1658,-0.984769460199622,0.6448723430117265,-0.5601509204703559,0,3,0,0,0,0.0,Low,0.0,1.0,-0.645910842037041,0,0,0,0.0
1659,-1.2437203348432175,-0.024684322398109648,-0.8440739158188352,0,1,0,0,0,0.0,Low,1.0,0.0,-0.8016691768690829,0,0,0,0.0
1660,0.4135652628757933,-1.3637976532177818,-0.7804023974111671,0,2,0,0,0,0.0,Low,1.0,0.0,-0.5204254431966249,0,0,0,0.0
1661,-0.5186578858411502,-0.6942409878079457,2.851628354596435,0,1,0,0,0,0.0,Low,1.0,0.0,3.0850183334567065,0,0,0,0.0
1662,0.7760964873768269,-0.024684322398109648,-0.6654885833550916,0,1,0,1,0,0.2,Low,1.0,0.0,-0.6441826503609094,0,0,1,0.0
1663,-0.41507753598371205,-0.6942409878079457,0.11026440622404896,0,2,0,0,0,0.0,Low,1.0,0.0,0.2646157457275417,0,0,0,0.0
1664,0.1546143882321979,-0.6942409878079457,0.1946277557025321,0,1,0,0,0,0.0,Low,1.0,0.0,0.3514114480347394,0,0,0,0.0
1665,0.827886662305546,0.6448723430117265,0.7587591036884843,0,3,0,0,0,0.0,Low,1.0,0.0,0.37179165437758954,0,0,0,0.0
1666,-0.5186578858411502,0.8680578981483386,0.018500019557096688,0,1,0,0,0,0.0,Low,1.0,0.0,-0.24376381513725054,0,0,0,0.0
1667,-0.7776087604847457,0.42168678787511443,-0.3632607326702463,0,2,0,0,0,0.0,Low,1.0,0.0,-0.45858258129897156,0,0,0,0.0
1668,1.3457884115927368,0.8680578981483386,-0.8924631398793212,0,1,1,0,0,0.3,Medium,1.0,0.0,-0.9185679230276366,0,0,1,0.0
1669,0.25819473808963606,-0.2478698775347217,0.1645292628616399,0,1,0,0,0,0.0,Low,1.0,0.0,0.15757497855270813,0,0,0,0.0
1670,-0.8293989354134648,-0.024684322398109648,-0.06938023499758625,0,1,0,0,0,0.0,Low,1.0,0.0,-0.1185009949292845,0,0,0,0.0
1671,-0.7776087604847457,-0.024684322398109648,-0.6775647031950554,0,1,0,0,0,0.0,Low,0.0,1.0,-0.6548320477165316,0,0,0,0.0
1672,0.1028242133034788,0.42168678787511443,0.06776493885743974,0,1,0,0,0,0.0,Low,1.0,0.0,-0.11153244953532851,0,0,0,0.0
1673,1.0868375369491414,0.42168678787511443,-0.4318333195977593,0,3,1,0,1,0.7,High,0.0,0.0,-0.5137953607239636,0,1,1,0.0
1674,0.6725161375193888,-0.9174265429445578,-0.06911187677892047,0,1,0,0,0,0.0,Low,1.0,0.0,0.16173384846737746,0,0,0,0.0
1675,0.7760964873768269,0.1985012327385024,0.39061400002924085,0,1,0,0,0,0.0,Low,1.0,0.0,0.21462925227059063,0,0,0,0.0
1676,-0.052546311482678465,0.1985012327385024,-0.21098862975252874,0,1,0,0,0,0.0,Low,1.0,0.0,-0.29178271212456625,0,0,0,0.0
1677,-0.6740284106273075,2.653542339241235,0.512829982456382,0,1,0,0,0,0.0,Low,1.0,0.0,-0.22441409226610998,0,0,0,0.0
1678,-0.6222382356985884,-0.9174265429445578,-0.22747147402532136,0,1,0,0,0,0.0,Low,0.0,1.0,-0.010775398603553496,0,0,0,0.0
1679,0.7243063124481078,0.42168678787511443,0.7575303055293302,0,1,0,0,0,0.0,Low,1.0,0.0,0.44384783800306915,0,0,0,0.0
1680,0.1546143882321979,-0.024684322398109648,-0.5935827048694131,0,1,0,0,0,0.0,Low,0.0,1.0,-0.580772028211818,0,0,0,0.0
1681,-0.984769460199622,1.7608001186947866,-0.9829422319200316,0,2,0,0,0,0.0,Low,1.0,0.0,-1.0300967100327452,0,0,0,0.0
1682,0.051034038374759706,1.3144290084215626,-0.11720449438719681,0,1,0,0,0,0.0,Low,0.0,1.0,-0.4156932217955296,0,0,0,0.0
1683,-0.10433648641139755,1.0912434532849506,1.814678073554782,0,1,0,0,0,0.0,Low,1.0,0.0,0.9946546895780047,0,0,0,0.0
1684,-1.1919301599144982,0.1985012327385024,0.60860561828655,0,1,0,0,0,0.0,Low,0.0,1.0,0.3981283896719815,0,0,0,0.0
1685,-1.2437203348432175,-0.024684322398109648,1.7888309398622286,0,1,0,0,0,0.0,Low,1.0,0.0,1.5201734662376591,0,0,0,0.0
1686,1.1904178868065796,0.8680578981483386,-0.6828188746341974,0,2,0,0,0,0.0,Low,1.0,0.0,-0.7632720585158452,0,0,0,0.0
1687,-0.4668677109124311,1.7608001186947866,-0.3672861059502342,0,1,0,1,0,0.2,Low,1.0,0.0,-0.6369477603243916,0,0,1,0.0
1688,-1.65804173427297,-1.1406120980811698,-0.9600329145160303,0,1,0,0,0,0.0,Low,0.0,1.0,-0.7775756938167063,0,0,0,0.0
1689,1.5529491113076133,-0.9174265429445578,-1.0761190302641723,0,1,0,0,0,0.0,Low,1.0,0.0,-0.9352507919550417,0,0,0,0.0
1690,0.051034038374759706,0.1985012327385024,1.4945267186864115,0,3,0,0,0,0.0,Low,1.0,0.0,1.1438715472698078,0,0,0,0.0
1691,-1.3990908596293747,-2.7029109840374543,1.2992184319647537,0,1,0,0,0,0.0,Low,0.0,1.0,4.2839557200731395,0,0,0,0.0
1692,-0.8293989354134648,1.0912434532849506,0.27547420010481494,0,1,0,0,0,0.0,Low,1.0,0.0,-0.10167130628779278,0,0,0,0.0
1693,1.7083196360937705,-0.4710554326713337,-0.6740477981188553,0,1,0,0,0,0.0,Low,1.0,0.0,-0.5826226437079658,0,0,0,0.0
1694,0.4135652628757933,0.42168678787511443,0.42534520317131175,0,1,0,0,0,0.0,Low,1.0,0.0,0.17638144061967204,0,0,0,0.0
1695,0.25819473808963606,0.42168678787511443,1.1463248679090732,0,1,0,0,0,0.0,Low,1.0,0.0,0.7568946308417426,0,0,0,0.0
1696,0.36177508794707425,-0.2478698775347217,2.058841680190399,0,3,0,0,0,0.0,Low,0.0,1.0,1.9116110605827,0,0,0,0.0
1697,-0.5186578858411502,-1.1406120980811698,-1.1508214838706845,0,1,0,0,0,0.0,Low,0.0,1.0,-0.9984012237198253,0,0,0,0.0
1698,1.3457884115927368,-1.586983208354394,-0.5803342833373828,0,2,0,0,0,0.0,Low,1.0,0.0,-0.199504919727284,0,0,0,0.0
1699,0.6207259625906697,-1.810168763491006,-0.6463504051291843,0,1,0,0,1,0.4,Medium,0.0,0.0,-0.20825869561029287,0,0,0,0.0
1700,-0.7776087604847457,-0.024684322398109648,-0.47426216638050894,0,1,0,0,0,0.0,Low,1.0,0.0,-0.47554850907696755,0,0,0,0.0
1701,0.4135652628757933,-1.810168763491006,0.18804591728683248,0,3,0,0,0,0.0,Low,1.0,0.0,0.9803692631657396,0,0,0,0.0
1702,-0.10433648641139755,0.42168678787511443,-1.2783622583208272,0,1,0,0,0,0.0,Low,1.0,0.0,-1.1953974070343463,0,0,0,0.0
1703,0.25819473808963606,-0.6942409878079457,-0.6887792519119339,0,1,0,0,0,0.0,Low,1.0,0.0,-0.5574658324785682,0,0,0,0.0
1704,0.1028242133034788,1.7608001186947866,-0.6266755104659453,0,3,1,0,0,0.3,Medium,1.0,0.0,-0.8025900201008012,0,0,1,0.0
1705,0.1028242133034788,0.8680578981483386,-0.2361436817232602,0,3,0,0,0,0.0,Low,0.0,1.0,-0.4323934143613348,0,0,0,0.0
1706,-1.606251559344251,0.8680578981483386,-0.11994457304094303,0,2,0,1,0,0.2,Low,0.0,1.0,-0.3463178853349584,0,0,1,0.0
1707,-1.3473006847006557,-0.9174265429445578,-0.48660664443913854,0,2,0,0,0,0.0,Low,1.0,0.0,-0.2930646561856414,0,0,0,0.0
1708,0.36177508794707425,0.8680578981483386,2.546646301141072,0,1,0,0,0,0.0,Low,1.0,0.0,1.6289831543627211,0,0,0,0.0
1709,-1.08834981005706,0.1985012327385024,-0.4169888728705057,0,1,0,1,0,0.2,Low,1.0,0.0,-0.46518785136256613,0,0,1,0.0
1710,0.7760964873768269,-1.3637976532177818,0.17684549268672572,0,2,0,0,0,0.0,Low,0.0,1.0,0.6613911169576723,0,0,0,0.0
1711,1.3457884115927368,-0.6942409878079457,0.38408865808062875,0,3,0,1,0,0.2,Low,0.0,1.0,0.5463348618550554,0,0,1,0.0
1712,-1.65804173427297,2.4303567841046227,-0.9115871939884567,0,1,0,0,0,0.0,Low,1.0,0.0,-1.0148797648911565,0,0,0,0.0
1713,1.3457884115927368,-1.3637976532177818,-0.8858106808797622,0,1,0,0,0,0.0,Low,0.0,1.0,-0.6505623244258797,0,0,0,0.0
1714,-1.5026712094868129,-1.810168763491006,0.40711096841880506,0,1,0,0,0,0.0,Low,1.0,0.0,1.292435409157619,0,0,0,0.0
1715,0.5171456127332315,-1.1406120980811698,1.3221701217190707,0,1,0,0,0,0.0,Low,1.0,0.0,1.8639279168440694,0,0,0,0.0
1716,-0.363287361054993,1.3144290084215626,2.0443079640321264,0,1,0,0,0,0.0,Low,1.0,0.0,1.0668620428940856,0,0,0,0.0
1717,-0.10433648641139755,1.5376145635581746,-0.8978020560190946,0,2,0,0,0,0.0,Low,1.0,0.0,-0.9638514025621331,0,0,0,0.0
1718,-0.6740284106273075,-0.2478698775347217,0.83805189524586,0,1,0,0,0,0.0,Low,1.0,0.0,0.7812223708512056,0,0,0,0.0
1719,-1.3473006847006557,-1.810168763491006,-0.3053518539055082,0,1,0,0,0,0.0,Low,1.0,0.0,0.27750616336339784,0,0,0,0.0
1720,0.827886662305546,0.42168678787511443,1.294274991094593,0,1,0,0,0,0.0,Low,1.0,0.0,0.8760200406206907,0,0,0,0.0
1721,1.7083196360937705,-0.4710554326713337,0.05205892100710117,0,1,0,0,0,0.0,Low,1.0,0.0,0.12510110155266366,0,0,0,0.0
1722,0.5171456127332315,-0.9174265429445578,0.28545995066253954,0,1,0,0,0,0.0,Low,1.0,0.0,0.547987160853094,0,0,0,0.0
1723,1.2422080617352986,-0.6942409878079457,1.6243838482871438,0,1,0,0,0,0.0,Low,1.0,0.0,1.822390077392349,0,0,0,0.0
1724,-1.606251559344251,1.9839856738313988,1.8357230075448943,0,1,0,0,0,0.0,Low,1.0,0.0,0.7005908635747652,0,0,0,0.0
1725,-1.65804173427297,2.653542339241235,-0.16549484963027972,0,1,0,0,1,0.4,Medium,0.0,0.0,-0.6050771121287167,0,0,0,0.0
1726,0.5171456127332315,1.0912434532849506,-1.1842673923865137,0,1,0,0,0,0.0,Low,1.0,0.0,-1.141398845114573,0,0,0,0.0
1727,-1.65804173427297,-0.4710554326713337,-0.8013060902335604,0,1,0,0,0,0.0,Low,1.0,0.0,-0.7066591148472269,0,0,0,0.0
1728,0.051034038374759706,0.1985012327385024,2.930426802066795,0,3,0,0,0,0.0,Low,1.0,0.0,2.3525713532590284,0,0,0,0.0
1729,-0.20791683626883573,0.42168678787511443,0.34742245094080915,0,2,0,0,0,0.0,Low,0.0,1.0,0.11364016274373342,0,0,0,0.0
1730,-1.3473006847006557,-2.033354318627618,-0.8953444597007861,0,2,0,0,1,0.4,Medium,0.0,0.0,-0.5008517263026361,0,0,0,0.0
1731,-0.6222382356985884,-0.2478698775347217,-0.7175924501265841,0,1,0,0,0,0.0,Low,1.0,0.0,-0.6592244570468945,0,0,0,0.0
1732,0.5171456127332315,1.3144290084215626,1.0151965677988708,0,1,0,0,0,0.0,Low,1.0,0.0,0.36100697715302466,0,0,0,0.0
1733,1.2422080617352986,0.1985012327385024,2.4822968251283535,0,1,0,0,0,0.0,Low,0.0,1.0,1.9753482982200665,0,0,0,0.0
1734,0.1028242133034788,-0.6942409878079457,-0.2522734230767555,0,2,0,0,0,0.0,Low,1.0,0.0,-0.10837472586481561,0,0,0,0.0
1735,-0.15612666134011663,-0.024684322398109648,1.2988370808119127,0,1,0,0,0,0.0,Low,1.0,0.0,1.0880694977449703,0,0,0,0.0
1736,0.6725161375193888,0.42168678787511443,0.8133205667782852,0,2,0,0,0,0.0,Low,1.0,0.0,0.48876863691732614,0,0,0,0.0
1737,1.0868375369491414,-1.1406120980811698,0.0660700448448132,0,1,0,0,0,0.0,Low,1.0,0.0,0.41007265693334416,0,0,0,0.0
1738,1.4493687614501751,-1.810168763491006,0.5118554183991217,0,1,0,0,0,0.0,Low,1.0,0.0,1.4416476940496745,0,0,0,0.0
1739,-0.20791683626883573,1.5376145635581746,0.019474583614356993,0,1,0,1,0,0.2,Low,1.0,0.0,-0.3571720500502607,0,0,1,0.0
1740,1.0868375369491414,0.42168678787511443,1.3645707202682764,0,2,0,0,0,0.0,Low,1.0,0.0,0.9326202472526549,0,0,0,0.0
1741,-0.9329792852709029,0.42168678787511443,0.589029592440714,0,1,0,0,0,0.0,Low,0.0,1.0,0.3081756529278563,0,0,0,0.0
1742,-1.1401399849857792,-0.9174265429445578,-1.1501294021488622,0,1,0,0,0,0.0,Low,1.0,0.0,-1.0158740932975032,0,0,0,0.0
1743,-0.8811891103421838,-0.024684322398109648,-0.4257458252690759,0,3,0,0,0,0.0,Low,0.0,1.0,-0.4327640881219236,0,0,0,0.0
1744,-0.9329792852709029,-0.024684322398109648,-0.9014602022630136,0,1,0,0,0,0.0,Low,1.0,0.0,-0.8522756113204201,0,0,0,0.0
1745,-1.1401399849857792,2.653542339241235,-0.14648378845531929,0,1,0,0,0,0.0,Low,1.0,0.0,-0.5944084654636796,0,0,0,0.0
1746,-1.3473006847006557,0.8680578981483386,-0.46944584256129523,0,1,0,0,0,0.0,Low,1.0,0.0,-0.6052140766267641,0,0,0,0.0
1747,-1.606251559344251,0.1985012327385024,-0.7339623014652014,0,1,0,0,0,0.0,Low,0.0,1.0,-0.7320070584094768,0,0,0,0.0
1748,-0.9329792852709029,-0.4710554326713337,-1.0396646848759312,0,1,0,0,0,0.0,Low,0.0,1.0,-0.9389831422552367,0,0,0,0.0
1749,-0.20791683626883573,-1.3637976532177818,-1.29581966665088,0,2,0,0,0,0.0,Low,1.0,0.0,-1.1567586965555916,0,0,0,0.0
1750,-0.5704480607698693,0.1985012327385024,1.333003319283108,0,1,0,0,0,0.0,Low,0.0,1.0,1.0079057486873078,0,0,0,0.0
1751,-1.5026712094868129,-0.4710554326713337,1.3298112688926613,0,2,0,0,0,0.0,Low,1.0,0.0,1.3705043643811194,0,0,0,0.0
1752,1.6047392862363323,3.099913449514459,-1.0551870892082353,0,1,0,0,1,0.4,Medium,0.0,0.0,-1.1160070026747437,0,0,0,0.0
1753,-0.20791683626883573,-1.1406120980811698,0.04662113604992434,0,1,0,0,0,0.0,Low,1.0,0.0,0.38756179265465046,0,0,0,0.0
1754,-0.6740284106273075,0.6448723430117265,-1.2195070637323728,0,3,0,0,0,0.0,Low,0.0,1.0,-1.1546858007018963,0,0,0,0.0
1755,-0.6222382356985884,2.4303567841046227,-0.8346672540487583,0,1,0,0,0,0.0,Low,1.0,0.0,-0.970364816865824,0,0,0,0.0
1756,-0.10433648641139755,0.6448723430117265,-0.5200808011885114,0,2,0,0,0,0.0,Low,1.0,0.0,-0.6149917803286634,0,0,0,0.0
1757,-0.052546311482678465,0.6448723430117265,-0.7739476760464146,0,2,0,0,0,0.0,Low,1.0,0.0,-0.8108815283534714,0,0,0,0.0
1758,-0.9329792852709029,-0.6942409878079457,0.34295923004089296,0,1,0,0,0,0.0,Low,1.0,0.0,0.5040195956373158,0,0,0,0.0
1759,0.20640456316091696,0.8680578981483386,-1.3715673048985118,0,1,0,1,0,0.2,Low,1.0,0.0,-1.27346861831191,0,0,1,0.0
1760,-1.036559635128341,0.1985012327385024,-0.8527602476335461,0,1,0,0,0,0.0,Low,1.0,0.0,-0.8320077869751824,0,0,0,0.0
1761,0.1028242133034788,1.0912434532849506,0.709804914957123,0,3,0,0,0,0.0,Low,1.0,0.0,0.20768865681331275,0,0,0,0.0
1762,-0.5704480607698693,1.0912434532849506,-1.239252578979471,0,1,0,0,0,0.0,Low,1.0,0.0,-1.1805630458349592,0,0,0,0.0
1763,1.6565294611650514,-1.1406120980811698,-0.7932129713232688,0,1,0,0,0,0.0,Low,1.0,0.0,-0.5844923111038149,0,0,0,0.0
1764,-1.65804173427297,-0.6942409878079457,0.9129520864871785,0,1,0,0,0,0.0,Low,1.0,0.0,1.0904464100202504,0,0,0,0.0
1765,1.6047392862363323,-0.4710554326713337,2.7671237639502335,0,1,0,0,1,0.4,Medium,0.0,0.0,2.7714281615558827,0,0,0,0.0
1766,1.7083196360937705,0.42168678787511443,1.3323959822619171,0,1,0,0,0,0.0,Low,1.0,0.0,0.9067140244864075,0,0,0,0.0
1767,0.9314670121629842,0.42168678787511443,-0.5403206605226261,0,1,0,0,0,0.0,Low,1.0,0.0,-0.601146412992422,0,0,0,0.0
1768,1.4493687614501751,0.42168678787511443,2.7468697804993467,0,3,0,0,0,0.0,Low,1.0,0.0,2.0456098037439294,0,0,0,0.0
1769,-0.5704480607698693,0.6448723430117265,0.7540134004531303,0,1,0,0,0,0.0,Low,1.0,0.0,0.3681297563395159,0,0,0,0.0
1770,-0.41507753598371205,0.42168678787511443,-1.0454132004020893,0,1,0,0,0,0.0,Low,1.0,0.0,-1.0078331699475498,0,0,0,0.0
1771,1.0868375369491414,-0.2478698775347217,-1.2073603233085497,0,1,0,0,0,0.0,Low,1.0,0.0,-1.1127243726477563,0,0,0,0.0
1772,-1.4508810345580938,0.6448723430117265,0.6284217541175079,0,2,0,0,0,0.0,Low,1.0,0.0,0.27122024040335285,0,0,0,0.0
1773,0.051034038374759706,-0.6942409878079457,-0.4005766491815726,0,1,0,0,1,0.4,Medium,0.0,0.0,-0.2609538107845504,0,0,0,0.0
1774,-0.6222382356985884,0.6448723430117265,-1.0597068065752393,0,1,0,0,0,0.0,Low,1.0,0.0,-1.0313801030746195,0,0,0,0.0
1775,0.4653554378045124,-0.4710554326713337,-0.4419603113232026,0,1,0,0,0,0.0,Low,1.0,0.0,-0.3564109573860638,0,0,0,0.0
1776,-0.984769460199622,-0.024684322398109648,1.037526796415225,0,1,0,0,0,0.0,Low,1.0,0.0,0.857631485491908,0,0,0,0.0
1777,1.3457884115927368,-0.024684322398109648,-0.7671680999959085,0,1,0,0,0,0.0,Low,1.0,0.0,-0.7338493305516987,0,0,0,0.0
1778,-1.1401399849857792,0.42168678787511443,-0.7835803236848418,0,1,0,0,0,0.0,Low,0.0,1.0,-0.7970124686127392,0,0,0,0.0
1779,0.7760964873768269,-1.3637976532177818,-0.45198843423124246,0,1,0,0,0,0.0,Low,1.0,0.0,-0.11496614233334804,0,0,0,0.0
1780,0.4135652628757933,-0.2478698775347217,-0.34169320635957434,0,1,0,0,0,0.0,Low,1.0,0.0,-0.31116104852799564,0,0,0,0.0
1781,0.20640456316091696,1.3144290084215626,-0.5921702931922244,0,2,0,0,0,0.0,Low,1.0,0.0,-0.7414665213308209,0,0,0,0.0
1782,0.5689357876619505,1.3144290084215626,0.36088273422441774,0,1,0,0,0,0.0,Low,1.0,0.0,-0.08777897129088844,0,0,0,0.0
1783,0.051034038374759706,-1.586983208354394,0.5052594558666502,0,3,0,0,0,0.0,Low,1.0,0.0,1.2365009226419885,0,0,0,0.0
1784,-0.20791683626883573,0.6448723430117265,-0.36930585464861404,0,1,0,0,0,0.0,Low,0.0,1.0,-0.49865022807736564,0,0,0,0.0
1785,-0.20791683626883573,-0.024684322398109648,-0.8032834665816245,0,2,0,0,0,0.0,Low,0.0,1.0,-0.7656978791345364,0,0,0,0.0
1786,-1.4508810345580938,-0.6942409878079457,-0.6871832267167107,0,1,0,0,0,0.0,Low,0.0,1.0,-0.5558237908980034,0,0,0,0.0
1787,1.7083196360937705,-1.1406120980811698,1.514625336852807,0,1,0,0,0,0.0,Low,0.0,1.0,2.086682482320816,0,0,0,0.0
1788,-1.3990908596293747,0.8680578981483386,2.702279943850499,0,2,0,0,0,0.0,Low,1.0,0.0,1.7442701671671021,0,0,0,0.0
1789,0.9314670121629842,0.42168678787511443,-1.1194376964035508,0,1,0,0,0,0.0,Low,1.0,0.0,-1.0674356780765681,0,0,0,0.0
1790,-1.036559635128341,1.7608001186947866,-1.027546192685652,0,1,0,0,0,0.0,Low,0.0,1.0,-1.0585801435407172,0,0,0,0.0
1791,-0.984769460199622,-0.6942409878079457,-0.7008553717518976,0,2,1,0,0,0.3,Medium,0.0,1.0,-0.5698901293934608,0,0,1,0.0
1792,-0.6740284106273075,-1.810168763491006,1.5638620079196066,0,2,0,0,0,0.0,Low,0.0,1.0,2.940269405971863,0,0,0,0.0
1793,0.051034038374759706,-1.586983208354394,-0.5940488007228855,0,1,0,0,0,0.0,Low,1.0,0.0,-0.21764626153835293,0,0,0,0.0
1794,1.6565294611650514,1.3144290084215626,0.3550777222311722,0,1,0,0,0,0.0,Low,1.0,0.0,-0.09176055884022226,0,0,0,0.0
1795,-1.65804173427297,0.1985012327385024,-0.44252527599407804,0,1,0,0,0,0.0,Low,0.0,1.0,-0.48668366841723215,0,0,0,0.0
1796,0.051034038374759706,-0.6942409878079457,-0.6858131873898375,0,3,0,0,0,0.0,Low,1.0,0.0,-0.5544142507801735,0,0,0,0.0
1797,-0.7258185855560266,-0.2478698775347217,-0.4912252306235457,0,1,0,0,1,0.4,Medium,0.0,0.0,-0.44962002898901554,0,0,0,0.0
1798,-1.2437203348432175,-0.024684322398109648,-1.0573480790743341,0,2,0,0,0,0.0,Low,1.0,0.0,-0.9897462529742254,0,0,0,0.0
1799,-0.4668677109124311,-1.586983208354394,0.5135361882949764,0,1,0,0,0,0.0,Low,1.0,0.0,1.2474492504496988,0,0,0,0.0
1800,1.6565294611650514,-1.1406120980811698,-0.8120827913305104,0,1,0,0,0,0.0,Low,1.0,0.0,-0.6063329172594684,0,0,0,0.0
1801,-0.4668677109124311,0.6448723430117265,-0.7491033546446647,0,1,0,0,0,0.0,Low,0.0,1.0,-0.7917110561839132,0,0,0,0.0
1802,1.0350473620204224,-0.024684322398109648,-0.8811214741114957,0,1,0,0,0,0.0,Low,1.0,0.0,-0.8343397841951615,0,0,0,0.0
1803,-0.052546311482678465,1.0912434532849506,1.8617255065219387,0,1,0,0,0,0.0,Low,1.0,0.0,1.0281650806901566,0,0,0,0.0
1804,0.1028242133034788,-0.2478698775347217,-0.6448250005178205,0,1,0,0,1,0.4,Medium,0.0,0.0,-0.5918455331463397,0,0,0,0.0
1805,-1.036559635128341,1.7608001186947866,-0.07683776865314289,0,1,0,0,0,0.0,Low,1.0,0.0,-0.4514717227506325,0,0,0,0.0
1806,1.6047392862363323,-0.6942409878079457,-1.3092658258177168,0,1,0,0,0,0.0,Low,0.0,1.0,-1.1958421924413172,0,0,0,0.0
1807,1.0350473620204224,-0.4710554326713337,-1.3767932281041102,0,1,0,0,0,0.0,Low,1.0,0.0,-1.2675765417694456,0,0,0,0.0
1808,0.9314670121629842,-1.810168763491006,-1.0468962326631375,0,1,0,0,0,0.0,Low,0.0,1.0,-0.7788508190263926,0,0,0,0.0
1809,-1.606251559344251,-0.9174265429445578,0.912005770663462,0,2,0,0,0,0.0,Low,1.0,0.0,1.2305157195461458,0,0,0,0.0
1810,0.36177508794707425,-0.2478698775347217,-0.14268440104368169,0,1,0,0,0,0.0,Low,0.0,1.0,-0.12688910796921904,0,0,0,0.0
1811,-1.4508810345580938,-0.024684322398109648,2.092287588706228,0,1,0,0,0,0.0,Low,0.0,1.0,1.7877784980336182,0,0,0,0.0
1812,-0.4668677109124311,-0.024684322398109648,1.1647709644131579,0,3,0,0,0,0.0,Low,1.0,0.0,0.9698425039443074,0,0,0,0.0
1813,-1.08834981005706,-1.586983208354394,-0.8691442230889352,0,1,0,1,0,0.2,Low,1.0,0.0,-0.5815380374952924,0,0,1,0.0
1814,-1.3473006847006557,-0.9174265429445578,-0.43953096323843793,0,3,0,0,0,0.0,Low,1.0,0.0,-0.24178269752640016,0,0,0,0.0
1815,-0.6740284106273075,1.9839856738313988,1.4553322946444245,0,1,0,0,0,0.0,Low,1.0,0.0,0.4657760112857197,0,0,0,0.0
1816,-0.4668677109124311,-0.024684322398109648,-0.5176090807534311,0,1,0,0,0,0.0,Low,0.0,1.0,-0.5137742406376749,0,0,0,0.0
1817,0.5689357876619505,1.0912434532849506,0.4624633820478316,0,1,0,0,0,0.0,Low,1.0,0.0,0.03151514460796783,0,0,0,0.0
1818,1.3457884115927368,0.8680578981483386,-1.113279581491008,0,1,0,0,0,0.0,Low,1.0,0.0,-1.082139677105474,0,0,0,0.0
1819,-1.1401399849857792,-0.024684322398109648,0.04590080609455811,0,1,0,0,0,0.0,Low,1.0,0.0,-0.016839730348478483,0,0,0,0.0
1820,-0.10433648641139755,-1.1406120980811698,-0.3082331737269731,0,1,0,0,0,0.0,Low,0.0,1.0,-0.023159306937143784,0,0,0,0.0
1821,-1.08834981005706,-0.2478698775347217,-0.862788370541586,0,2,0,1,1,0.6000000000000001,High,0.0,0.0,-0.7936684278733122,0,0,1,0.0
1822,-0.15612666134011663,-0.024684322398109648,-0.4106471444399283,0,1,0,0,0,0.0,Low,1.0,0.0,-0.4194492275685197,0,0,0,0.0
1823,-0.7258185855560266,0.6448723430117265,0.02352820512788867,0,1,0,0,0,0.0,Low,1.0,0.0,-0.19553007887218132,0,0,0,0.0
1824,-0.8293989354134648,2.207171228968011,0.8518087849816782,0,1,0,0,0,0.0,Low,1.0,0.0,0.048012508013100065,0,0,0,0.0
1825,1.3457884115927368,1.5376145635581746,1.9123039686820678,0,2,0,0,0,0.0,Low,1.0,0.0,0.894730000139535,0,0,0,0.0
1826,1.5011589363788942,-0.024684322398109648,0.6426023673564828,0,1,0,0,0,0.0,Low,1.0,0.0,0.5093650533742996,0,0,0,0.0
1827,-1.4508810345580938,-1.1406120980811698,1.2657866475656963,0,1,0,0,0,0.0,Low,1.0,0.0,1.7986676625226856,0,0,0,0.0
1828,-0.10433648641139755,-1.1406120980811698,-0.9334089544010227,0,2,0,0,0,0.0,Low,1.0,0.0,-0.7467601679159528,0,0,0,0.0
1829,0.4653554378045124,-1.1406120980811698,-1.0091142202983387,0,3,0,0,0,0.0,Low,1.0,0.0,-0.8343841566841433,0,0,0,0.0
1830,-1.65804173427297,0.8680578981483386,0.29668862349619,0,1,0,0,0,0.0,Low,1.0,0.0,-0.037693118686112456,0,0,0,0.0
1831,1.3457884115927368,1.5376145635581746,-1.089734678832272,0,3,0,0,0,0.0,Low,1.0,0.0,-1.0907940873564765,0,0,0,0.0
1832,-0.5704480607698693,0.6448723430117265,-0.48690325089134806,0,1,0,0,0,0.0,Low,1.0,0.0,-0.589391189580345,0,0,0,0.0
1833,-0.15612666134011663,-0.2478698775347217,0.6108796010868237,0,3,0,0,0,0.0,Low,0.0,1.0,0.570872484978433,0,0,0,0.0
1834,-1.5026712094868129,-1.810168763491006,1.5745115919656096,0,1,0,0,0,0.0,Low,1.0,0.0,2.9554401264153114,0,0,0,0.0
1835,-0.0007561365539593763,0.8680578981483386,0.07549083073166216,0,2,0,0,0,0.0,Low,1.0,0.0,-0.201547362041173,0,0,0,0.0
1836,-1.2437203348432175,0.8680578981483386,-0.9740440383537425,0,2,0,0,0,0.0,Low,1.0,0.0,-0.9789997032216744,0,0,0,0.0
1837,-1.65804173427297,-0.9174265429445578,-0.26684951158534326,0,1,0,0,0,0.0,Low,0.0,1.0,-0.053671918478130354,0,0,0,0.0
1838,-1.1919301599144982,0.8680578981483386,-0.15896950768166776,0,1,0,0,1,0.4,Medium,0.0,0.0,-0.37522595470409387,0,0,0,0.0
1839,0.827886662305546,1.0912434532849506,-0.799724189155109,0,1,0,1,0,0.2,Low,1.0,0.0,-0.8675009440579995,0,0,1,0.0
1840,-0.15612666134011663,-0.024684322398109648,-1.186866229872541,0,1,0,0,0,0.0,Low,1.0,0.0,-1.1039625965427122,0,0,0,0.0
1841,1.1386277118778605,-1.1406120980811698,0.6439865308001278,0,1,0,0,0,0.0,Low,1.0,0.0,1.0789739159684284,0,0,0,0.0
1842,-1.2955105097719366,-1.810168763491006,-0.4649826216613789,0,3,0,0,0,0.0,Low,1.0,0.0,0.05010631926280338,0,0,0,0.0
1843,-0.6740284106273075,-0.024684322398109648,0.4423647638814359,0,1,0,0,0,0.0,Low,1.0,0.0,0.3327843442390279,0,0,0,0.0
1844,-0.3114971861262739,-1.3637976532177818,-0.03196544966885666,0,1,0,0,0,0.0,Low,1.0,0.0,0.4035934950772886,0,0,0,0.0
1845,1.4493687614501751,-0.9174265429445578,-0.4605335248782344,0,1,0,0,0,0.0,Low,1.0,0.0,-0.2646618672012552,0,0,0,0.0
1846,-1.3990908596293747,-0.9174265429445578,-0.5696988234081517,0,1,0,0,0,0.0,Low,1.0,0.0,-0.3835812366813859,0,0,0,0.0
1847,-0.9329792852709029,0.42168678787511443,-0.3350972438271028,0,1,0,0,0,0.0,Low,1.0,0.0,-0.43590610711288813,0,0,0,0.0
1848,-1.554461384415532,0.8680578981483386,0.2872819617261129,0,1,0,0,0,0.0,Low,1.0,0.0,-0.04466118752427536,0,0,0,0.0
1849,-1.554461384415532,-1.3637976532177818,-1.3452540753524858,0,2,0,0,0,0.0,Low,1.0,0.0,-1.2177903305234856,0,0,0,0.0
1850,0.3099849130183551,1.3144290084215626,0.2538078049767399,0,2,0,0,0,0.0,Low,1.0,0.0,-0.16122037083225393,0,0,0,0.0
1851,-0.8811891103421838,-1.3637976532177818,0.15909147790446343,0,2,0,0,0,0.0,Low,1.0,0.0,0.6394720415583459,0,0,0,0.0
1852,0.9314670121629842,0.42168678787511443,0.6304838751662035,0,2,0,0,0,0.0,Low,0.0,1.0,0.34155351237427295,0,0,0,0.0
1853,0.9314670121629842,-0.2478698775347217,1.6834650287439485,0,1,0,1,0,0.2,Low,1.0,0.0,1.564031545733117,0,0,1,0.0
1854,0.1028242133034788,-0.6942409878079457,-0.7844560189246986,0,2,0,0,0,0.0,Low,1.0,0.0,-0.6559011392639285,0,0,0,0.0
1855,0.20640456316091696,-1.3637976532177818,-1.1415419391515547,0,1,0,0,0,0.0,Low,0.0,1.0,-0.9662876857466475,0,0,0,0.0
1856,0.827886662305546,-1.3637976532177818,-0.09199294594937787,0,1,0,0,0,0.0,Low,1.0,0.0,0.3294836538305603,0,0,0,0.0
1857,1.5011589363788942,-0.4710554326713337,-0.17221792921369808,0,1,0,0,0,0.0,Low,1.0,0.0,-0.09349769147955919,0,0,0,0.0
1858,1.5011589363788942,-0.4710554326713337,-0.5519165603923455,0,1,0,0,0,0.0,Low,1.0,0.0,-0.46358342440261724,0,0,0,0.0
1859,1.4493687614501751,-1.1406120980811698,0.19574356092751113,0,1,0,0,0,0.0,Low,0.0,1.0,0.5601614332170678,0,0,0,0.0
1860,-1.3990908596293747,-1.1406120980811698,-0.742563888579281,0,1,0,0,0,0.0,Low,0.0,1.0,-0.5258692469764398,0,0,0,0.0
1861,-0.363287361054993,-1.3637976532177818,-0.45646577924793086,0,1,0,0,0,0.0,Low,1.0,0.0,-0.12049386460986895,0,0,0,0.0
1862,-1.036559635128341,-0.6942409878079457,0.25006491403218994,0,1,0,0,0,0.0,Low,1.0,0.0,0.40844696311187817,0,0,0,0.0
1863,-1.5026712094868129,-1.586983208354394,-0.5374817130514767,0,2,0,0,0,0.0,Low,1.0,0.0,-0.1428202327501648,0,0,0,0.0
1864,1.0868375369491414,2.207171228968011,-0.16935073350900498,0,1,0,0,0,0.0,Low,1.0,0.0,-0.5620141423433184,0,0,0,0.0
1865,-1.65804173427297,0.42168678787511443,-0.5322557898458783,0,3,0,0,0,0.0,Low,1.0,0.0,-0.5946527987696267,0,0,0,0.0
1866,1.4493687614501751,-1.810168763491006,-0.9652447136048566,0,1,0,0,0,0.0,Low,1.0,0.0,-0.6625352555203287,0,0,0,0.0
1867,-0.6740284106273075,1.3144290084215626,0.6103428846494922,0,1,0,0,0,0.0,Low,1.0,0.0,0.08332273016005493,0,0,0,0.0
1868,-0.6740284106273075,0.8680578981483386,0.48451112832874765,0,1,0,0,0,0.0,Low,0.0,1.0,0.10143808162903933,0,0,0,0.0
1869,-1.2437203348432175,1.0912434532849506,0.44187041979442,0,3,0,0,0,0.0,Low,1.0,0.0,0.016847432136782945,0,0,0,0.0
1870,1.2422080617352986,-0.6942409878079457,-0.39422079663422327,0,1,0,0,0,0.0,Low,1.0,0.0,-0.2544147071451332,0,0,0,0.0
1871,0.25819473808963606,1.9839856738313988,0.7217397936293675,0,1,0,0,0,0.0,Low,1.0,0.0,0.012930006048799602,0,0,0,0.0
1872,-1.5026712094868129,-0.6942409878079457,0.7882220112746414,0,1,0,0,0,0.0,Low,0.0,1.0,0.9621201339320433,0,0,0,0.0
1873,1.6047392862363323,1.0912434532849506,1.4310953102638657,0,1,0,0,0,0.0,Low,1.0,0.0,0.7214408793637089,0,0,0,0.0
1874,-1.08834981005706,-0.4710554326713337,-0.3788820058199536,0,1,0,0,0,0.0,Low,1.0,0.0,-0.29492961664156425,0,0,0,0.0
1875,0.9832571870917033,-1.586983208354394,-0.10747297793136645,0,2,0,0,0,0.0,Low,1.0,0.0,0.4259883681128546,0,0,0,0.0
1876,0.5689357876619505,-0.024684322398109648,-0.9679141716747435,0,1,0,0,0,0.0,Low,1.0,0.0,-0.9108784353651019,0,0,0,0.0
1877,-0.10433648641139755,1.7608001186947866,1.6794679036975044,0,1,0,0,0,0.0,Low,0.0,1.0,0.6700792556690229,0,0,0,0.0
1878,0.1028242133034788,0.8680578981483386,-0.516874626681293,0,1,0,0,0,0.0,Low,1.0,0.0,-0.6403473726606249,0,0,0,0.0
1879,1.3457884115927368,-0.024684322398109648,-1.0767263672853635,0,1,0,0,0,0.0,Low,1.0,0.0,-1.0068351104852356,0,0,0,0.0
1880,-1.1919301599144982,0.8680578981483386,1.4874646603004678,0,3,0,0,0,0.0,Low,1.0,0.0,0.8443848807250638,0,0,0,0.0
1881,1.5011589363788942,0.1985012327385024,-0.4094889668646336,0,2,0,0,0,0.0,Low,1.0,0.0,-0.45887464403069256,0,0,0,0.0
1882,-0.6740284106273075,0.1985012327385024,2.5036383655706747,0,1,0,0,0,0.0,Low,0.0,1.0,1.993312999309447,0,0,0,0.0
1883,0.9314670121629842,0.1985012327385024,-0.2329798795663574,0,1,0,0,0,0.0,Low,1.0,0.0,-0.3102943200637892,0,0,0,0.0
1884,1.0868375369491414,0.6448723430117265,-0.8030716048300462,0,3,0,0,0,0.0,Low,1.0,0.0,-0.8333542478609351,0,0,0,0.0
1885,-0.41507753598371205,2.8767278943778467,0.6628845990409131,0,1,0,0,0,0.0,Low,1.0,0.0,-0.17456071211319132,0,0,0,0.0
1886,-0.0007561365539593763,2.207171228968011,-0.45825954207796055,0,1,0,0,0,0.0,Low,1.0,0.0,-0.734604290658517,0,0,0,0.0
1887,0.9314670121629842,0.42168678787511443,0.3937354298358277,0,3,0,0,0,0.0,Low,0.0,1.0,0.15093011201964474,0,0,0,0.0
1888,0.9314670121629842,-0.4710554326713337,-0.771009859757862,0,1,0,0,0,0.0,Low,1.0,0.0,-0.6771298994650166,0,0,0,0.0
1889,-0.2597070111975548,0.6448723430117265,0.25318634383877675,0,1,0,0,0,0.0,Low,0.0,1.0,-0.01832037024397518,0,0,0,0.0
1890,0.20640456316091696,0.1985012327385024,-0.5786393893247564,0,1,0,0,0,0.0,Low,0.0,1.0,-0.601260653459166,0,0,0,0.0
1891,0.4135652628757933,1.7608001186947866,0.568464878420846,0,3,0,0,0,0.0,Low,1.0,0.0,-0.03939094057450408,0,0,0,0.0
1892,-0.6740284106273075,0.6448723430117265,-0.33724410957642986,0,1,0,0,0,0.0,Low,1.0,0.0,-0.4739106193082373,0,0,0,0.0
1893,0.4135652628757933,0.42168678787511443,-0.10904075489304596,0,1,0,0,0,0.0,Low,1.0,0.0,-0.2538915788539797,0,0,0,0.0
1894,-1.08834981005706,-0.6942409878079457,-0.4726661411852857,0,2,0,0,0,0.0,Low,1.0,0.0,-0.3351217773969625,0,0,0,0.0
1895,1.5529491113076133,-0.4710554326713337,-0.301354728859064,0,2,0,0,0,0.0,Low,1.0,0.0,-0.21936511163785688,0,0,0,0.0
1896,-0.8811891103421838,1.5376145635581746,0.5434510676178336,0,1,0,0,0,0.0,Low,1.0,0.0,-0.01061824031440454,0,0,0,0.0
1897,-1.2955105097719366,1.3144290084215626,-0.9764733864385071,0,1,0,0,0,0.0,Low,1.0,0.0,-1.0050553671454914,0,0,0,0.0
1898,0.36177508794707425,-0.4710554326713337,0.01184756055753786,0,1,0,0,0,0.0,Low,1.0,0.0,0.08590777931809347,0,0,0,0.0
1899,-1.7098319092016891,-1.1406120980811698,3.85932758980351,0,1,0,0,0,0.0,Low,1.0,0.0,4.8005249269926455,0,0,0,0.0
1900,-1.65804173427297,0.6448723430117265,1.212284493233787,0,1,0,0,0,0.0,Low,1.0,0.0,0.7217426841470667,0,0,0,0.0
1901,1.3457884115927368,-0.9174265429445578,-0.39403718311618874,0,2,0,0,0,0.0,Low,1.0,0.0,-0.19222398500272286,0,0,0,0.0
1902,0.7243063124481078,0.1985012327385024,-0.163446852698356,0,1,0,0,0,0.0,Low,1.0,0.0,-0.2517633978513331,0,0,0,0.0
1903,-0.2597070111975548,-1.586983208354394,-0.6244156517824433,0,1,0,0,0,0.0,Low,0.0,1.0,-0.25781504103763003,0,0,0,0.0
1904,-1.2437203348432175,-0.4710554326713337,0.34965406139076755,0,1,0,0,0,0.0,Low,1.0,0.0,0.415161972463233,0,0,0,0.0
1905,1.2422080617352986,-0.6942409878079457,-1.0703705147380143,0,1,0,0,0,0.0,Low,0.0,1.0,-0.950059083647756,0,0,0,0.0
1906,1.3457884115927368,-1.810168763491006,-0.5797693186665073,0,2,0,0,0,0.0,Low,1.0,0.0,-0.11341151236040782,0,0,0,0.0
1907,-0.6740284106273075,-1.810168763491006,-0.8033540871654841,0,2,0,0,0,0.0,Low,1.0,0.0,-0.4319161603972518,0,0,0,0.0
1908,-0.3114971861262739,-0.9174265429445578,-0.5993877168626588,0,1,0,0,0,0.0,Low,1.0,0.0,-0.4159228739756328,0,0,0,0.0
1909,-0.0007561365539593763,-0.9174265429445578,-0.04106138086995218,0,1,0,1,0,0.2,Low,1.0,0.0,0.19229069512121885,0,0,1,0.0
1910,-1.3473006847006557,0.6448723430117265,-1.3297599192537253,0,1,0,0,0,0.0,Low,1.0,0.0,-1.2397595390507143,0,0,0,0.0
1911,1.2939982366640177,0.8680578981483386,-0.5041064251195069,0,1,0,0,0,0.0,Low,1.0,0.0,-0.6308892131565719,0,0,0,0.0
1912,0.7760964873768269,-0.4710554326713337,-0.6564209003875399,0,1,0,0,0,0.0,Low,1.0,0.0,-0.5654420093037706,0,0,0,0.0
1913,-0.8811891103421838,1.3144290084215626,0.8553115659411064,0,1,0,0,0,0.0,Low,1.0,0.0,0.2513437872297615,0,0,0,0.0
1914,1.3457884115927368,1.7608001186947866,-0.9000336664690528,0,1,0,0,0,0.0,Low,1.0,0.0,-0.9771525191867053,0,0,0,0.0
1915,0.5689357876619505,1.7608001186947866,-0.024649157181019083,0,1,0,0,0,0.0,Low,0.0,1.0,-0.4181448428228442,0,0,0,0.0
1916,-0.10433648641139755,-1.586983208354394,-0.3919044414836338,0,1,0,0,0,0.0,Low,1.0,0.0,0.049747027854044217,0,0,0,0.0
1917,0.5171456127332315,-0.2478698775347217,0.9709033376022322,0,1,0,0,0,0.0,Low,1.0,0.0,0.904235988515922,0,0,0,0.0
1918,1.6047392862363323,-0.024684322398109648,0.7494654348525825,0,1,0,0,0,0.0,Low,1.0,0.0,0.6036028783949293,0,0,0,0.0
1919,-1.3473006847006557,2.4303567841046227,2.035000171079453,0,2,0,0,0,0.0,Low,0.0,1.0,0.6903631605574135,0,0,0,0.0
1920,0.4653554378045124,1.3144290084215626,1.0296455392565116,0,1,0,0,0,0.0,Low,0.0,1.0,0.37091735200209713,0,0,0,0.0
1921,-1.7098319092016891,-0.024684322398109648,0.05030753052738712,0,3,0,0,0,0.0,Low,1.0,0.0,-0.012953634471339095,0,0,0,0.0
1922,0.879676837234265,-0.2478698775347217,0.646980843555768,0,1,0,0,0,0.0,Low,0.0,1.0,0.6043003827831339,0,0,0,0.0
1923,-0.5186578858411502,1.0912434532849506,-0.46594306160186716,0,1,0,0,0,0.0,Low,1.0,0.0,-0.6297592560476805,0,0,0,0.0
1924,-0.5186578858411502,-2.033354318627618,-0.14385670273574824,0,1,0,0,0,0.0,Low,1.0,0.0,0.658880101160136,0,0,0,0.0
1925,-0.8811891103421838,0.8680578981483386,-0.10139960771945496,0,1,0,0,0,0.0,Low,0.0,1.0,-0.3325805364092706,0,0,0,0.0
1926,-1.5026712094868129,0.1985012327385024,-0.8747938697976901,0,2,0,0,0,0.0,Low,0.0,1.0,-0.8505550627524384,0,0,0,0.0
1927,-0.7258185855560266,1.3144290084215626,0.9129662106039504,0,1,0,0,0,0.0,Low,1.0,0.0,0.29088841101657775,0,0,0,0.0
1928,-0.6740284106273075,-0.4710554326713337,1.534610962085028,0,1,0,0,0,0.0,Low,0.0,1.0,1.5701191070580653,0,0,0,0.0
1929,1.2422080617352986,-1.1406120980811698,-0.3799836869281609,0,1,0,0,0,0.0,Low,1.0,0.0,-0.10620592315774235,0,0,0,0.0
1930,-0.15612666134011663,-0.2478698775347217,-0.31683476084105255,0,1,0,0,0,0.0,Low,0.0,1.0,-0.288143403717247,0,0,0,0.0
1931,-1.1919301599144982,-0.024684322398109648,-0.7419565515580897,0,1,0,0,0,0.0,Low,1.0,0.0,-0.7116163781776802,0,0,0,0.0
1932,0.9314670121629842,0.1985012327385024,-1.0184220132510127,0,1,0,1,0,0.2,Low,1.0,0.0,-0.9714571444055904,0,0,1,0.0
1933,-0.984769460199622,-0.6942409878079457,0.49109296674444725,0,1,0,0,0,0.0,Low,1.0,0.0,0.6564243044599993,0,0,0,0.0
1934,-1.3990908596293747,-0.9174265429445578,-0.9913460813993045,0,2,0,0,0,0.0,Low,1.0,0.0,-0.8429032624402606,0,0,0,0.0
1935,-0.3114971861262739,-0.024684322398109648,-1.014128281752359,0,1,0,0,0,0.0,Low,1.0,0.0,-0.9516326203330508,0,0,0,0.0
1936,0.879676837234265,0.42168678787511443,0.40746407133810225,0,1,0,0,0,0.0,Low,1.0,0.0,0.16198404025879864,0,0,0,0.0
1937,1.2422080617352986,0.6448723430117265,-0.0869365121450423,0,1,0,0,0,0.0,Low,1.0,0.0,-0.28076729481198454,0,0,0,0.0
1938,-1.5026712094868129,-0.024684322398109648,0.4988047345018978,0,2,0,0,0,0.0,Low,1.0,0.0,0.3825562645116204,0,0,0,0.0
1939,-1.5026712094868129,-0.2478698775347217,-0.8118568054621602,0,2,0,0,0,0.0,Low,1.0,0.0,-0.7465084124258353,0,0,0,0.0
1940,-1.3473006847006557,0.8680578981483386,2.3319456020916123,0,1,0,0,0,0.0,Low,1.0,0.0,1.4699416912862713,0,0,0,0.0
1941,1.5529491113076133,-0.024684322398109648,-0.8902597776629069,0,1,0,0,0,0.0,Low,1.0,0.0,-0.8423984509660242,0,0,0,0.0
1942,-1.2437203348432175,-0.4710554326713337,-0.656915244474556,0,1,0,0,0,0.0,Low,1.0,0.0,-0.565923837992991,0,0,0,0.0
1943,0.20640456316091696,-1.3637976532177818,-0.7892440945103686,0,1,0,0,0,0.0,Low,0.0,1.0,-0.5313413868720253,0,0,0,0.0
1944,-1.3473006847006557,-0.024684322398109648,2.2596724965698645,0,1,0,0,0,0.0,Low,0.0,1.0,1.9353878641873954,0,0,0,0.0
1945,-0.4668677109124311,-0.2478698775347217,-0.5691056105037324,0,1,0,0,0,0.0,Low,1.0,0.0,-0.5217332639245084,0,0,0,0.0
1946,1.6565294611650514,0.8680578981483386,-0.9288044923333874,0,2,1,0,0,0.3,Medium,1.0,0.0,-0.9454881048903891,0,0,1,0.0
1947,0.827886662305546,0.1985012327385024,3.6367173853617927,0,1,0,0,0,0.0,Low,1.0,0.0,2.94710665615484,0,0,0,0.0
1948,1.7083196360937705,1.0912434532849506,1.8699457424831774,0,1,0,0,0,0.0,Low,1.0,0.0,1.0340200934872965,0,0,0,0.0
1949,0.7760964873768269,-0.024684322398109648,1.245504415881266,0,1,0,0,0,0.0,Low,1.0,0.0,1.0410377732831808,0,0,0,0.0
1950,0.1028242133034788,-1.1406120980811698,1.745399280788675,0,2,0,0,0,0.0,Low,0.0,1.0,2.3537885182319105,0,0,0,0.0
1951,0.36177508794707425,-1.586983208354394,-0.910556133464109,0,1,0,0,0,0.0,Low,1.0,0.0,-0.6363170428403533,0,0,0,0.0
1952,1.4493687614501751,0.8680578981483386,2.0387995584910907,0,1,0,0,0,0.0,Low,1.0,0.0,1.252791137628505,0,0,0,0.0
1953,-1.2437203348432175,-0.024684322398109648,-0.4350536182217497,0,1,1,0,0,0.3,Medium,1.0,0.0,-0.44097222011883014,0,0,1,0.0
1954,-0.6740284106273075,-0.4710554326713337,0.09389455488543133,0,1,0,0,0,0.0,Low,0.0,1.0,0.16587757519467136,0,0,0,0.0
1955,0.1028242133034788,0.42168678787511443,-0.27252740652764196,0,1,0,0,0,0.0,Low,1.0,0.0,-0.385526578203987,0,0,0,0.0
1956,-1.1401399849857792,-0.024684322398109648,1.5166874579015028,0,1,0,0,0,0.0,Low,1.0,0.0,1.2801821349532956,0,0,0,0.0
1957,-1.65804173427297,-0.9174265429445578,-1.3417936667433732,0,1,0,0,0,0.0,Low,1.0,0.0,-1.224663825972542,0,0,0,0.0
1958,-1.08834981005706,0.8680578981483386,-0.9763321452707884,0,1,0,0,0,0.0,Low,1.0,0.0,-0.9806946388850113,0,0,0,0.0
1959,0.9832571870917033,1.3144290084215626,1.7416140174938088,0,1,0,0,0,0.0,Low,1.0,0.0,0.8592479242328264,0,0,0,0.0
1960,-0.10433648641139755,-0.4710554326713337,-0.732507517437697,0,1,0,0,0,0.0,Low,1.0,0.0,-0.6396023278417506,0,0,0,0.0
1961,-0.9329792852709029,-0.2478698775347217,1.4434397883224952,0,1,0,0,0,0.0,Low,0.0,1.0,1.3417804912366058,0,0,0,0.0
1962,-0.10433648641139755,-0.4710554326713337,-0.7618715562064508,0,1,0,0,0,0.0,Low,1.0,0.0,-0.6682229519814313,0,0,0,0.0
1963,-0.10433648641139755,0.42168678787511443,-0.4646153946253099,0,2,0,0,0,0.0,Low,1.0,0.0,-0.5401905947188982,0,0,0,0.0
1964,-1.1919301599144982,1.3144290084215626,2.530587180371436,0,2,0,0,0,0.0,Low,1.0,0.0,1.4003950787481523,0,0,0,0.0
1965,-1.2437203348432175,-1.1406120980811698,0.634170269643666,0,3,0,0,0,0.0,Low,1.0,0.0,1.067612223394941,0,0,0,0.0
1966,-0.984769460199622,0.1985012327385024,-0.06873052562607954,0,1,0,0,0,0.0,Low,1.0,0.0,-0.17203389056782087,0,0,0,0.0
1967,-0.8811891103421838,-0.6942409878079457,0.30027614915624934,0,1,0,0,0,0.0,Low,1.0,0.0,0.46010588186327395,0,0,0,0.0
1968,0.3099849130183551,0.6448723430117265,1.036509860007649,0,1,0,0,0,0.0,Low,1.0,0.0,0.5861107761594881,0,0,0,0.0
1969,-0.8293989354134648,-0.024684322398109648,-0.12719024494492123,0,1,0,0,0,0.0,Low,0.0,1.0,-0.16948109244573153,0,0,0,0.0
1970,1.0868375369491414,0.8680578981483386,0.402746616336292,0,1,0,0,0,0.0,Low,1.0,0.0,0.04087028807930154,0,0,0,0.0
1971,-0.4668677109124311,0.8680578981483386,3.7042165394146425,0,1,0,0,0,0.0,Low,1.0,0.0,2.486463661523866,0,0,0,0.0
1972,1.2939982366640177,1.3144290084215626,-0.9456969359925647,0,1,0,0,0,0.0,Low,0.0,1.0,-0.983946171841358,0,0,0,0.0
1973,-0.6222382356985884,1.0912434532849506,-0.07918237203727614,0,1,1,0,0,0.3,Medium,1.0,0.0,-0.35428190995820175,0,0,1,0.0
1974,-0.20791683626883573,-0.9174265429445578,-0.6271133580858737,0,3,0,0,0,0.0,Low,1.0,0.0,-0.4461258397266351,0,0,0,0.0
1975,0.5171456127332315,-0.4710554326713337,-0.8644550163206687,0,1,0,0,0,0.0,Low,1.0,0.0,-0.7682092882616148,0,0,0,0.0
1976,-0.10433648641139755,-0.024684322398109648,-0.09049578957155789,0,1,0,0,0,0.0,Low,1.0,0.0,-0.13712187100724413,0,0,0,0.0
1977,0.879676837234265,0.42168678787511443,-0.8542291557778222,0,1,0,0,0,0.0,Low,0.0,1.0,-0.8538969840985913,0,0,0,0.0
1978,0.6207259625906697,-0.4710554326713337,-0.9265870060002012,0,2,0,0,0,0.0,Low,1.0,0.0,-0.8287682712296071,0,0,0,0.0
1979,-0.6740284106273075,-1.3637976532177818,-0.3321170551882346,0,2,0,0,0,0.0,Low,1.0,0.0,0.033026851233941924,0,0,0,0.0
1980,-0.10433648641139755,-1.3637976532177818,0.3641877775490396,0,1,0,0,0,0.0,Low,1.0,0.0,0.8926835720862851,0,0,0,0.0
1981,0.25819473808963606,0.42168678787511443,0.2644150166724272,0,1,0,1,0,0.2,Low,1.0,0.0,0.04680483737181191,0,0,1,0.0
1982,-1.1401399849857792,-0.024684322398109648,-0.31432066805565667,0,2,0,0,0,0.0,Low,1.0,0.0,-0.33450315743361436,0,0,0,0.0
1983,0.6725161375193888,-1.1406120980811698,-1.0723055187357629,0,1,0,0,0,0.0,Low,1.0,0.0,-0.9075240308910247,0,0,0,0.0
1984,-0.8293989354134648,-1.1406120980811698,-1.0921216545667207,0,3,0,0,0,0.0,Low,0.0,1.0,-0.9304599369062805,0,0,0,0.0
1985,-0.6740284106273075,-0.2478698775347217,0.1298404320698847,0,1,0,0,0,0.0,Low,0.0,1.0,0.12545490147589097,0,0,0,0.0
1986,-1.08834981005706,-0.024684322398109648,-0.7157845631797825,0,1,0,0,0,0.0,Low,1.0,0.0,-0.6885364561894134,0,0,0,0.0
1987,-0.6740284106273075,0.6448723430117265,-0.021428858557028807,0,2,0,0,0,0.0,Low,1.0,0.0,-0.23022002367928962,0,0,0,0.0
1988,-1.3473006847006557,0.8680578981483386,-0.15552322318932715,0,1,0,0,0,0.0,Low,0.0,1.0,-0.3726730886432654,0,0,0,0.0
1989,0.6207259625906697,-0.4710554326713337,-1.240763859474063,0,1,0,0,0,0.0,Low,1.0,0.0,-1.13499105303002,0,0,0,0.0
1990,-1.3990908596293747,2.207171228968011,1.7815005232576189,0,1,0,0,0,0.0,Low,1.0,0.0,0.6033975646032402,0,0,0,0.0
1991,-0.5704480607698693,1.0912434532849506,-1.0966554960504966,0,2,0,0,0,0.0,Low,1.0,0.0,-1.0789956760756423,0,0,0,0.0
1992,-0.6222382356985884,0.8680578981483386,-0.44265239304502507,0,1,0,0,0,0.0,Low,0.0,1.0,-0.5853665892604051,0,0,0,0.0
1993,-0.6222382356985884,-1.1406120980811698,-1.0304698848574325,0,1,0,0,0,0.0,Low,0.0,1.0,-0.8591019684411404,0,0,0,0.0
1994,-0.2597070111975548,-1.3637976532177818,-0.7295697011491445,0,1,0,0,0,0.0,Low,1.0,0.0,-0.45766748586792483,0,0,0,0.0
1995,-1.08834981005706,-0.9174265429445578,-0.6581722908672539,0,2,0,0,0,0.0,Low,1.0,0.0,-0.47995993126329023,0,0,0,0.0
1996,-1.65804173427297,-0.024684322398109648,-0.5955318329839335,0,1,0,0,0,0.0,Low,1.0,0.0,-0.5824908783113218,0,0,0,0.0
1997,-0.2597070111975548,1.5376145635581746,-0.42035041266221485,0,1,0,0,0,0.0,Low,1.0,0.0,-0.6480687462380487,0,0,0,0.0
1998,0.9314670121629842,0.1985012327385024,2.2490370366406336,0,1,0,0,0,0.0,Low,1.0,0.0,1.7789968498473843,0,0,0,0.0
1999,-0.363287361054993,-0.6942409878079457,-0.8839886698161888,0,2,0,0,0,0.0,Low,0.0,1.0,-0.7583035022572018,0,0,0,0.0
2000,0.827886662305546,-0.2478698775347217,0.40945557180293846,0,2,0,1,0,0.2,Low,1.0,0.0,0.3843641709749756,0,0,1,0.0
2001,-0.5704480607698693,0.1985012327385024,1.2315215402770976,0,1,0,0,0,0.0,Low,0.0,1.0,0.9224812765978303,0,0,0,0.0
2002,0.5171456127332315,-0.024684322398109648,0.27547420010481494,0,2,0,0,0,0.0,Low,1.0,0.0,0.18561091832787796,0,0,0,0.0
2003,-0.6222382356985884,1.7608001186947866,1.6092569192244524,0,1,0,0,0,0.0,Low,1.0,0.0,0.6252435533358602,0,0,0,0.0
2004,0.4653554378045124,-1.1406120980811698,0.28697123115713136,0,1,0,0,0,0.0,Low,1.0,0.0,0.6657516092345569,0,0,0,0.0
2005,0.1546143882321979,0.1985012327385024,0.25074287163724024,0,2,0,0,0,0.0,Low,1.0,0.0,0.09688971892304765,0,0,0,0.0
2006,1.3975785865214558,-0.4710554326713337,1.283738399982765,0,1,0,0,0,0.0,Low,1.0,0.0,1.3255979305457954,0,0,0,0.0
2007,1.1386277118778605,1.5376145635581746,0.08378168727676019,0,1,0,0,1,0.4,Medium,0.0,0.0,-0.31463985166416547,0,0,0,0.0
2008,-1.606251559344251,0.1985012327385024,1.2410553190981215,0,3,0,0,0,0.0,Low,0.0,1.0,0.930506540155297,0,0,0,0.0
2009,1.5011589363788942,2.8767278943778467,0.08006704456575367,0,1,0,0,0,0.0,Low,1.0,0.0,-0.4920072680860283,0,0,0,0.0
2010,-0.7776087604847457,-1.1406120980811698,1.2087252158072712,0,1,0,0,0,0.0,Low,1.0,0.0,1.7326227157645717,0,0,0,0.0
2011,-0.5704480607698693,-0.024684322398109648,2.0177546245009785,0,2,1,0,0,0.3,Medium,0.0,1.0,1.7220511648808476,0,0,1,0.0
2012,-0.2597070111975548,1.3144290084215626,-0.5392048552976468,0,1,1,0,0,0.3,Medium,1.0,0.0,-0.7051381677785031,0,0,1,0.0
2013,-0.20791683626883573,1.3144290084215626,-0.6411668542739016,0,1,0,0,0,0.0,Low,1.0,0.0,-0.7750726702569517,0,0,0,0.0
2014,0.25819473808963606,0.8680578981483386,1.6045818365729578,0,1,0,0,0,0.0,Low,1.0,0.0,0.9311404765299401,0,0,0,0.0
2015,-0.4668677109124311,-1.3637976532177818,1.1735137926949564,0,1,0,0,0,0.0,Low,0.0,1.0,1.8918760457989385,0,0,0,0.0
2016,-1.3473006847006557,-0.2478698775347217,-1.207190833907287,0,1,0,0,0,0.0,Low,1.0,0.0,-1.1125674341604104,0,0,0,0.0
2017,1.2422080617352986,-0.9174265429445578,-0.008392298776576762,0,1,0,0,0,0.0,Low,1.0,0.0,0.2278788050458588,0,0,0,0.0
2018,-0.9329792852709029,-0.024684322398109648,2.5097541081329027,0,1,0,0,0,0.0,Low,0.0,1.0,2.1559238052150547,0,0,0,0.0
2019,-1.7098319092016891,-0.2478698775347217,-0.9782671492685369,0,2,0,0,0,0.0,Low,1.0,0.0,-0.9005958505850623,0,0,0,0.0
2020,-1.5026712094868129,-0.024684322398109648,-1.0352155880927867,0,1,0,0,0,0.0,Low,1.0,0.0,-0.9702285855400029,0,0,0,0.0
2021,-1.606251559344251,0.6448723430117265,-0.7492163475788398,0,1,0,0,0,0.0,Low,1.0,0.0,-0.7917982442324387,0,0,0,0.0
2022,1.6047392862363323,0.1985012327385024,-0.5856590753603844,0,2,1,0,0,0.3,Medium,0.0,1.0,-0.6071696252933303,0,0,1,0.0
2023,-1.554461384415532,1.7608001186947866,-1.1638580436511368,0,2,0,0,0,0.0,Low,1.0,0.0,-1.1456268872979796,0,0,0,0.0
2024,1.5529491113076133,-0.9174265429445578,-0.9729423572455353,0,1,0,0,1,0.4,Medium,0.0,0.0,-0.8228551399881179,0,0,0,0.0
2025,-1.2437203348432175,-0.024684322398109648,-1.1876713045285385,0,1,0,0,0,0.0,Low,1.0,0.0,-1.1046725563664206,0,0,0,0.0
2026,-0.6740284106273075,1.0912434532849506,-0.04240317196328154,0,1,0,0,0,0.0,Low,1.0,0.0,-0.32808525476275197,0,0,0,0.0
2027,0.6207259625906697,-0.6942409878079457,-0.0636175953546563,0,1,0,0,1,0.4,Medium,0.0,0.0,0.08572040149450777,0,0,0,0.0
2028,-0.363287361054993,-0.024684322398109648,1.622787823091921,0,1,0,0,0,0.0,Low,1.0,0.0,1.3737473664567283,0,0,0,0.0
2029,1.6565294611650514,1.3144290084215626,0.04170594341330752,0,1,0,0,0,0.0,Low,1.0,0.0,-0.306698473577629,0,0,0,0.0
2030,0.36177508794707425,-0.2478698775347217,0.38543044917395813,0,1,0,0,0,0.0,Low,1.0,0.0,0.3621181403936784,0,0,0,0.0
2031,-1.08834981005706,0.6448723430117265,0.5238185453049103,0,3,0,0,0,0.0,Low,1.0,0.0,0.19050590448081337,0,0,0,0.0
2032,-1.2955105097719366,-1.586983208354394,-0.9036918127129717,0,2,0,1,0,0.2,Low,1.0,0.0,-0.6272370303581911,0,0,1,0.0
2033,0.1028242133034788,-0.2478698775347217,-0.9594679498451548,0,1,0,0,0,0.0,Low,1.0,0.0,-0.8831887566969336,0,0,0,0.0
2034,1.2422080617352986,0.42168678787511443,-1.021896545976897,0,1,0,0,0,0.0,Low,1.0,0.0,-0.9888982002786288,0,0,0,0.0
2035,1.0350473620204224,-0.9174265429445578,-0.587848313460027,0,2,0,0,0,0.0,Low,0.0,1.0,-0.40335240886174145,0,0,0,0.0
2036,-1.1401399849857792,-0.6942409878079457,-0.6440340499785947,0,2,0,0,0,0.0,Low,1.0,0.0,-0.511430542857071,0,0,0,0.0
2037,-1.036559635128341,-0.2478698775347217,-0.17500038021775993,0,3,0,0,1,0.4,Medium,0.0,0.0,-0.15681204622319211,0,0,0,0.0
2038,-0.0007561365539593763,1.9839856738313988,0.6314866874570075,0,1,0,0,0,0.0,Low,1.0,0.0,-0.04278315695903484,0,0,0,0.0
2039,0.9832571870917033,-1.810168763491006,0.38304347343950906,0,1,0,0,0,0.0,Low,1.0,0.0,1.2581503857681824,0,0,0,0.0
2040,-0.7258185855560266,-0.6942409878079457,-0.6498814343221561,0,3,0,0,0,0.0,Low,1.0,0.0,-0.5174465182053348,0,0,0,0.0
2041,-0.9329792852709029,-0.9174265429445578,-0.7606286339305248,0,1,0,0,0,0.0,Low,1.0,0.0,-0.591570890793484,0,0,0,0.0
2042,1.1386277118778605,-0.024684322398109648,-0.6879176807888487,0,2,0,0,0,0.0,Low,1.0,0.0,-0.6639618819407084,0,0,0,0.0
2043,1.2422080617352986,0.1985012327385024,-0.6047407571192043,0,1,0,0,0,0.0,Low,0.0,1.0,-0.6232320416876078,0,0,0,0.0
2044,-1.554461384415532,-0.2478698775347217,-1.1167682383336641,0,2,0,0,0,0.0,Low,0.0,1.0,-1.0288407511613122,0,0,0,0.0
2045,-1.554461384415532,-0.4710554326713337,0.05691761717663049,0,1,0,0,1,0.4,Medium,0.0,0.0,0.12983678924099956,0,0,0,0.0
2046,-0.7258185855560266,-0.6942409878079457,2.524301948407946,0,1,0,0,0,0.0,Low,1.0,0.0,2.7482544960267203,0,0,0,0.0
2047,-1.2437203348432175,-0.4710554326713337,-0.225381104743082,0,1,0,0,0,0.0,Low,0.0,1.0,-0.14531492537169888,0,0,0,0.0
2048,-0.5186578858411502,-0.024684322398109648,-0.1834607261641203,0,3,0,0,0,0.0,Low,1.0,0.0,-0.21910354749228025,0,0,0,0.0
2049,-0.41507753598371205,0.42168678787511443,0.21708510136983278,0,1,0,0,0,0.0,Low,1.0,0.0,0.008696078596704022,0,0,0,0.0
2050,0.1546143882321979,-0.2478698775347217,-0.9841851541959578,0,1,0,0,0,0.0,Low,0.0,1.0,-0.9060756194348939,0,0,0,0.0
2051,1.0350473620204224,1.0912434532849506,-0.7425073921121933,0,1,0,0,0,0.0,Low,1.0,0.0,-0.8267472381452625,0,0,0,0.0
2052,-0.6740284106273075,0.6448723430117265,-0.6803330300823452,0,2,0,0,0,0.0,Low,1.0,0.0,-0.7386462301500426,0,0,0,0.0
2053,0.20640456316091696,-0.2478698775347217,-1.0026736230503581,0,1,0,0,0,0.0,Low,1.0,0.0,-0.9231949927628881,0,0,0,0.0
2054,0.6207259625906697,-1.1406120980811698,1.991752125523934,0,1,0,0,0,0.0,Low,1.0,0.0,2.638926132428698,0,0,0,0.0
2055,-1.554461384415532,-0.9174265429445578,0.5903290111837277,0,1,0,0,0,0.0,Low,1.0,0.0,0.8800966951044356,0,0,0,0.0
2056,1.3457884115927368,-0.9174265429445578,0.6931667053998394,0,1,0,0,0,0.0,Low,1.0,0.0,0.99212308004231,0,0,0,0.0
2057,1.1904178868065796,0.8680578981483386,-0.5234140927466768,0,1,0,0,1,0.4,Medium,0.0,0.0,-0.6451915406367051,0,0,0,0.0
2058,0.5689357876619505,0.1985012327385024,-0.10832042493767972,0,1,0,0,0,0.0,Low,1.0,0.0,-0.2053595405701598,0,0,0,0.0
2059,-0.7258185855560266,1.0912434532849506,-0.5848681248211587,0,2,0,0,0,0.0,Low,1.0,0.0,-0.7144657985767464,0,0,0,0.0
2060,-0.8811891103421838,0.6448723430117265,-0.4301949220522204,0,1,0,0,0,0.0,Low,1.0,0.0,-0.5456336877265783,0,0,0,0.0
2061,-1.554461384415532,-0.024684322398109648,-0.1782771753088377,0,1,0,0,0,0.0,Low,1.0,0.0,-0.21453240266243995,0,0,0,0.0
2062,-1.036559635128341,-0.024684322398109648,-0.3829779996838011,0,2,0,0,0,0.0,Low,1.0,0.0,-0.39504902941686576,0,0,0,0.0
2063,-1.606251559344251,0.1985012327385024,-0.1901555575139949,0,3,0,0,0,0.0,Low,1.0,0.0,-0.2742460250915839,0,0,0,0.0
2064,1.2422080617352986,-0.6942409878079457,-1.1542536442462532,0,2,0,0,0,0.0,Low,0.0,1.0,-1.036360720346642,0,0,0,0.0
2065,1.0868375369491414,-1.3637976532177818,-0.975880173534088,0,1,0,0,0,0.0,Low,0.0,1.0,-0.7617619615153826,0,0,0,0.0
2066,-1.554461384415532,0.6448723430117265,-0.5873680934897827,0,1,0,0,0,0.0,Low,0.0,1.0,-0.6669122632256359,0,0,0,0.0
2067,-0.5186578858411502,0.42168678787511443,-0.46578769631737654,0,1,0,0,0,0.0,Low,0.0,1.0,-0.5411345001138054,0,0,0,0.0
2068,-0.0007561365539593763,-1.3637976532177818,-0.46594306160186716,0,1,0,0,0,0.0,Low,1.0,0.0,-0.1321945007219993,0,0,0,0.0
2069,-0.20791683626883573,-1.1406120980811698,0.3439479182149248,0,1,0,0,0,0.0,Low,0.0,1.0,0.7316984694380793,0,0,0,0.0
2070,-0.7776087604847457,-0.4710554326713337,-0.00257316266655917,0,2,0,0,0,0.0,Low,1.0,0.0,0.07185214812684086,0,0,0,0.0
2071,-0.15612666134011663,0.8680578981483386,0.15798979679625624,0,1,0,0,0,0.0,Low,1.0,0.0,-0.14043551506863547,0,0,0,0.0
2072,1.3457884115927368,0.6448723430117265,-0.6902481600562101,0,1,0,0,0,0.0,Low,1.0,0.0,-0.7462969814081608,0,0,0,0.0
2073,1.3457884115927368,1.0912434532849506,-0.9082962747806069,0,1,0,0,0,0.0,Low,1.0,0.0,-0.9448333897136917,0,0,0,0.0
2074,-0.7776087604847457,0.1985012327385024,-0.40180544734072676,0,1,0,0,0,0.0,Low,1.0,0.0,-0.4524068760673417,0,0,0,0.0
2075,0.7760964873768269,-0.2478698775347217,0.49093760145995663,0,1,0,0,1,0.4,Medium,0.0,0.0,0.4598123487665714,0,0,0,0.0
2076,1.5011589363788942,-0.2478698775347217,1.8957081314751,0,1,0,0,0,0.0,Low,1.0,0.0,1.7605577665121623,0,0,0,0.0
2077,-0.6222382356985884,0.42168678787511443,-0.671448960632828,0,1,0,0,0,0.0,Low,1.0,0.0,-0.7067273489721598,0,0,0,0.0
2078,-0.5186578858411502,-1.586983208354394,1.8902985947514668,0,1,0,0,0,0.0,Low,1.0,0.0,3.0686082971806443,0,0,0,0.0
2079,-0.20791683626883573,-1.810168763491006,-0.956953857059759,0,2,0,0,0,0.0,Low,1.0,0.0,-0.6507246283315966,0,0,0,0.0
2080,1.2422080617352986,-0.024684322398109648,-1.1297483016470287,0,1,0,0,0,0.0,Low,1.0,0.0,-1.0535928153659446,0,0,0,0.0
2081,-0.15612666134011663,-1.3637976532177818,-0.48847102785302754,0,2,0,0,0,0.0,Low,1.0,0.0,-0.16000748820165395,0,0,0,0.0
2082,1.5529491113076133,-1.810168763491006,-0.9061917813815957,0,1,0,0,0,0.0,Low,1.0,0.0,-0.5784122022390876,0,0,0,0.0
2083,-0.7776087604847457,0.6448723430117265,-0.7661794118218765,0,2,0,0,0,0.0,Low,1.0,0.0,-0.8048873500173389,0,0,0,0.0
2084,0.7243063124481078,-0.2478698775347217,0.8283203787900295,0,1,0,0,0,0.0,Low,0.0,1.0,0.7722114860360888,0,0,0,0.0
2085,0.5689357876619505,-2.926096539174066,0.6817826672816982,0,2,0,0,0,0.0,Low,1.0,0.0,3.553697688305868,0,0,0,0.0
2086,1.0868375369491414,-0.9174265429445578,0.0003364053884497061,0,1,0,0,0,0.0,Low,1.0,0.0,0.23738743104388202,0,0,0,0.0
2087,1.0868375369491414,0.6448723430117265,-0.08115974838534033,0,1,0,0,0,0.0,Low,1.0,0.0,-0.2763098058311151,0,0,0,0.0
2088,-0.8293989354134648,-0.4710554326713337,-0.7751905983223406,0,1,0,0,0,0.0,Low,1.0,0.0,-0.6812047935224217,0,0,0,0.0
2089,1.5011589363788942,0.8680578981483386,-0.3910146221270049,0,1,0,0,0,0.0,Low,0.0,1.0,-0.5471154486112703,0,0,0,0.0
2090,0.6725161375193888,0.6448723430117265,-0.521507336982472,0,1,0,0,0,0.0,Low,1.0,0.0,-0.6160925294412986,0,0,0,0.0
2091,1.1904178868065796,1.7608001186947866,-1.060751991216359,0,3,0,0,0,0.0,Low,1.0,0.0,-1.0797848782390203,0,0,0,0.0
2092,0.5689357876619505,-0.024684322398109648,2.2884433224342,0,1,0,0,0,0.0,Low,0.0,1.0,1.9607595863083345,0,0,0,0.0
2093,-0.052546311482678465,1.9839856738313988,-0.5018889387863206,0,1,0,0,0,0.0,Low,1.0,0.0,-0.7424149335475602,0,0,0,0.0
2094,-0.8811891103421838,-1.3637976532177818,-0.9422365273834522,0,1,0,0,0,0.0,Low,1.0,0.0,-0.7202255751978043,0,0,0,0.0
2095,-1.554461384415532,-1.3637976532177818,-1.0948899814540107,0,1,0,0,0,0.0,Low,1.0,0.0,-0.9086912608906608,0,0,0,0.0
2096,-0.7258185855560266,0.1985012327385024,0.22992392351547825,0,1,0,0,0,0.0,Low,0.0,1.0,0.0793649211694095,0,0,0,0.0
2097,0.6725161375193888,-0.4710554326713337,2.0799572347643704,0,1,0,0,0,0.0,Low,0.0,1.0,2.1016587504718287,0,0,0,0.0
2098,-0.984769460199622,-0.024684322398109648,2.841091763484607,0,2,1,0,0,0.3,Medium,1.0,0.0,2.4481158666952223,0,0,1,0.0
2099,0.6725161375193888,-1.3637976532177818,-0.33844465950204017,0,1,0,0,0,0.0,Low,1.0,0.0,0.025214802086051622,0,0,0,0.0
2100,-1.2955105097719366,-2.25653987376423,-0.5014087188160763,0,3,0,0,0,0.0,Low,1.0,0.0,0.23575650166558032,0,0,0,0.0
2101,-0.9329792852709029,-0.2478698775347217,-0.1652688637619294,0,1,0,0,1,0.4,Medium,0.0,0.0,-0.14780116140807512,0,0,0,0.0
2102,1.3975785865214558,0.1985012327385024,-0.18628554951849777,0,3,0,0,1,0.4,Medium,0.0,0.0,-0.27098836255121966,0,0,0,0.0
2103,-1.2437203348432175,0.8680578981483386,-1.2417666717648672,0,1,0,0,0,0.0,Low,1.0,0.0,-1.1773176383979194,0,0,0,0.0
2104,0.827886662305546,0.1985012327385024,-0.5893030974875313,0,2,0,0,0,0.0,Low,0.0,1.0,-0.610237059364184,0,0,0,0.0
2105,-1.606251559344251,1.3144290084215626,0.06581581074291945,0,1,0,0,0,0.0,Low,1.0,0.0,-0.29016180704061373,0,0,0,0.0
2106,0.879676837234265,0.1985012327385024,0.29038926741592824,0,1,0,0,0,0.0,Low,1.0,0.0,0.1302629260427643,0,0,0,0.0
2107,-0.7776087604847457,-0.024684322398109648,0.3813062070765669,0,1,0,0,0,0.0,Low,1.0,0.0,0.278939496556741,0,0,0,0.0
2108,0.4135652628757933,1.3144290084215626,-0.1993221092989498,0,1,0,1,0,0.2,Low,1.0,0.0,-0.47201670114304306,0,0,1,0.0
2109,0.051034038374759706,-0.4710554326713337,-0.9616995602951129,0,1,0,0,0,0.0,Low,0.0,1.0,-0.86299187469822,0,0,0,0.0
2110,0.6207259625906697,-0.2478698775347217,-0.360040434046256,0,1,0,0,0,0.0,Low,1.0,0.0,-0.3281496397832016,0,0,0,0.0
2111,-0.41507753598371205,-0.2478698775347217,1.3117747717749613,0,1,0,0,0,0.0,Low,1.0,0.0,1.2198654429833113,0,0,0,0.0
2112,1.5529491113076133,-0.9174265429445578,0.1461114145910989,0,2,0,0,0,0.0,Low,0.0,1.0,0.39618763966135223,0,0,0,0.0
2113,0.1546143882321979,0.1985012327385024,-0.4709288748223435,0,3,0,0,0,0.0,Low,0.0,1.0,-0.5105930091788103,0,0,0,0.0
2114,0.7760964873768269,0.6448723430117265,3.0986874051702893,0,1,0,0,0,0.0,Low,1.0,0.0,2.17733625577527,0,0,0,0.0
2115,-0.6740284106273075,-0.6942409878079457,-0.1508057681875169,0,1,0,0,0,0.0,Low,1.0,0.0,-0.003981569096875258,0,0,0,0.0
2116,1.5529491113076133,0.8680578981483386,-0.3730204973596204,0,1,0,0,0,0.0,Low,1.0,0.0,-0.5337861397526821,0,0,0,0.0
2117,-1.5026712094868129,0.8680578981483386,0.4926466195893551,0,2,0,0,0,0.0,Low,1.0,0.0,0.1074645195431265,0,0,0,0.0
2118,-1.554461384415532,0.42168678787511443,-1.0027583677509895,0,3,0,0,1,0.4,Medium,0.0,0.0,-0.9734886603979153,0,0,0,0.0
2119,0.25819473808963606,1.9839856738313988,-0.5027787581429495,0,3,0,0,0,0.0,Low,0.0,1.0,-0.7429642182532711,0,0,0,0.0
2120,0.051034038374759706,-0.9174265429445578,-0.35444728380458856,0,3,0,0,0,0.0,Low,1.0,0.0,-0.14909667323499032,0,0,0,0.0
2121,-1.7098319092016891,0.8680578981483386,-1.1724172584149004,0,2,0,0,0,0.0,Low,1.0,0.0,-1.125946440206658,0,0,0,0.0
2122,-0.5186578858411502,-1.1406120980811698,-0.06156959842273258,0,3,0,0,0,0.0,Low,1.0,0.0,0.26233795795981124,0,0,0,0.0
2123,1.1904178868065796,0.42168678787511443,0.2844571383717355,0,1,0,0,0,0.0,Low,0.0,1.0,0.0629422079184781,0,0,0,0.0
2124,0.36177508794707425,-0.024684322398109648,-0.6539774281860036,0,3,0,0,0,0.0,Low,1.0,0.0,-0.6340314704254332,0,0,0,0.0
2125,1.0350473620204224,0.1985012327385024,0.5602728906931514,0,2,0,0,0,0.0,Low,1.0,0.0,0.35744327575546214,0,0,0,0.0
2126,0.6207259625906697,-1.1406120980811698,1.0393629315955704,0,1,0,0,0,0.0,Low,1.0,0.0,1.5365967364139428,0,0,0,0.0
2127,1.3457884115927368,-0.6942409878079457,1.2505608496856018,0,1,0,0,0,0.0,Low,1.0,0.0,1.437789064004671,0,0,0,0.0
2128,1.3457884115927368,-0.024684322398109648,-0.9476460641070852,0,1,0,0,0,0.0,Low,1.0,0.0,-0.8930048854173617,0,0,0,0.0
2129,1.1904178868065796,-2.033354318627618,-0.09980358252423169,0,2,0,0,0,0.0,Low,1.0,0.0,0.7268649819979434,0,0,0,0.0
2130,-0.15612666134011663,-0.024684322398109648,0.41622102373667247,0,1,0,0,0,0.0,Low,0.0,1.0,0.3097293331217684,0,0,0,0.0
2131,-0.5186578858411502,-1.1406120980811698,-0.10299563291467821,0,1,0,0,0,0.0,Low,0.0,1.0,0.21438998052378452,0,0,0,0.0
2132,0.1028242133034788,-0.6942409878079457,0.9220338935715022,0,2,0,0,0,0.0,Low,0.0,1.0,1.0997900625539065,0,0,0,0.0
2133,-0.20791683626883573,-0.6942409878079457,-0.021767837359554117,0,1,0,0,0,0.0,Low,1.0,0.0,0.1287767661247148,0,0,0,0.0
2134,-0.5186578858411502,-0.024684322398109648,-0.9612193403248689,0,2,0,0,0,0.0,Low,1.0,0.0,-0.9049745589363711,0,0,0,0.0
2135,-0.20791683626883573,0.1985012327385024,0.9510872017712744,0,2,0,0,0,0.0,Low,1.0,0.0,0.6864196352148696,0,0,0,0.0
2136,-1.3990908596293747,-0.4710554326713337,-0.1336167180761299,0,3,0,0,0,0.0,Low,1.0,0.0,-0.05587375411844918,0,0,0,0.0
2137,0.051034038374759706,1.3144290084215626,1.9643513389864726,0,1,0,0,0,0.0,Low,0.0,1.0,1.0120207603715068,0,0,0,0.0
2138,1.0868375369491414,-0.024684322398109648,-0.958549882254982,0,3,0,0,0,0.0,Low,1.0,0.0,-0.9026204816261808,0,0,0,0.0
2139,-1.036559635128341,-1.1406120980811698,-0.11576383447646432,0,1,0,0,0,0.0,Low,1.0,0.0,0.1996116062987017,0,0,0,0.0
2140,-1.2437203348432175,0.6448723430117265,1.7974042787427638,0,1,0,0,0,0.0,Low,0.0,1.0,1.1732350949306272,0,0,0,0.0
2141,-0.9329792852709029,-1.3637976532177818,0.0011273559276753203,0,1,0,0,1,0.4,Medium,0.0,0.0,0.44444981461636723,0,0,0,0.0
2142,1.0350473620204224,-0.4710554326713337,0.6422916367875012,0,1,0,0,0,0.0,Low,1.0,0.0,0.7003907899476222,0,0,0,0.0
2143,0.5171456127332315,-0.024684322398109648,1.1005768536849299,0,3,0,0,0,0.0,Low,1.0,0.0,0.9132325495802096,0,0,0,0.0
2144,0.5689357876619505,-1.3637976532177818,-0.1730936244535551,0,1,0,0,0,0.0,Low,1.0,0.0,0.229356898903804,0,0,0,0.0
2145,1.1386277118778605,-0.9174265429445578,-0.8216306942683063,0,3,0,0,0,0.0,Low,1.0,0.0,-0.6580235698961733,0,0,0,0.0
2146,1.1904178868065796,-1.586983208354394,0.8266678571277185,0,1,1,0,0,0.3,Medium,1.0,0.0,1.6616547581236396,0,0,1,0.0
2147,-0.6740284106273075,-1.586983208354394,-0.342102805745959,0,1,0,0,0,0.0,Low,1.0,0.0,0.1156238262328586,0,0,0,0.0
2148,0.827886662305546,1.7608001186947866,-1.2542665151079875,0,1,0,0,1,0.4,Medium,0.0,0.0,-1.2033604078440616,0,0,0,0.0
2149,-0.052546311482678465,0.1985012327385024,1.4064346023801502,0,1,0,0,0,0.0,Low,1.0,0.0,1.0697181119988168,0,0,0,0.0
2150,-1.3990908596293747,1.7608001186947866,2.247709369664076,0,3,0,0,0,0.0,Low,1.0,0.0,1.0329499006635512,0,0,0,0.0
2151,-0.984769460199622,-1.810168763491006,-0.6836804457572826,0,2,0,0,0,0.0,Low,1.0,0.0,-0.26143669843792267,0,0,0,0.0
2152,-0.10433648641139755,0.42168678787511443,-0.21447728659518495,0,1,0,0,0,0.0,Low,1.0,0.0,-0.33878620262484826,0,0,0,0.0
2153,-0.7258185855560266,-0.4710554326713337,2.454331073920016,0,2,0,0,0,0.0,Low,0.0,1.0,2.4665545000852864,0,0,0,0.0
2154,-0.984769460199622,-0.9174265429445578,1.8409913031008083,0,1,0,0,0,0.0,Low,1.0,0.0,2.242507398782352,0,0,0,0.0
2155,0.7243063124481078,0.8680578981483386,0.42013340408248523,0,1,0,0,0,0.0,Low,1.0,0.0,0.05374970660749757,0,0,0,0.0
2156,-0.6740284106273075,0.1985012327385024,1.636149237558126,0,1,0,0,0,0.0,Low,1.0,0.0,1.2630853512560556,0,0,0,0.0
2157,0.4135652628757933,-0.9174265429445578,-0.3966360206022161,0,1,0,0,0,0.0,Low,0.0,1.0,-0.1950550322254353,0,0,0,0.0
2158,-0.41507753598371205,-0.2478698775347217,-1.0695371918484728,0,3,0,0,0,0.0,Low,1.0,0.0,-0.9851072260208901,0,0,0,0.0
2159,-1.036559635128341,0.1985012327385024,1.232580849034989,0,1,0,0,0,0.0,Low,0.0,1.0,0.9233729725486599,0,0,0,0.0
2160,1.1904178868065796,-0.6942409878079457,-0.2437707047800793,0,1,0,0,0,0.0,Low,1.0,0.0,-0.09962685832941752,0,0,0,0.0
2161,0.1546143882321979,0.42168678787511443,-1.1499316645140558,0,1,0,0,0,0.0,Low,1.0,0.0,-1.0919885906983104,0,0,0,0.0
2162,1.2422080617352986,-0.2478698775347217,-0.6610112383384033,0,1,1,0,0,0.3,Medium,1.0,0.0,-0.6068331586878838,0,0,1,0.0
2163,-0.6740284106273075,-1.1406120980811698,-0.42906499271046944,0,1,0,0,0,0.0,Low,0.0,1.0,-0.1630143860251793,0,0,0,0.0
2164,-1.606251559344251,-1.810168763491006,-0.33437691387173657,0,1,0,0,0,0.0,Low,0.0,1.0,0.23615890804339068,0,0,0,0.0
2165,0.1546143882321979,0.1985012327385024,-0.7605297651131215,0,2,0,0,0,0.0,Low,1.0,0.0,-0.7543707928562836,0,0,0,0.0
2166,0.7760964873768269,1.5376145635581746,-0.921813054531303,0,1,0,0,0,0.0,Low,1.0,0.0,-0.9797320828292891,0,0,0,0.0
2167,-0.7776087604847457,-0.9174265429445578,-1.1844651300213203,0,1,0,0,0,0.0,Low,1.0,0.0,-1.0532777661149697,0,0,0,0.0
2168,-1.1401399849857792,-2.033354318627618,-1.1940554053094317,0,1,0,0,0,0.0,Low,1.0,0.0,-0.9618367358694174,0,0,0,0.0
2169,1.3975785865214558,0.1985012327385024,-0.26330435827559956,0,1,0,0,0,0.0,Low,1.0,0.0,-0.33582060281620507,0,0,0,0.0
2170,0.36177508794707425,-0.024684322398109648,0.03385293448813824,0,2,0,0,0,0.0,Low,0.0,1.0,-0.027464216833093615,0,0,0,0.0
2171,-0.052546311482678465,-1.1406120980811698,-0.9328439897301471,0,1,0,0,0,0.0,Low,0.0,1.0,-0.7461062575520111,0,0,0,0.0
2172,0.827886662305546,0.42168678787511443,1.5894266592767226,0,1,0,0,0,0.0,Low,1.0,0.0,1.1136681254083447,0,0,0,0.0
2173,-0.052546311482678465,1.3144290084215626,-0.5593175975808145,0,1,0,0,0,0.0,Low,1.0,0.0,-0.7189332545674365,0,0,0,0.0
2174,-0.5186578858411502,1.5376145635581746,-0.331453221699956,0,3,0,0,0,0.0,Low,0.0,1.0,-0.5892728629430604,0,0,0,0.0
2175,1.3975785865214558,0.8680578981483386,-0.38251190383032874,0,2,0,0,0,0.0,Low,0.0,1.0,-0.5408169839857836,0,0,0,0.0
2176,1.3975785865214558,-0.6942409878079457,-1.2303120130628666,0,1,0,0,0,0.0,Low,1.0,0.0,-1.1146119938983345,0,0,0,0.0
2177,-0.3114971861262739,0.6448723430117265,0.9385026137275226,0,1,0,0,0,0.0,Low,1.0,0.0,0.5104860425696283,0,0,0,0.0
2178,1.2422080617352986,0.6448723430117265,0.3917863017213074,0,1,0,0,0,0.0,Low,1.0,0.0,0.08862666977869327,0,0,0,0.0
2179,0.4653554378045124,1.9839856738313988,1.655965373389084,0,2,0,0,0,0.0,Low,1.0,0.0,0.5896266342162815,0,0,0,0.0
2180,0.36177508794707425,2.207171228968011,1.522238235792855,0,1,0,0,0,0.0,Low,1.0,0.0,0.4485178402095084,0,0,0,0.0
2181,0.25819473808963606,-0.024684322398109648,0.23389280032837884,0,1,0,0,0,0.0,Low,1.0,0.0,0.14894211620512726,0,0,0,0.0
2182,0.7760964873768269,-0.9174265429445578,0.48256200021422735,0,1,0,0,0,0.0,Low,1.0,0.0,0.7627005521191339,0,0,0,0.0
2183,-0.8811891103421838,-0.6942409878079457,-0.9632814613735645,0,1,0,0,0,0.0,Low,1.0,0.0,-0.8398824529942867,0,0,0,0.0
2184,1.6047392862363323,-0.2478698775347217,-0.5545012737616009,0,1,0,0,0,0.0,Low,1.0,0.0,-0.5082103975981936,0,0,0,0.0
2185,-1.5026712094868129,-0.2478698775347217,-0.3880061852545929,0,1,0,0,0,0.0,Low,1.0,0.0,-0.3540444901952936,0,0,0,0.0
2186,-1.65804173427297,-0.6942409878079457,-0.6482995332437047,0,1,0,0,0,0.0,Low,0.0,1.0,-0.515819007966191,0,0,0,0.0
2187,-0.6222382356985884,-2.25653987376423,1.4752755475263295,0,1,0,0,0,0.0,Low,0.0,1.0,3.5635895687204058,0,0,0,0.0
2188,1.1904178868065796,0.1985012327385024,-0.07065140550705623,0,1,0,0,0,0.0,Low,1.0,0.0,-0.1736508325586586,0,0,0,0.0
2189,1.6565294611650514,-1.1406120980811698,-0.8101054149824461,0,1,0,0,0,0.0,Low,1.0,0.0,-0.6040442309856724,0,0,0,0.0
2190,-0.9329792852709029,0.6448723430117265,1.3497968941248821,0,1,0,0,1,0.4,Medium,0.0,0.0,0.8278505392026766,0,0,0,0.0
2191,0.879676837234265,2.207171228968011,-0.03713487640736754,0,3,0,0,0,0.0,Low,1.0,0.0,-0.4830302079322417,0,0,0,0.0
2192,0.25819473808963606,-0.4710554326713337,0.8712011973094796,0,1,0,0,0,0.0,Low,1.0,0.0,0.9235050061245375,0,0,0,0.0
2193,0.3099849130183551,-0.024684322398109648,-0.9715581938018903,0,1,0,0,0,0.0,Low,1.0,0.0,-0.9140919377250442,0,0,0,0.0
2194,0.20640456316091696,-1.3637976532177818,0.042920617455690015,0,2,0,0,0,0.0,Low,1.0,0.0,0.49604770173379525,0,0,0,0.0
2195,1.3457884115927368,0.8680578981483386,-0.834568385231355,0,1,0,0,0,0.0,Low,1.0,0.0,-0.8756818657188827,0,0,0,0.0
2196,1.2939982366640177,-0.2478698775347217,-0.014451544871716382,0,1,0,0,0,0.0,Low,0.0,1.0,-0.008152064084681387,0,0,0,0.0
2197,-1.2437203348432175,-0.9174265429445578,0.39593879205224236,0,1,0,0,0,0.0,Low,1.0,0.0,0.6683374400707914,0,0,0,0.0
2198,1.5529491113076133,3.769470114924295,-1.0117554301346818,0,1,0,0,0,0.0,Low,1.0,0.0,-1.1100185603944352,0,0,0,0.0
2199,1.5011589363788942,-0.6942409878079457,-0.27540872634910696,0,1,0,0,0,0.0,Low,0.0,1.0,-0.13217706311229413,0,0,0,0.0
2200,0.7760964873768269,-0.9174265429445578,-0.974496010090443,0,1,0,0,0,0.0,Low,1.0,0.0,-0.8245476138712612,0,0,0,0.0
2201,1.5529491113076133,-0.9174265429445578,0.9553950573866999,0,2,0,0,0,0.0,Low,1.0,0.0,1.2777818992644745,0,0,0,0.0
2202,-0.10433648641139755,0.42168678787511443,-0.185268613110922,0,2,0,1,0,0.2,Low,1.0,0.0,-0.3152681742312574,0,0,1,0.0
2203,-1.3990908596293747,-0.2478698775347217,-0.811772060761529,0,1,0,0,0,0.0,Low,1.0,0.0,-0.7464299431821623,0,0,0,0.0
2204,-0.6740284106273075,-0.024684322398109648,-0.6701777901233582,0,2,0,0,0,0.0,Low,1.0,0.0,-0.6483178549481217,0,0,0,0.0
2205,-0.7258185855560266,0.8680578981483386,-0.5759275589045539,0,1,0,0,0,0.0,Low,1.0,0.0,-0.6840913603668701,0,0,0,0.0
2206,-0.41507753598371205,-1.3637976532177818,1.625005309425107,0,1,0,0,0,0.0,Low,1.0,0.0,2.449286677632566,0,0,0,0.0
2207,-0.984769460199622,1.5376145635581746,-0.3058320738757524,0,1,0,0,0,0.0,Low,1.0,0.0,-0.5723272429403421,0,0,0,0.0
2208,-1.036559635128341,1.3144290084215626,0.6839719053813408,0,1,0,0,0,0.0,Low,1.0,0.0,0.13382398537825005,0,0,0,0.0
2209,-0.363287361054993,-0.024684322398109648,-0.2645331564347538,0,1,0,0,0,0.0,Low,1.0,0.0,-0.29059774728324167,0,0,0,0.0
2210,0.3099849130183551,1.3144290084215626,-0.9623210214330761,0,1,0,0,0,0.0,Low,1.0,0.0,-0.9953484310763122,0,0,0,0.0
2211,1.2422080617352986,-0.9174265429445578,-0.6760816709340072,0,1,0,0,0,0.0,Low,1.0,0.0,-0.49946953929806914,0,0,0,0.0
2212,-0.3114971861262739,-1.3637976532177818,0.09253863967533009,0,2,0,0,0,0.0,Low,1.0,0.0,0.5573060246278552,0,0,0,0.0
2213,-0.41507753598371205,-1.1406120980811698,-1.2278261685110143,0,1,0,0,0,0.0,Low,0.0,1.0,-1.0875292063250819,0,0,0,0.0
2214,1.5011589363788942,1.7608001186947866,0.28127921209806084,0,1,0,0,0,0.0,Low,1.0,0.0,-0.22278348443694543,0,0,0,0.0
2215,1.6565294611650514,-1.586983208354394,-0.7564478953660462,0,1,0,0,0,0.0,Low,1.0,0.0,-0.43246515766983584,0,0,0,0.0
2216,-0.4668677109124311,-0.4710554326713337,-0.07942248202239817,0,1,0,0,0,0.0,Low,0.0,1.0,-0.0030515632459359628,0,0,0,0.0
2217,-1.606251559344251,-0.2478698775347217,-0.6502769095917691,0,2,1,0,0,0.3,Medium,1.0,0.0,-0.5968937211559697,0,0,1,0.0
2218,0.5171456127332315,-1.1406120980811698,0.5167706110357385,0,3,0,0,0,0.0,Low,1.0,0.0,0.9317296497678517,0,0,0,0.0
2219,0.4135652628757933,0.8680578981483386,-0.20111587212897947,0,2,0,0,0,0.0,Low,0.0,1.0,-0.4064462511201273,0,0,0,0.0
2220,-1.4508810345580938,0.8680578981483386,0.46694072706452,0,2,1,0,0,0.3,Medium,0.0,1.0,0.08842264974514356,0,0,1,0.0
2221,0.25819473808963606,-1.1406120980811698,-1.1834058212634286,0,1,0,0,0,0.0,Low,1.0,0.0,-1.036115503960164,0,0,0,0.0
2222,0.9314670121629842,0.8680578981483386,-0.40060489741511635,0,1,0,0,0,0.0,Low,1.0,0.0,-0.554219530805133,0,0,0,0.0
2223,-0.5704480607698693,0.8680578981483386,-0.7671963482294525,0,1,0,0,0,0.0,Low,1.0,0.0,-0.8257754267428506,0,0,0,0.0
2224,0.827886662305546,0.42168678787511443,0.24711297362686527,0,3,0,0,0,0.0,Low,0.0,1.0,0.03287370353131445,0,0,0,0.0
2225,0.4653554378045124,0.1985012327385024,0.9361297621098454,0,1,0,0,0,0.0,Low,1.0,0.0,0.6738288883891549,0,0,0,0.0
2226,-0.7776087604847457,0.42168678787511443,0.8781220145277042,0,1,0,0,0,0.0,Low,1.0,0.0,0.5409449977827978,0,0,0,0.0
2227,0.879676837234265,-1.1406120980811698,1.7351310478955129,0,1,0,0,0,0.0,Low,0.0,1.0,2.34190369736727,0,0,0,0.0
2228,-1.1919301599144982,-0.9174265429445578,0.9755925443704988,0,1,0,0,0,0.0,Low,1.0,0.0,1.2997840597453367,0,0,0,0.0
2229,-1.1401399849857792,-0.4710554326713337,-0.4082601687054794,0,1,0,0,0,0.0,Low,0.0,1.0,-0.3235640073152229,0,0,0,0.0
2230,-1.3473006847006557,-0.4710554326713337,-0.8917286858071831,0,2,0,0,0,0.0,Low,1.0,0.0,-0.794792465372593,0,0,0,0.0
2231,-0.5186578858411502,-0.2478698775347217,-1.164564249489731,0,1,0,0,0,0.0,Low,1.0,0.0,-1.073097404592888,0,0,0,0.0
2232,0.36177508794707425,1.7608001186947866,-0.9118838004406663,0,2,0,0,0,0.0,Low,1.0,0.0,-0.9847198405018378,0,0,0,0.0
2233,0.1028242133034788,-0.024684322398109648,-1.2074450680091808,0,3,0,0,0,0.0,Low,0.0,1.0,-1.1221101660715331,0,0,0,0.0
2234,1.0868375369491414,-0.4710554326713337,-1.057475196125281,0,2,0,0,0,0.0,Low,1.0,0.0,-0.9563427416011422,0,0,0,0.0
2235,-1.2955105097719366,0.6448723430117265,0.009432336589545072,0,3,0,0,0,0.0,Low,1.0,0.0,-0.2064067879257452,0,0,0,0.0
2236,0.6725161375193888,-0.4710554326713337,-1.1839566618175321,0,1,0,0,0,0.0,Low,1.0,0.0,-1.0796220533716285,0,0,0,0.0
2237,-0.984769460199622,1.5376145635581746,0.14687411689678073,0,3,0,0,0,0.0,Low,1.0,0.0,-0.27291102886805607,0,0,0,0.0
2238,0.7243063124481078,0.42168678787511443,-0.6730026134777357,0,1,0,0,1,0.4,Medium,0.0,0.0,-0.7079783079292657,0,0,0,0.0
2239,0.4135652628757933,-0.9174265429445578,-0.16060790522720664,0,2,0,0,0,0.0,Low,1.0,0.0,0.06206252287644904,0,0,0,0.0
2240,1.3457884115927368,0.42168678787511443,-0.13610256262798207,0,1,0,0,0,0.0,Low,1.0,0.0,-0.2756810094159334,0,0,0,0.0
2241,-1.1401399849857792,0.1985012327385024,1.7436620144257329,0,1,0,0,1,0.4,Medium,0.0,0.0,1.35358654562559,0,0,0,0.0
2242,-1.65804173427297,1.0912434532849506,-0.10082051893180746,0,1,0,0,0,0.0,Low,1.0,0.0,-0.3696940742283358,0,0,0,0.0
2243,-1.3990908596293747,-1.1406120980811698,-1.040964103618945,0,1,0,0,0,0.0,Low,1.0,0.0,-0.8712483534513579,0,0,0,0.0
2244,-1.606251559344251,-1.1406120980811698,-0.8658391797643137,0,3,0,0,0,0.0,Low,1.0,0.0,-0.6685524883885231,0,0,0,0.0
2245,-1.606251559344251,0.8680578981483386,-0.13850366247920298,0,2,0,0,0,0.0,Low,0.0,1.0,-0.36006569682646905,0,0,0,0.0
2246,-0.363287361054993,0.8680578981483386,-0.4442766664737921,0,1,0,0,0,0.0,Low,1.0,0.0,-0.5865697843300578,0,0,0,0.0
2247,0.3099849130183551,-0.9174265429445578,-0.09377258466263566,0,1,0,0,0,0.0,Low,1.0,0.0,0.1348696721040308,0,0,0,0.0
2248,-0.052546311482678465,0.42168678787511443,0.167396458566333,0,2,0,0,0,0.0,Low,1.0,0.0,-0.03131186332237385,0,0,0,0.0
2249,-1.7098319092016891,0.1985012327385024,-0.8464608915532842,0,1,0,0,0,0.0,Low,1.0,0.0,-0.8267051683875822,0,0,0,0.0
2250,-1.3473006847006557,-0.024684322398109648,0.20168981408847578,0,2,0,1,0,0.2,Low,1.0,0.0,0.12054372325680122,0,0,1,0.0
2251,-0.10433648641139755,-0.024684322398109648,0.3348661111306015,0,1,0,0,0,0.0,Low,1.0,0.0,0.23798602462073404,0,0,0,0.0
2252,0.7243063124481078,0.6448723430117265,-0.07798182211166568,0,1,0,0,0,0.0,Low,1.0,0.0,-0.2738576419663336,0,0,0,0.0
2253,-1.554461384415532,-0.6942409878079457,2.3871002780858324,0,3,0,0,0,0.0,Low,1.0,0.0,2.6070970454638345,0,0,0,0.0
2254,-0.7776087604847457,-0.2478698775347217,-1.1560615311930547,0,1,0,0,0,0.0,Low,1.0,0.0,-1.0652243238110297,0,0,0,0.0
2255,-0.10433648641139755,-0.9174265429445578,2.0799572347643704,0,1,0,0,0,0.0,Low,1.0,0.0,2.5028252681359984,0,0,0,0.0
2256,-1.2955105097719366,-0.4710554326713337,-0.5141627962610907,0,3,0,0,0,0.0,Low,0.0,1.0,-0.4267854790801707,0,0,0,0.0
2257,-1.1401399849857792,0.1985012327385024,-0.7728742431717511,0,3,0,0,0,0.0,Low,0.0,1.0,-0.7647620230032848,0,0,0,0.0
2258,-1.1919301599144982,-0.2478698775347217,0.24454238437438186,0,3,0,0,0,0.0,Low,1.0,0.0,0.2316630227873051,0,0,0,0.0
2259,0.6207259625906697,1.3144290084215626,-0.6698105630872891,0,1,0,0,0,0.0,Low,1.0,0.0,-0.7947190438580451,0,0,0,0.0
2260,-0.9329792852709029,-1.3637976532177818,0.8309474645096007,0,1,1,0,0,0.3,Medium,1.0,0.0,1.4689442600111393,0,0,1,0.0
2261,-1.7098319092016891,1.0912434532849506,-0.5348828755654493,0,1,0,0,0,0.0,Low,0.0,1.0,-0.678862894299981,0,0,0,0.0
2262,1.5011589363788942,1.3144290084215626,1.0453233088733067,0,1,0,0,0,0.0,Low,0.0,1.0,0.3816705446535832,0,0,0,0.0
2263,-0.6740284106273075,-1.1406120980811698,-0.9333524579339352,0,2,0,0,0,0.0,Low,0.0,1.0,-0.7466947768795587,0,0,0,0.0
2264,-0.20791683626883573,0.42168678787511443,0.07413491552156092,0,1,0,0,0,0.0,Low,1.0,0.0,-0.10640351781119431,0,0,0,0.0
2265,-1.08834981005706,1.0912434532849506,-0.8133963341902959,0,1,0,0,0,0.0,Low,1.0,0.0,-0.8772391784010085,0,0,0,0.0
2266,-0.0007561365539593763,1.0912434532849506,0.11488299240845609,0,3,0,0,0,0.0,Low,1.0,0.0,-0.21605531918036733,0,0,0,0.0
2267,-1.554461384415532,1.3144290084215626,-1.0983645141798948,0,3,0,0,0,0.0,Low,1.0,0.0,-1.0886590181205589,0,0,0,0.0
2268,-0.3114971861262739,1.9839856738313988,-1.0708507347082585,0,1,0,0,0,0.0,Low,1.0,0.0,-1.0936345494230841,0,0,0,0.0
2269,1.2939982366640177,-0.9174265429445578,-0.541309348696658,0,1,0,0,0,0.0,Low,0.0,1.0,-0.352655122998495,0,0,0,0.0
2270,-0.363287361054993,-0.2478698775347217,1.1210850712377103,0,2,0,0,0,0.0,Low,1.0,0.0,1.043296566511768,0,0,0,0.0
2271,-0.4668677109124311,-0.6942409878079457,-1.144493879556879,0,1,0,0,0,0.0,Low,1.0,0.0,-1.0263195634247815,0,0,0,0.0
2272,-1.606251559344251,1.7608001186947866,1.439725145611489,0,2,0,0,0,0.0,Low,1.0,0.0,0.5169830554269987,0,0,0,0.0
2273,-0.4668677109124311,-0.4710554326713337,0.11695923757392358,0,2,0,0,0,0.0,Low,0.0,1.0,0.18835832518028903,0,0,0,0.0
2274,-0.7258185855560266,-0.024684322398109648,0.9880923877136193,0,1,0,0,0,0.0,Low,1.0,0.0,0.8140374612291269,0,0,0,0.0
2275,-0.0007561365539593763,0.42168678787511443,-0.20053678334133213,0,1,0,0,0,0.0,Low,1.0,0.0,-0.32756168907336175,0,0,0,0.0
2276,-0.41507753598371205,1.0912434532849506,-0.06805256802102892,0,1,0,0,0,0.0,Low,0.0,1.0,-0.34635450431533904,0,0,0,0.0
2277,-1.5026712094868129,1.7608001186947866,-0.42400855890613376,0,1,0,0,0,0.0,Low,1.0,0.0,-0.6731698847601151,0,0,0,0.0
2278,1.3975785865214558,0.6448723430117265,-0.508597894252967,0,1,0,0,0,0.0,Low,1.0,0.0,-0.606131294897253,0,0,0,0.0
2279,-1.2955105097719366,-0.6942409878079457,0.5538464175619429,0,2,1,0,0,0.3,Medium,1.0,0.0,0.7209870543931786,0,0,1,0.0
2280,0.827886662305546,0.6448723430117265,-0.9314880745200461,0,3,0,0,0,0.0,Low,1.0,0.0,-0.9324434650102371,0,0,0,0.0
2281,-1.4508810345580938,1.3144290084215626,-0.2202681744716588,0,1,0,0,0,0.0,Low,0.0,1.0,-0.4863833540278663,0,0,0,0.0
2282,1.3457884115927368,0.6448723430117265,-1.1502988915501249,0,3,0,0,0,0.0,Low,0.0,1.0,-1.1012831209799891,0,0,0,0.0
2283,0.5171456127332315,-1.1406120980811698,-1.0535486916626964,0,1,0,0,0,0.0,Low,1.0,0.0,-0.8858142068081595,0,0,0,0.0
2284,-1.1919301599144982,-0.024684322398109648,-0.30821904961020125,0,2,0,1,0,0.2,Low,1.0,0.0,-0.32912240929603676,0,0,1,0.0
2285,1.6565294611650514,-0.6942409878079457,-0.7164342725512893,0,1,0,0,0,0.0,Low,1.0,0.0,-0.5859181989807435,0,0,0,0.0
2286,0.6725161375193888,-0.9174265429445578,-0.4035850860539846,0,1,0,0,0,0.0,Low,1.0,0.0,-0.20262500632094885,0,0,0,0.0
2287,-1.606251559344251,1.9839856738313988,-0.8595115754505082,0,1,0,0,0,0.0,Low,1.0,0.0,-0.9631750724142849,0,0,0,0.0
2288,-0.20791683626883573,0.1985012327385024,0.40422964859734006,0,1,0,0,0,0.0,Low,1.0,0.0,0.2260905175585871,0,0,0,0.0
2289,-0.6740284106273075,1.3144290084215626,-1.0288173631951216,0,1,0,0,0,0.0,Low,1.0,0.0,-1.0409574680161287,0,0,0,0.0
2290,-0.3114971861262739,0.1985012327385024,2.152583443205415,0,2,0,0,0,0.0,Low,0.0,1.0,1.6978049612045116,0,0,0,0.0
2291,1.4493687614501751,-0.2478698775347217,1.3494014188552694,0,1,0,0,0,0.0,Low,1.0,0.0,1.2547057871741265,0,0,0,0.0
2292,-0.052546311482678465,0.8680578981483386,0.24985305228061147,0,3,0,0,0,0.0,Low,1.0,0.0,-0.07238698695540435,0,0,0,0.0
2293,0.051034038374759706,0.6448723430117265,-1.081302581119455,0,1,0,0,0,0.0,Low,1.0,0.0,-1.0480439188490676,0,0,0,0.0
2294,0.9314670121629842,1.3144290084215626,-0.4020314332090769,0,1,1,0,0,0.3,Medium,0.0,1.0,-0.6110525758584737,0,0,1,0.0
2295,-0.0007561365539593763,-0.024684322398109648,0.3212645866792738,0,1,0,0,0,0.0,Low,1.0,0.0,0.22599144023071724,0,0,0,0.0
2296,0.36177508794707425,-0.2478698775347217,0.900127388458305,0,3,0,0,0,0.0,Low,1.0,0.0,0.838701091841683,0,0,0,0.0
2297,0.879676837234265,-0.024684322398109648,0.8911162019578407,0,1,0,0,0,0.0,Low,1.0,0.0,0.7285184410610533,0,0,0,0.0
2298,0.6725161375193888,-0.2478698775347217,0.5842980133221318,0,1,0,0,0,0.0,Low,1.0,0.0,0.5462592988796666,0,0,0,0.0
2299,1.2422080617352986,0.1985012327385024,-1.2786164924227212,0,3,0,0,0,0.0,Low,1.0,0.0,-1.1904814484880335,0,0,0,0.0
2300,1.1904178868065796,-1.1406120980811698,-0.9135645703365209,0,1,0,1,0,0.2,Low,0.0,1.0,-0.7237915663825,0,0,1,0.0
2301,-0.5704480607698693,1.3144290084215626,0.6227438591752092,0,1,0,0,1,0.4,Medium,0.0,0.0,0.0918284086717709,0,0,0,0.0
2302,0.7243063124481078,0.42168678787511443,-0.6771692279254425,0,1,0,0,0,0.0,Low,0.0,1.0,-0.7113331524051407,0,0,0,0.0
2303,-0.6222382356985884,-1.1406120980811698,0.054163414406112394,0,1,0,0,0,0.0,Low,1.0,0.0,0.3962914960132727,0,0,0,0.0
2304,-0.8811891103421838,-0.4710554326713337,2.309685994059118,0,1,0,0,0,0.0,Low,1.0,0.0,2.325571425619452,0,0,0,0.0
2305,-1.1919301599144982,1.0912434532849506,-0.7063920255264774,0,3,0,0,0,0.0,Low,1.0,0.0,-0.8010234104437397,0,0,0,0.0
2306,-0.984769460199622,1.5376145635581746,1.0107192227821828,0,3,0,0,1,0.4,Medium,0.0,0.0,0.2984291392610804,0,0,0,0.0
2307,0.051034038374759706,0.6448723430117265,0.11253838902432269,0,1,0,0,0,0.0,Low,1.0,0.0,-0.12684769364616932,0,0,0,0.0
2308,-0.052546311482678465,0.1985012327385024,3.4313950998488667,0,1,0,0,0,0.0,Low,1.0,0.0,2.7742722023253714,0,0,0,0.0
2309,-0.9329792852709029,-0.024684322398109648,0.11581518411540045,0,1,0,0,0,0.0,Low,1.0,0.0,0.04481467539459791,0,0,0,0.0
2310,-0.0007561365539593763,0.6448723430117265,-0.6683557790597848,0,1,0,0,0,0.0,Low,1.0,0.0,-0.729404297006333,0,0,0,0.0
2311,1.6565294611650514,2.207171228968011,-0.21648291117679305,0,1,0,0,0,0.0,Low,1.0,0.0,-0.5901702569816863,0,0,0,0.0
2312,0.3099849130183551,0.1985012327385024,-0.9397506828316,0,1,0,0,0,0.0,Low,1.0,0.0,-0.9052338584573107,0,0,0,0.0
2313,-0.3114971861262739,0.1985012327385024,0.5290162202769649,0,1,0,0,0,0.0,Low,1.0,0.0,0.3311323005663164,0,0,0,0.0
2314,0.6725161375193888,0.6448723430117265,-0.555602954869808,0,1,1,0,0,0.3,Medium,0.0,1.0,-0.6424015230838871,0,0,1,0.0
2315,0.25819473808963606,1.0912434532849506,-0.21792357108752555,0,2,0,0,0,0.0,Low,1.0,0.0,-0.45310285618896357,0,0,0,0.0
2316,-0.7258185855560266,-0.4710554326713337,1.1438390233572209,0,2,0,0,0,0.0,Low,1.0,0.0,1.1892404114964747,0,0,0,0.0
2317,-1.7098319092016891,-0.024684322398109648,-0.9859224205588999,0,1,0,1,0,0.2,Low,1.0,0.0,-0.926759115632258,0,0,1,0.0
2318,1.5011589363788942,0.1985012327385024,0.9054945528316221,0,2,1,0,0,0.3,Medium,1.0,0.0,0.6480410414911628,0,0,1,0.0
2319,1.7083196360937705,-0.4710554326713337,-1.1168953553846113,0,1,0,0,0,0.0,Low,0.0,1.0,-1.014258550045412,0,0,0,0.0
2320,-1.554461384415532,-0.2478698775347217,-0.3296029624028387,0,1,0,0,0,0.0,Low,1.0,0.0,-0.29996610309731325,0,0,0,0.0
2321,1.2422080617352986,2.4303567841046227,0.2566043800975736,0,2,0,0,0,0.0,Low,1.0,0.0,-0.33882636125045995,0,0,0,0.0
2322,-0.4668677109124311,-0.4710554326713337,0.6229698450435596,0,2,0,1,0,0.2,Low,1.0,0.0,0.681558171466101,0,0,1,0.0
2323,0.6725161375193888,0.42168678787511443,-0.9507533697969003,0,1,0,0,0,0.0,Low,0.0,1.0,-0.931615652397334,0,0,0,0.0
2324,0.20640456316091696,0.8680578981483386,2.3469736623369006,0,1,0,0,0,0.0,Low,1.0,0.0,1.4810738613220156,0,0,0,0.0
2325,-0.984769460199622,-0.024684322398109648,0.27513522130228996,0,3,0,0,0,0.0,Low,1.0,0.0,0.1853119878757906,0,0,0,0.0
2326,1.5011589363788942,-0.6942409878079457,0.6416419274159944,0,1,0,0,0,0.0,Low,1.0,0.0,0.8113138726656611,0,0,0,0.0
2327,-0.6740284106273075,-0.2478698775347217,0.2831718437454936,0,1,0,0,0,0.0,Low,1.0,0.0,0.2674319196949172,0,0,0,0.0
2328,1.1904178868065796,-2.033354318627618,-0.931869425672887,0,2,0,0,0,0.0,Low,1.0,0.0,-0.5572187996744123,0,0,0,0.0
2329,0.9832571870917033,-0.2478698775347217,-0.7603885239454027,0,1,0,0,0,0.0,Low,0.0,1.0,-0.6988514251017627,0,0,0,0.0
2330,0.6207259625906697,-0.4710554326713337,1.3700650016925404,0,1,0,0,0,0.0,Low,1.0,0.0,1.4097389862176226,0,0,0,0.0
2331,-1.036559635128341,-0.024684322398109648,1.4313354202489879,0,3,0,0,0,0.0,Low,0.0,1.0,1.204913938204728,0,0,0,0.0
2332,-0.8811891103421838,0.8680578981483386,-1.2420632782170766,0,1,0,0,0,0.0,Low,1.0,0.0,-1.1775373522802037,0,0,0,0.0
2333,0.25819473808963606,-0.024684322398109648,0.513846918863958,0,1,0,0,0,0.0,Low,1.0,0.0,0.39582130332300985,0,0,0,0.0
2334,-1.2955105097719366,-1.586983208354394,-0.3448146361661613,0,1,0,0,0,0.0,Low,1.0,0.0,0.11203666080780694,0,0,0,0.0
2335,-1.4508810345580938,1.5376145635581746,0.20048926416286514,0,1,0,0,0,0.0,Low,0.0,1.0,-0.2374504039891594,0,0,0,0.0
2336,-0.5704480607698693,-0.6942409878079457,-0.05419680946780735,0,1,1,0,0,0.3,Medium,1.0,0.0,0.09541280622226632,0,0,1,0.0
2337,1.2939982366640177,-0.6942409878079457,-0.07035479905484655,0,1,0,0,0,0.0,Low,0.0,1.0,0.07878895163672552,0,0,0,0.0
2338,0.6207259625906697,-0.024684322398109648,-0.8351757222525462,0,1,0,0,0,0.0,Low,0.0,1.0,-0.7938222525017822,0,0,0,0.0
2339,0.20640456316091696,-0.2478698775347217,0.9445053633555748,0,1,0,0,0,0.0,Low,0.0,1.0,0.8797928191117805,0,0,0,0.0
2340,-1.036559635128341,0.6448723430117265,-0.673228599346086,0,1,0,0,0,0.0,Low,1.0,0.0,-0.7331642815989979,0,0,0,0.0
2341,1.4493687614501751,0.42168678787511443,-0.3626110232987394,0,1,0,0,0,0.0,Low,1.0,0.0,-0.4580594530078181,0,0,0,0.0
2342,0.051034038374759706,-0.024684322398109648,-0.8227041271429696,0,1,0,0,0,0.0,Low,0.0,1.0,-0.7828241029520576,0,0,0,0.0
2343,-0.7776087604847457,-1.586983208354394,-0.2183472945906821,0,1,0,0,0,0.0,Low,1.0,0.0,0.27932561505735437,0,0,0,0.0
2344,-0.20791683626883573,-0.4710554326713337,-1.0232948335373138,0,1,0,0,0,0.0,Low,1.0,0.0,-0.9230277293750588,0,0,0,0.0
2345,-0.4668677109124311,-0.024684322398109648,-0.641745943061549,0,1,0,0,0,0.0,Low,1.0,0.0,-0.6232450632792707,0,0,0,0.0
2346,0.3099849130183551,0.8680578981483386,0.9358049074240924,0,2,0,0,0,0.0,Low,1.0,0.0,0.435737984807693,0,0,0,0.0
2347,-1.036559635128341,-0.6942409878079457,-0.9606543756539933,0,2,0,1,0,0.2,Low,1.0,0.0,-0.8371796234899941,0,0,1,0.0
2348,-0.41507753598371205,-0.024684322398109648,0.49932732682245745,0,1,0,0,0,0.0,Low,1.0,0.0,0.3830171156252556,0,0,0,0.0
2349,-0.6222382356985884,-1.1406120980811698,-1.0570797208556684,0,1,0,0,0,0.0,Low,1.0,0.0,-0.8899011465827954,0,0,0,0.0
2350,0.7243063124481078,1.3144290084215626,-0.7129314915918612,0,1,0,0,0,0.0,Low,1.0,0.0,-0.8242951674301054,0,0,0,0.0
2351,0.879676837234265,1.3144290084215626,-0.7034400851211529,0,1,0,0,0,0.0,Low,1.0,0.0,-0.8177851264735302,0,0,0,0.0
2352,-1.606251559344251,-1.1406120980811698,0.7896202988350584,0,1,0,0,0,0.0,Low,1.0,0.0,1.2475356600335055,0,0,0,0.0
2353,0.4135652628757933,-0.2478698775347217,1.4494142897170035,0,1,0,0,0,0.0,Low,1.0,0.0,1.3473125729155526,0,0,0,0.0
2354,-0.7776087604847457,0.8680578981483386,-0.4987675089797334,0,1,0,0,0,0.0,Low,1.0,0.0,-0.6269343632754523,0,0,0,0.0
2355,-0.3114971861262739,1.9839856738313988,-1.0261055327749193,0,3,0,0,0,0.0,Low,1.0,0.0,-1.066013375650186,0,0,0,0.0
2356,0.5689357876619505,-0.9174265429445578,-0.6121982907747607,0,1,0,0,0,0.0,Low,1.0,0.0,-0.42987809044845976,0,0,0,0.0
2357,1.5011589363788942,-1.586983208354394,-0.5582159164726073,0,2,0,0,0,0.0,Low,1.0,0.0,-0.1702471017292061,0,0,0,0.0
2358,-0.7776087604847457,-0.9174265429445578,-0.63434490587308,0,1,0,0,0,0.0,Low,1.0,0.0,-0.45400353634635643,0,0,0,0.0
2359,0.6725161375193888,-1.586983208354394,-0.34413667856111085,0,1,0,0,0,0.0,Low,1.0,0.0,0.11293345216406972,0,0,0,0.0
2360,-1.036559635128341,0.42168678787511443,-0.8224781412746195,0,1,0,0,0,0.0,Low,0.0,1.0,-0.8283319319570088,0,0,0,0.0
2361,0.20640456316091696,0.6448723430117265,-1.0049193576170885,0,3,0,0,0,0.0,Low,1.0,0.0,-0.9891047980457871,0,0,0,0.0
2362,0.9832571870917033,-1.3637976532177818,-1.2173743220998179,0,1,0,0,0,0.0,Low,1.0,0.0,-1.0599102122533965,0,0,0,0.0
2363,1.3975785865214558,0.6448723430117265,0.7227426059201716,0,1,0,0,0,0.0,Low,1.0,0.0,0.3440004639100663,0,0,0,0.0
2364,0.1028242133034788,-0.4710554326713337,-0.06264303129739601,0,1,0,0,0,0.0,Low,1.0,0.0,0.013303079119595876,0,0,0,0.0
2365,0.3099849130183551,0.1985012327385024,0.37841076313833005,0,2,0,0,0,0.0,Low,1.0,0.0,0.20435691491703328,0,0,0,0.0
2366,-0.20791683626883573,-0.6942409878079457,0.2131303486737044,0,1,0,0,0,0.0,Low,1.0,0.0,0.37044750529615367,0,0,0,0.0
2367,-1.2955105097719366,0.8680578981483386,-0.2863549168473196,0,1,0,0,0,0.0,Low,1.0,0.0,-0.4695878358623398,0,0,0,0.0
2368,1.5529491113076133,0.42168678787511443,-0.34618467549303444,0,3,0,1,0,0.2,Low,1.0,0.0,-0.4448334051249621,0,0,1,0.0
2369,-0.052546311482678465,0.1985012327385024,2.2909009187525076,0,1,0,0,0,0.0,Low,1.0,0.0,1.8142366738241706,0,0,0,0.0
2370,0.9314670121629842,-0.6942409878079457,-0.6254608364235629,0,1,0,0,0,0.0,Low,0.0,1.0,-0.4923218288885519,0,0,0,0.0
2371,-1.036559635128341,1.3144290084215626,-0.19703400238190405,0,1,0,0,0,0.0,Low,1.0,0.0,-0.47044731626958297,0,0,0,0.0
2372,0.9832571870917033,0.1985012327385024,-0.5670011171047212,0,2,0,0,0,0.0,Low,1.0,0.0,-0.5914638872793846,0,0,0,0.0
2373,1.2939982366640177,-0.2478698775347217,-0.9040166673987251,0,1,0,0,0,0.0,Low,1.0,0.0,-0.8318437149202298,0,0,0,0.0
2374,0.36177508794707425,0.8680578981483386,3.3559581921702164,0,1,0,0,0,0.0,Low,1.0,0.0,2.22848817602449,0,0,0,0.0
2375,-1.3473006847006557,-0.2478698775347217,0.3215611931314835,0,2,0,0,0,0.0,Low,0.0,1.0,0.30297848707878916,0,0,0,0.0
2376,-1.65804173427297,0.1985012327385024,-0.7236375721049518,0,1,0,0,0,0.0,Low,1.0,0.0,-0.7233159952087241,0,0,0,0.0
2377,0.36177508794707425,1.3144290084215626,-0.8431417241118907,0,3,0,0,0,0.0,Low,1.0,0.0,-0.9136047918031235,0,0,0,0.0
2378,1.0868375369491414,-0.2478698775347217,0.4961635246655547,0,1,0,0,0,0.0,Low,0.0,1.0,0.46465128545973977,0,0,0,0.0
2379,-0.9329792852709029,-0.2478698775347217,1.0608033408552953,0,1,0,0,0,0.0,Low,1.0,0.0,0.9874787778457031,0,0,0,0.0
2380,1.4493687614501751,0.1985012327385024,-0.9662616500124326,0,1,0,0,0,0.0,Low,1.0,0.0,-0.9275500357867399,0,0,0,0.0
2381,0.7243063124481078,1.0912434532849506,-0.3798565698772139,0,2,0,0,1,0.4,Medium,0.0,0.0,-0.5684425842288378,0,0,0,0.0
2382,-0.20791683626883573,-0.2478698775347217,-0.20170908503339885,0,1,0,0,0,0.0,Low,1.0,0.0,-0.18154293618746786,0,0,0,0.0
2383,-1.1401399849857792,1.5376145635581746,-0.19467527488099892,0,1,0,0,0,0.0,Low,1.0,0.0,-0.49880903488003714,0,0,0,0.0
2384,0.051034038374759706,-1.1406120980811698,-0.011132377430322823,0,1,0,0,0,0.0,Low,1.0,0.0,0.32071580570070835,0,0,0,0.0
2385,-1.1919301599144982,0.8680578981483386,-0.45905049261718617,0,3,0,0,0,0.0,Low,1.0,0.0,-0.5975136281809864,0,0,0,0.0
2386,1.5529491113076133,0.6448723430117265,-0.31638278910435214,0,1,0,0,0,0.0,Low,1.0,0.0,-0.45781352584920515,0,0,0,0.0
2387,0.827886662305546,-0.9174265429445578,-0.2688551361669512,0,1,0,0,0,0.0,Low,0.0,1.0,-0.05585674840000609,0,0,0,0.0
2388,-0.6740284106273075,-0.6942409878079457,-0.990286772641413,0,3,0,0,0,0.0,Low,1.0,0.0,-0.8676663777910991,0,0,0,0.0
2389,0.7243063124481078,-0.024684322398109648,2.2333733911406104,0,2,0,0,0,0.0,Low,1.0,0.0,1.912195843279596,0,0,0,0.0
2390,-0.7258185855560266,0.1985012327385024,0.5763885079298751,0,1,0,0,0,0.0,Low,0.0,1.0,0.37100894348741686,0,0,0,0.0
2391,1.7083196360937705,0.42168678787511443,0.9698722770778845,0,3,0,0,0,0.0,Low,1.0,0.0,0.6148198103769787,0,0,0,0.0
2392,0.5171456127332315,0.42168678787511443,0.030392525879025776,0,1,0,0,0,0.0,Low,1.0,0.0,-0.1416236986308032,0,0,0,0.0
2393,-0.052546311482678465,1.5376145635581746,3.4508157604102117,0,1,0,1,0,0.2,Low,1.0,0.0,1.9122892590458735,0,0,1,0.0
2394,1.3975785865214558,-0.6942409878079457,-1.3562708864345578,0,1,0,0,0,0.0,Low,0.0,1.0,-1.2442024966901626,0,0,0,0.0
2395,-1.2955105097719366,1.5376145635581746,-0.1655089737470516,0,1,0,0,0,0.0,Low,0.0,1.0,-0.4795186791437565,0,0,0,0.0
2396,0.051034038374759706,1.0912434532849506,-0.8592432172318422,0,3,1,0,0,0.3,Medium,1.0,0.0,-0.9098944559603134,0,0,1,0.0
2397,1.6047392862363323,1.7608001186947866,-0.09036867252061086,0,2,0,0,0,0.0,Low,1.0,0.0,-0.46011235900795905,0,0,0,0.0
2398,-1.3473006847006557,-1.1406120980811698,1.753548896166054,0,1,0,1,0,0.2,Low,1.0,0.0,2.3632211752317698,0,0,1,0.0
2399,0.5689357876619505,-0.024684322398109648,0.46596616300725974,0,2,0,0,0,0.0,Low,0.0,1.0,0.35359737696563004,0,0,0,0.0
2400,0.6725161375193888,-0.6942409878079457,-0.26036654198704695,0,1,0,0,0,0.0,Low,1.0,0.0,-0.1167011844990069,0,0,0,0.0
2401,0.3099849130183551,1.0912434532849506,1.9748879300983007,0,1,0,0,0,0.0,Low,1.0,0.0,1.108767078165558,0,0,0,0.0
2402,1.0350473620204224,0.42168678787511443,0.817826160028517,0,3,0,0,0,0.0,Low,0.0,1.0,0.4923964178929331,0,0,0,0.0
2403,0.6207259625906697,-0.6942409878079457,0.3292870850057059,0,2,0,0,0,0.0,Low,1.0,0.0,0.48995325714185833,0,0,0,0.0
2404,0.6725161375193888,-0.2478698775347217,0.29558694238798255,0,1,0,0,0,0.0,Low,1.0,0.0,0.2789276638930125,0,0,0,0.0
2405,-0.984769460199622,-0.9174265429445578,0.7275730538561571,0,1,0,0,0,0.0,Low,1.0,0.0,1.0296036834908284,0,0,0,0.0
2406,-0.7776087604847457,-0.2478698775347217,-0.6738924328343646,0,1,0,0,0,0.0,Low,1.0,0.0,-0.6187604837261808,0,0,0,0.0
2407,-0.41507753598371205,0.1985012327385024,-0.7511089792262727,0,1,0,0,0,0.0,Low,1.0,0.0,-0.7464406435335722,0,0,0,0.0
2408,0.9314670121629842,-0.4710554326713337,-0.9078019306935909,0,1,0,0,0,0.0,Low,0.0,1.0,-0.8104587810392387,0,0,0,0.0
2409,-0.6222382356985884,-0.2478698775347217,-0.6461244192608341,0,1,0,0,0,0.0,Low,1.0,0.0,-0.5930487282159924,0,0,0,0.0
2410,-0.6740284106273075,0.8680578981483386,1.8345648299695994,0,1,0,0,0,0.0,Low,1.0,0.0,1.1015024358269485,0,0,0,0.0
2411,0.879676837234265,1.7608001186947866,-0.3794045981405134,0,2,0,0,0,0.0,Low,1.0,0.0,-0.6446864512521432,0,0,0,0.0
2412,0.20640456316091696,-0.024684322398109648,1.8802704718434269,0,1,0,0,0,0.0,Low,1.0,0.0,1.6008099556883004,0,0,0,0.0
2413,-0.7258185855560266,-0.4710554326713337,-0.692154915820415,0,1,0,0,0,0.0,Low,1.0,0.0,-0.6002713402674034,0,0,0,0.0
2414,-0.2597070111975548,1.7608001186947866,1.1284861084261792,0,3,0,0,0,0.0,Low,1.0,0.0,0.3182303826018987,0,0,0,0.0
2415,0.879676837234265,-0.024684322398109648,1.4583972279839241,0,1,0,0,0,0.0,Low,0.0,1.0,1.228778552629725,0,0,0,0.0
2416,-1.554461384415532,-0.9174265429445578,-0.0720073207171573,0,2,0,0,0,0.0,Low,1.0,0.0,0.15857969259424687,0,0,0,0.0
2417,1.0868375369491414,-0.4710554326713337,-0.39197506206749333,0,1,0,0,0,0.0,Low,1.0,0.0,-0.30769119363891134,0,0,0,0.0
2418,-0.3114971861262739,-0.2478698775347217,-0.792817496053656,0,1,0,0,0,0.0,Low,1.0,0.0,-0.7288789890139664,0,0,0,0.0
2419,-1.554461384415532,1.7608001186947866,0.9221327623889053,0,1,0,0,0,0.0,Low,0.0,1.0,0.1864561699510225,0,0,0,0.0
2420,-0.6222382356985884,-0.024684322398109648,-0.4215509625878253,0,1,0,1,0,0.2,Low,1.0,0.0,-0.42906482377733884,0,0,1,0.0
2421,0.5689357876619505,0.42168678787511443,-0.5181034248404472,0,1,0,0,0,0.0,Low,0.0,1.0,-0.5832576999058077,0,0,0,0.0
2422,1.7083196360937705,-1.586983208354394,0.14989667788596478,0,1,0,0,0,0.0,Low,1.0,0.0,0.7664327867341695,0,0,0,0.0
2423,1.6565294611650514,-0.2478698775347217,0.47099434857805156,0,1,0,0,0,0.0,Low,0.0,1.0,0.4413459200888571,0,0,0,0.0
2424,-0.0007561365539593763,-0.6942409878079457,-0.8207549990284492,0,1,0,0,0,0.0,Low,1.0,0.0,-0.6932466867157111,0,0,0,0.0
2425,1.0868375369491414,1.5376145635581746,0.14537696051896076,0,1,0,1,0,0.2,Low,0.0,1.0,-0.2739012359905964,0,0,1,0.0
2426,-1.7098319092016891,0.42168678787511443,1.4672812974334413,0,3,0,0,0,0.0,Low,1.0,0.0,1.0153200066715102,0,0,0,0.0
2427,0.20640456316091696,-1.3637976532177818,-0.9159091737206543,0,2,0,0,0,0.0,Low,1.0,0.0,-0.6877218707074746,0,0,0,0.0
2428,-1.4508810345580938,-1.586983208354394,0.9568639655309762,0,2,0,0,0,0.0,Low,1.0,0.0,1.833876064832633,0,0,0,0.0
2429,-0.4668677109124311,0.1985012327385024,0.9430788275616141,0,1,0,0,0,0.0,Low,0.0,1.0,0.6796784138265974,0,0,0,0.0
2430,-0.8811891103421838,-1.3637976532177818,1.083133569471649,0,1,0,0,0,0.0,Low,1.0,0.0,1.7802927812959233,0,0,0,0.0
2431,1.3975785865214558,0.42168678787511443,0.5277874221178106,0,1,0,0,1,0.4,Medium,0.0,0.0,0.25886512530957295,0,0,0,0.0
2432,-1.1401399849857792,0.1985012327385024,0.4568702318061642,0,2,0,0,0,0.0,Low,0.0,1.0,0.27040186167514696,0,0,0,0.0
2433,-1.4508810345580938,-0.4710554326713337,0.902726225944332,0,1,0,0,0,0.0,Low,1.0,0.0,0.9542319099628094,0,0,0,0.0
2434,-0.363287361054993,1.5376145635581746,0.14354082533861548,0,1,0,0,0,0.0,Low,0.0,1.0,-0.2751156409522024,0,0,0,0.0
2435,-1.3473006847006557,-1.586983208354394,-0.5699389333932738,0,1,0,0,0,0.0,Low,1.0,0.0,-0.18575411893125257,0,0,0,0.0
2436,1.6047392862363323,-0.9174265429445578,-0.5857014477107001,0,1,0,0,0,0.0,Low,1.0,0.0,-0.40101371767776156,0,0,0,0.0
2437,1.1904178868065796,0.42168678787511443,-0.2904509107111669,0,1,0,0,0,0.0,Low,1.0,0.0,-0.3999580956273267,0,0,0,0.0
2438,0.3099849130183551,-0.9174265429445578,0.6210348410458109,0,3,0,0,0,0.0,Low,1.0,0.0,0.9135461334858309,0,0,0,0.0
2439,-1.036559635128341,-0.4710554326713337,-0.2648297628869633,0,2,0,0,0,0.0,Low,1.0,0.0,-0.1837648547714718,0,0,0,0.0
2440,0.051034038374759706,0.8680578981483386,-0.4026670184638119,0,1,0,0,0,0.0,Low,1.0,0.0,-0.5557470654153008,0,0,0,0.0
2441,0.7243063124481078,-0.9174265429445578,1.0680490127592734,0,1,1,1,0,0.5,Medium,1.0,0.0,1.4005016419185723,0,0,2,0.0
2442,1.1386277118778605,-1.1406120980811698,-0.041993572576896704,0,1,0,0,0,0.0,Low,1.0,0.0,0.28499595207039186,0,0,0,0.0
2443,0.7760964873768269,-0.4710554326713337,-1.047192839115347,0,1,0,0,0,0.0,Low,1.0,0.0,-0.9463207048653617,0,0,0,0.0
2444,-1.08834981005706,-1.3637976532177818,-0.9071522213220842,0,2,0,0,0,0.0,Low,1.0,0.0,-0.6769105526903049,0,0,0,0.0
2445,1.3975785865214558,-0.024684322398109648,-0.9623492696666198,0,1,0,1,0,0.2,Low,0.0,1.0,-0.9059709937766631,0,0,1,0.0
2446,0.7760964873768269,0.1985012327385024,-0.2426407754383284,0,2,0,0,0,0.0,Low,1.0,0.0,-0.3184265871353553,0,0,0,0.0
2447,0.6207259625906697,-0.2478698775347217,-0.888974483036665,0,1,0,0,0,0.0,Low,1.0,0.0,-0.8179154241682711,0,0,0,0.0
2448,1.4493687614501751,1.3144290084215626,-0.3929778743582972,0,1,0,0,0,0.0,Low,1.0,0.0,-0.6048428492912642,0,0,0,0.0
2449,-1.3473006847006557,-1.3637976532177818,-0.6259975528608946,0,1,0,0,0,0.0,Low,1.0,0.0,-0.32979749390033464,0,0,0,0.0
2450,0.4653554378045124,0.1985012327385024,-1.1122061486163446,0,2,0,0,0,0.0,Low,0.0,1.0,-1.0504019592523726,0,0,0,0.0
2451,-0.7258185855560266,-0.4710554326713337,-0.9175334471494212,0,1,0,0,0,0.0,Low,1.0,0.0,-0.8199439229498883,0,0,0,0.0
2452,0.25819473808963606,-2.033354318627618,1.9656225094959425,0,3,0,1,0,0.2,Low,1.0,0.0,3.9143292540197274,0,0,1,0.0
2453,0.7760964873768269,-1.810168763491006,-0.4937675716424853,0,2,0,0,0,0.0,Low,1.0,0.0,0.009101109363934788,0,0,0,0.0
2454,1.5529491113076133,0.8680578981483386,-0.541309348696658,0,2,0,0,0,0.0,Low,1.0,0.0,-0.6584476115345316,0,0,0,0.0
2455,1.4493687614501751,-1.810168763491006,-0.5756168283355725,0,2,0,0,1,0.4,Medium,0.0,0.0,-0.10749613860659667,0,0,0,0.0
2456,1.0350473620204224,-0.6942409878079457,0.02323159867567898,0,1,0,0,0,0.0,Low,0.0,1.0,0.17507361989178868,0,0,0,0.0
2457,-1.2955105097719366,-0.6942409878079457,-0.2147880171641665,0,1,0,0,0,0.0,Low,1.0,0.0,-0.06980854573367506,0,0,0,0.0
2458,0.1546143882321979,0.6448723430117265,2.4725794327892947,0,1,0,0,0,0.0,Low,1.0,0.0,1.6942163803890617,0,0,0,0.0
2459,0.7760964873768269,-0.2478698775347217,1.1745872255696197,0,1,1,0,0,0.3,Medium,1.0,0.0,1.092836815683993,0,0,1,0.0
2460,0.36177508794707425,0.8680578981483386,2.391874229554731,0,2,0,0,0,0.0,Low,1.0,0.0,1.514334358073547,0,0,0,0.0
2461,-0.8811891103421838,1.5376145635581746,0.5966566154975332,0,1,0,0,0,0.0,Low,0.0,1.0,0.024571478842287837,0,0,0,0.0
2462,-0.6740284106273075,-0.6942409878079457,0.4267293666149567,0,1,0,0,0,0.0,Low,0.0,1.0,0.5902049816048345,0,0,0,0.0
2463,0.879676837234265,0.6448723430117265,-0.9354287030994026,0,2,0,0,0,0.0,Low,1.0,0.0,-0.9354841482025662,0,0,0,0.0
2464,1.2939982366640177,-1.3637976532177818,-1.053082595809224,0,1,0,0,0,0.0,Low,0.0,1.0,-0.8570759361635276,0,0,0,0.0
2465,0.25819473808963606,-1.1406120980811698,-1.0960905313796212,0,1,0,0,0,0.0,Low,1.0,0.0,-0.9350536572129712,0,0,0,0.0
2466,1.0868375369491414,-1.1406120980811698,-0.3533738509299251,0,1,0,0,0,0.0,Low,1.0,0.0,-0.07540674501608728,0,0,0,0.0
2467,0.36177508794707425,-0.9174265429445578,0.8390264593031199,0,2,0,0,0,0.0,Low,1.0,0.0,1.1510156054170428,0,0,0,0.0
2468,0.25819473808963606,1.0912434532849506,-0.7030304857347682,0,1,0,0,0,0.0,Low,1.0,0.0,-0.7986290924957685,0,0,0,0.0
2469,-1.08834981005706,0.1985012327385024,-0.8362774033607534,0,3,0,0,0,0.0,Low,1.0,0.0,-0.8181329979802735,0,0,0,0.0
2470,1.5529491113076133,0.1985012327385024,0.7144235011415301,0,1,0,0,0,0.0,Low,1.0,0.0,0.48720287052018824,0,0,0,0.0
2471,-1.1919301599144982,1.3144290084215626,-0.8310797283886988,0,2,0,0,0,0.0,Low,1.0,0.0,-0.9053316147541424,0,0,0,0.0
2472,-0.7776087604847457,-0.4710554326713337,1.8387596926508503,0,1,0,0,0,0.0,Low,1.0,0.0,1.8665676497342973,0,0,0,0.0
2473,-1.1919301599144982,0.42168678787511443,-0.8992285918130551,0,1,0,0,0,0.0,Low,0.0,1.0,-0.8901293044380402,0,0,0,0.0
2474,0.6207259625906697,-0.2478698775347217,0.8323316279532457,0,1,0,0,0,0.0,Low,1.0,0.0,0.7759256969032776,0,0,0,0.0
2475,0.5689357876619505,-1.1406120980811698,0.04800529949356933,0,1,0,0,0,0.0,Low,1.0,0.0,0.38916387304630773,0,0,0,0.0
2476,-1.7098319092016891,-1.810168763491006,-1.3058054172086044,0,1,0,1,0,0.2,Low,0.0,1.0,-1.1476763846084135,0,0,1,0.0
2477,0.3099849130183551,-0.6942409878079457,-0.7860802923534659,0,1,0,0,0,0.0,Low,0.0,1.0,-0.6575722435273351,0,0,0,0.0
2478,-0.7776087604847457,0.6448723430117265,0.9209180883465228,0,1,0,0,0,0.0,Low,0.0,1.0,0.49691740251783767,0,0,0,0.0
2479,1.3975785865214558,0.6448723430117265,-1.1031949621158805,0,2,0,0,0,0.0,Low,1.0,0.0,-1.0649366032508953,0,0,0,0.0
2480,-1.1401399849857792,-0.024684322398109648,-0.5342331661939426,0,1,0,0,0,0.0,Low,1.0,0.0,-0.528434288225473,0,0,0,0.0
2481,1.3975785865214558,1.0912434532849506,-1.089070845343993,0,3,0,0,0,0.0,Low,1.0,0.0,-1.0735933704535392,0,0,0,0.0
2482,-0.052546311482678465,-0.6942409878079457,-0.34933435353316533,0,2,0,0,0,0.0,Low,1.0,0.0,-0.20823410410942675,0,0,0,0.0
2483,0.5689357876619505,0.42168678787511443,0.16354057468760774,0,1,0,0,0,0.0,Low,0.0,1.0,-0.034416516006827554,0,0,0,0.0
2484,-1.3473006847006557,-2.479725428900842,-0.11217630881640499,0,1,0,0,0,0.0,Low,1.0,0.0,1.1109762891797361,0,0,0,0.0
2485,-0.4668677109124311,-0.4710554326713337,-0.029776211569214183,0,1,1,0,0,0.3,Medium,1.0,0.0,0.04533780368575137,0,0,1,0.0
2486,0.6207259625906697,-0.6942409878079457,-0.11728923908782822,0,2,0,0,0,0.0,Low,1.0,0.0,0.03050130409498465,0,0,0,0.0
2487,-0.20791683626883573,-1.1406120980811698,-0.4262825417064076,0,2,0,0,0,0.0,Low,1.0,0.0,-0.15979387748276627,0,0,0,0.0
2488,0.6725161375193888,1.7608001186947866,0.6626303649390191,0,1,0,0,0,0.0,Low,0.0,1.0,0.020741754548246887,0,0,0,0.0
2489,0.7760964873768269,-0.9174265429445578,-1.1123050174337479,0,1,0,0,0,0.0,Low,1.0,0.0,-0.9746700473060699,0,0,0,0.0
2490,0.6725161375193888,1.7608001186947866,1.7206538282043284,0,1,0,0,0,0.0,Low,1.0,0.0,0.696379981479424,0,0,0,0.0
2491,-0.8293989354134648,0.8680578981483386,-0.07389995236459025,0,2,0,0,0,0.0,Low,1.0,0.0,-0.31220992075175824,0,0,0,0.0
2492,1.6565294611650514,1.0912434532849506,-1.0707801141243989,0,2,0,0,0,0.0,Low,1.0,0.0,-1.060565463971931,0,0,0,0.0
2493,-0.052546311482678465,-0.6942409878079457,1.4439200082927395,0,2,0,0,0,0.0,Low,1.0,0.0,1.6367231280571637,0,0,0,0.0
2494,0.1028242133034788,-0.9174265429445578,-0.4001105533281004,0,1,0,0,0,0.0,Low,1.0,0.0,-0.19884001927319217,0,0,0,0.0
2495,-0.7776087604847457,-1.1406120980811698,-0.6412092266242173,0,1,0,0,0,0.0,Low,1.0,0.0,-0.40855772768529514,0,0,0,0.0
2496,-0.3114971861262739,-0.4710554326713337,-1.0624468852289854,0,3,0,0,0,0.0,Low,1.0,0.0,-0.9611885615612997,0,0,0,0.0
2497,0.3099849130183551,-2.479725428900842,-0.7111518528786035,0,3,0,0,0,0.0,Low,0.0,1.0,0.0017350606181174243,0,0,0,0.0
2498,-0.984769460199622,1.3144290084215626,0.7347763534098195,0,1,0,0,0,0.0,Low,0.0,1.0,0.1686701421056334,0,0,0,0.0
2499,0.36177508794707425,-0.2478698775347217,-0.8625058882061482,0,1,0,0,0,0.0,Low,0.0,1.0,-0.7934068637277354,0,0,0,0.0
2500,0.25819473808963606,-0.4710554326713337,0.7640838957114858,0,1,0,1,0,0.2,Low,1.0,0.0,0.8190996124375053,0,0,1,0.0
2501,-1.65804173427297,-0.2478698775347217,-0.5282586647994342,0,2,0,0,0,0.0,Low,1.0,0.0,-0.48391108847411923,0,0,0,0.0
2502,1.5011589363788942,0.1985012327385024,-0.9271660947878485,0,1,0,0,0,0.0,Low,1.0,0.0,-0.8946405105614548,0,0,0,0.0
2503,-0.2597070111975548,-0.6942409878079457,-0.6793302177915412,0,1,0,0,0,0.0,Low,0.0,1.0,-0.5477443650679679,0,0,0,0.0
2504,1.6565294611650514,-0.9174265429445578,0.23914697176752098,0,1,0,0,1,0.4,Medium,0.0,0.0,0.49753605300921405,0,0,0,0.0
2505,0.879676837234265,-0.024684322398109648,-0.03141460911475307,0,1,0,0,0,0.0,Low,0.0,1.0,-0.08502078429546839,0,0,0,0.0
2506,-1.2437203348432175,2.207171228968011,1.9618796185513923,0,1,0,0,0,0.0,Low,1.0,0.0,0.7111535550277523,0,0,0,0.0
2507,-1.036559635128341,-0.4710554326713337,-0.4912676029738613,0,1,0,0,0,0.0,Low,0.0,1.0,-0.4044699275022858,0,0,0,0.0
2508,0.879676837234265,-1.1406120980811698,0.8098177858188572,0,2,0,0,0,0.0,Low,1.0,0.0,1.2709129555444219,0,0,0,0.0
2509,0.25819473808963606,0.8680578981483386,-0.3541506773523789,0,1,0,0,0,0.0,Low,1.0,0.0,-0.5198081518130638,0,0,0,0.0
2510,-0.3114971861262739,-0.024684322398109648,-0.8178878033237561,0,1,0,0,0,0.0,Low,1.0,0.0,-0.7785767994453124,0,0,0,0.0
2511,-1.606251559344251,0.1985012327385024,-1.0046368752816506,0,1,0,0,0,0.0,Low,1.0,0.0,-0.9598532077654609,0,0,0,0.0
2512,-0.363287361054993,0.1985012327385024,-0.48115473536519,0,1,0,0,0,0.0,Low,1.0,0.0,-0.5192008474241523,0,0,0,0.0
2513,-1.65804173427297,0.42168678787511443,-0.24975933029135958,0,1,0,0,0,0.0,Low,1.0,0.0,-0.3671943433053077,0,0,0,0.0
2514,0.20640456316091696,0.1985012327385024,1.3831015614729925,0,1,1,0,0,0.3,Medium,1.0,0.0,1.0500770225218765,0,0,1,0.0
2515,-1.606251559344251,-0.4710554326713337,1.935905367807891,0,1,0,0,0,0.0,Low,1.0,0.0,1.961253870433058,0,0,0,0.0
2516,-0.9329792852709029,1.3144290084215626,1.929719004661805,0,3,0,0,0,0.0,Low,0.0,1.0,0.9882668609287647,0,0,0,0.0
2517,0.3099849130183551,1.7608001186947866,-0.7595975734061771,0,2,0,0,0,0.0,Low,1.0,0.0,-0.8874720950670844,0,0,0,0.0
2518,-1.65804173427297,-0.2478698775347217,-0.8705283865325802,0,1,0,0,0,0.0,Low,1.0,0.0,-0.8008352854621134,0,0,0,0.0
2519,0.36177508794707425,-1.1406120980811698,-0.7091603524137673,0,3,0,0,0,0.0,Low,0.0,1.0,-0.4872067967083855,0,0,0,0.0
2520,-1.1401399849857792,0.42168678787511443,-0.37756846296016816,0,2,0,0,0,0.0,Low,0.0,1.0,-0.4701027760585012,0,0,0,0.0
2521,0.051034038374759706,1.5376145635581746,-1.1811883349302423,0,3,0,0,0,0.0,Low,1.0,0.0,-1.1512807960210856,0,0,0,0.0
2522,1.6047392862363323,-0.024684322398109648,-0.9032398409762714,0,1,0,0,0,0.0,Low,1.0,0.0,-0.8538449961938803,0,0,0,0.0
2523,1.0868375369491414,0.6448723430117265,1.2534562936238385,0,2,0,0,0,0.0,Low,1.0,0.0,0.7535118293285687,0,0,0,0.0
2524,0.5689357876619505,0.1985012327385024,0.028118543078752053,0,1,0,0,0,0.0,Low,1.0,0.0,-0.09050910210330494,0,0,0,0.0
2525,1.4493687614501751,1.9839856738313988,-0.6622682847311012,0,2,0,0,0,0.0,Low,1.0,0.0,-0.8414169626483365,0,0,0,0.0
2526,0.7760964873768269,0.1985012327385024,-1.1524457572994515,0,1,0,0,0,0.0,Low,0.0,1.0,-1.0842745161045537,0,0,0,0.0
2527,-0.4668677109124311,-0.024684322398109648,0.003966303398824663,0,1,0,0,0,0.0,Low,1.0,0.0,-0.05381991835882077,0,0,0,0.0
2528,-0.5704480607698693,-0.024684322398109648,-0.19644078947748483,0,1,0,0,0,0.0,Low,0.0,1.0,-0.23055009272013638,0,0,0,0.0
2529,-0.5186578858411502,-0.024684322398109648,-0.90390367446455,0,2,0,0,0,0.0,Low,0.0,1.0,-0.854430401662552,0,0,0,0.0
2530,0.20640456316091696,-0.9174265429445578,0.5086209956583596,0,2,0,0,0,0.0,Low,0.0,1.0,0.79108795497731,0,0,0,0.0
2531,-0.3114971861262739,-0.024684322398109648,-0.6322686607076127,0,1,0,0,0,0.0,Low,1.0,0.0,-0.6148874660563204,0,0,0,0.0
2532,-0.6740284106273075,-1.586983208354394,-0.09665390448410079,0,1,0,0,0,0.0,Low,0.0,1.0,0.4402996635065502,0,0,0,0.0
2533,1.0350473620204224,1.0912434532849506,1.9062870949372435,0,2,0,0,0,0.0,Low,1.0,0.0,1.0599048837399432,0,0,0,0.0
2534,-0.8293989354134648,0.6448723430117265,0.436602124238506,0,1,0,0,0,0.0,Low,1.0,0.0,0.12320762952514454,0,0,0,0.0
2535,0.1028242133034788,-0.2478698775347217,-1.059000600736645,0,1,0,0,0,0.0,Low,1.0,0.0,-0.9753508833908797,0,0,0,0.0
2536,0.5689357876619505,1.3144290084215626,0.44195516449505123,0,2,0,0,0,0.0,Low,1.0,0.0,-0.032172371453473805,0,0,0,0.0
2537,0.9832571870917033,0.6448723430117265,-0.7391458523204841,0,2,0,1,0,0.2,Low,1.0,0.0,-0.784027609407598,0,0,1,0.0
2538,-0.20791683626883573,-0.4710554326713337,0.2486525023550012,0,1,0,0,0,0.0,Low,1.0,0.0,0.31671748798855426,0,0,0,0.0
2539,1.3457884115927368,0.1985012327385024,0.7946484844058501,0,1,0,0,0,0.0,Low,1.0,0.0,0.5547339771963516,0,0,0,0.0
2540,-0.10433648641139755,-0.4710554326713337,-0.09603244334613767,0,2,0,0,0,0.0,Low,1.0,0.0,-0.019241007203735033,0,0,0,0.0
2541,1.7083196360937705,1.7608001186947866,-1.0314303247979208,0,2,0,0,0,0.0,Low,1.0,0.0,-1.0610604931970478,0,0,0,0.0
2542,1.7083196360937705,0.1985012327385024,-1.2617381728803159,0,1,0,0,0,0.0,Low,1.0,0.0,-1.1762737596714814,0,0,0,0.0
2543,-0.3114971861262739,0.8680578981483386,1.1146868463400454,0,1,0,0,0,0.0,Low,0.0,1.0,0.5682463809568432,0,0,0,0.0
2544,0.5171456127332315,0.42168678787511443,1.6469400627718482,0,1,0,0,0,0.0,Low,1.0,0.0,1.1599763515295742,0,0,0,0.0
2545,0.36177508794707425,1.0912434532849506,-0.772125664982841,0,3,0,0,0,0.0,Low,1.0,0.0,-0.8478433925019669,0,0,0,0.0
2546,1.5011589363788942,-0.2478698775347217,-1.2892660764687243,0,1,0,0,0,0.0,Low,1.0,0.0,-1.188564896657717,0,0,0,0.0
2547,-0.5704480607698693,-0.4710554326713337,-1.0987034929824202,0,1,0,0,0,0.0,Low,1.0,0.0,-0.996527254282108,0,0,0,0.0
2548,0.7243063124481078,-1.3637976532177818,-0.6048961224036951,0,1,0,0,0,0.0,Low,1.0,0.0,-0.30374570500089665,0,0,0,0.0
2549,-0.10433648641139755,-1.810168763491006,0.7821062687124141,0,1,0,1,0,0.2,Low,1.0,0.0,1.826629875700778,0,0,1,0.0
2550,1.1904178868065796,-1.586983208354394,-1.287542934222554,0,1,0,0,1,0.4,Medium,0.0,0.0,-1.134989086382309,0,0,0,0.0
2551,-0.052546311482678465,-0.6942409878079457,1.337664277817831,0,1,0,0,0,0.0,Low,1.0,0.0,1.527403846547529,0,0,0,0.0
2552,-0.5186578858411502,1.3144290084215626,1.122215000579461,0,1,0,1,0,0.2,Low,1.0,0.0,0.43440962645060116,0,0,1,0.0
2553,0.25819473808963606,-0.6942409878079457,1.3015065388817992,0,1,0,0,0,0.0,Low,1.0,0.0,1.4902036125099554,0,0,0,0.0
2554,-0.0007561365539593763,0.8680578981483386,-0.9398213034154594,0,1,0,0,0,0.0,Low,0.0,1.0,-0.9536489062323817,0,0,0,0.0
2555,1.1386277118778605,0.1985012327385024,0.9099012772644508,0,2,0,0,0,0.0,Low,1.0,0.0,0.651750496646614,0,0,0,0.0
2556,-0.3114971861262739,0.1985012327385024,-0.21580495357174245,0,1,0,0,0,0.0,Low,1.0,0.0,-0.2958369563810051,0,0,0,0.0
2557,0.1546143882321979,-0.6942409878079457,-0.9679847922586029,0,2,0,0,0,0.0,Low,0.0,1.0,-0.8447213896874555,0,0,0,0.0
2558,-1.3990908596293747,0.6448723430117265,-0.10885714137501143,0,1,0,0,0,0.0,Low,1.0,0.0,-0.2976817762259437,0,0,0,0.0
2559,0.1546143882321979,-0.024684322398109648,-0.24734410632336679,0,1,0,0,0,0.0,Low,1.0,0.0,-0.27543948227529735,0,0,0,0.0
2560,1.1386277118778605,-0.024684322398109648,-1.1000452840757495,0,1,0,0,0,0.0,Low,1.0,0.0,-1.0273990345017647,0,0,0,0.0
2561,1.6047392862363323,0.42168678787511443,0.3816451858790922,0,3,0,0,0,0.0,Low,1.0,0.0,0.1411953768625298,0,0,0,0.0
2562,1.6047392862363323,-0.024684322398109648,-0.2905921518788858,0,1,0,0,0,0.0,Low,1.0,0.0,-0.31357802578747923,0,0,0,0.0
2563,0.6725161375193888,0.8680578981483386,-0.5539080608571817,0,1,0,0,0,0.0,Low,1.0,0.0,-0.667780220248708,0,0,0,0.0
2564,-0.7258185855560266,-0.024684322398109648,-0.5805885174392769,0,1,0,0,0,0.0,Low,1.0,0.0,-0.5693130275484583,0,0,0,0.0
2565,-0.7776087604847457,-2.25653987376423,0.07256713855988156,0,1,0,0,0,0.0,Low,1.0,0.0,1.2020695696606214,0,0,0,0.0
2566,-0.2597070111975548,-0.2478698775347217,-0.630347780826636,0,1,0,0,0,0.0,Low,1.0,0.0,-0.5784403706855344,0,0,0,0.0
2567,1.3457884115927368,1.9839856738313988,-1.2533766957513586,0,3,0,0,0,0.0,Low,0.0,1.0,-1.206307664532669,0,0,0,0.0
2568,-0.8293989354134648,-0.6942409878079457,-0.9897500562040814,0,1,0,0,0,0.0,Low,0.0,1.0,-0.867114186817104,0,0,0,0.0
2569,0.051034038374759706,1.0912434532849506,-0.28039453956958327,0,1,0,0,0,0.0,Low,1.0,0.0,-0.49759894141533634,0,0,0,0.0
2570,0.4653554378045124,-0.9174265429445578,-0.6675083320534715,0,3,0,0,0,0.0,Low,1.0,0.0,-0.49013016068836024,0,0,0,0.0
2571,-1.1919301599144982,-0.024684322398109648,-0.5632441020433993,0,1,0,0,0,0.0,Low,1.0,0.0,-0.554017752749974,0,0,0,0.0
2572,0.7760964873768269,1.3144290084215626,-0.921827178648075,0,1,0,0,0,0.0,Low,1.0,0.0,-0.9675741938404467,0,0,0,0.0
2573,0.20640456316091696,1.5376145635581746,-0.9165871313257049,0,1,0,0,0,0.0,Low,1.0,0.0,-0.9762756994770259,0,0,0,0.0
2574,1.5529491113076133,1.5376145635581746,0.2571693447684492,0,1,0,0,1,0.4,Medium,0.0,0.0,-0.19996265698204335,0,0,0,0.0
2575,-1.3473006847006557,-0.9174265429445578,-0.12466202804275328,0,1,0,0,0,0.0,Low,1.0,0.0,0.10122021408190035,0,0,0,0.0
2576,-0.0007561365539593763,-0.2478698775347217,-0.8543139004784535,0,1,0,1,0,0.2,Low,1.0,0.0,-0.7858215035060114,0,0,1,0.0
2577,0.7243063124481078,1.9839856738313988,-0.5872692246723796,0,2,0,0,0,0.0,Low,1.0,0.0,-0.7951201088812627,0,0,0,0.0
2578,1.1386277118778605,-0.2478698775347217,0.5623915082089346,0,1,0,0,0,0.0,Low,1.0,0.0,0.5259749993901945,0,0,0,0.0
2579,1.6047392862363323,-0.024684322398109648,-1.007715932737922,0,3,0,0,0,0.0,Low,1.0,0.0,-0.9459778526143927,0,0,0,0.0
2580,-0.15612666134011663,0.8680578981483386,0.7504117506762991,0,1,0,0,0,0.0,Low,1.0,0.0,0.2984063458141087,0,0,0,0.0
2581,-1.554461384415532,-0.4710554326713337,-0.4087827610260392,0,1,0,0,0,0.0,Low,1.0,0.0,-0.3240733690723985,0,0,0,0.0
2582,0.827886662305546,0.1985012327385024,-0.5780320523035651,0,1,0,0,0,0.0,Low,0.0,1.0,-0.600749414447357,0,0,0,0.0
2583,-0.20791683626883573,0.1985012327385024,-1.0822488969431714,0,1,0,0,0,0.0,Low,1.0,0.0,-1.025184797762911,0,0,0,0.0
2584,1.2939982366640177,-0.6942409878079457,3.9880689141792627,0,1,0,0,0,0.0,Low,0.0,1.0,4.254224595525923,0,0,0,0.0
2585,1.7083196360937705,-0.9174265429445578,0.1471283509986748,0,1,0,0,0,0.0,Low,0.0,1.0,0.3972954407485007,0,0,0,0.0
2586,0.5689357876619505,-0.024684322398109648,-1.2578681648848187,0,2,0,0,0,0.0,Low,1.0,0.0,-1.16657607081957,0,0,0,0.0
2587,-1.554461384415532,0.1985012327385024,-0.07269940243897981,0,3,0,0,0,0.0,Low,0.0,1.0,-0.17537477806359578,0,0,0,0.0
2588,-0.41507753598371205,-0.2478698775347217,1.0981475056001653,0,1,1,0,0,0.3,Medium,1.0,0.0,1.022057557890941,0,0,1,0.0
2589,-0.363287361054993,-0.2478698775347217,-0.0030957549871190085,0,2,0,0,1,0.4,Medium,0.0,0.0,0.0023628145675014993,0,0,0,0.0
2590,0.6207259625906697,0.1985012327385024,0.5995096870854545,0,2,0,0,0,0.0,Low,1.0,0.0,0.3904716937741911,0,0,0,0.0
2591,1.5529491113076133,0.1985012327385024,-0.6946407603722672,0,1,0,0,0,0.0,Low,1.0,0.0,-0.6989073047146813,0,0,0,0.0
2592,0.879676837234265,-0.2478698775347217,-0.772379899084735,0,1,0,0,0,0.0,Low,1.0,0.0,-0.709954823081493,0,0,0,0.0
2593,0.827886662305546,-1.3637976532177818,-0.5123266610807452,0,3,0,0,0,0.0,Low,1.0,0.0,-0.18945961099358896,0,0,0,0.0
2594,-1.4508810345580938,0.42168678787511443,-0.22882738923542245,0,1,0,0,1,0.4,Medium,0.0,0.0,-0.3503405144468446,0,0,0,0.0
2595,1.2939982366640177,0.1985012327385024,-0.6806578847680987,0,3,0,0,0,0.0,Low,1.0,0.0,-0.6871369181637303,0,0,0,0.0
2596,-0.984769460199622,1.7608001186947866,-0.4260848040716012,0,1,0,0,0,0.0,Low,1.0,0.0,-0.6744957443945899,0,0,0,0.0
2597,-0.20791683626883573,0.6448723430117265,-0.984792491217149,0,1,0,0,0,0.0,Low,1.0,0.0,-0.9735744269021713,0,0,0,0.0
2598,0.4135652628757933,0.42168678787511443,-1.181866292535293,0,1,0,0,0,0.0,Low,0.0,1.0,-1.1177014834439143,0,0,0,0.0
2599,0.1546143882321979,1.9839856738313988,-0.8433677099802408,0,3,0,0,0,0.0,Low,1.0,0.0,-0.953209478467813,0,0,0,0.0
2600,0.4135652628757933,0.6448723430117265,2.237285771486423,0,1,1,0,0,0.3,Medium,1.0,0.0,1.5126581678406428,0,0,1,0.0
2601,0.051034038374759706,2.8767278943778467,1.2334141719245304,0,1,0,0,0,0.0,Low,1.0,0.0,0.13619287895812437,0,0,0,0.0
2602,-1.4508810345580938,-0.024684322398109648,-0.04764321928565164,0,1,0,0,0,0.0,Low,1.0,0.0,-0.09933207968916437,0,0,0,0.0
2603,-0.8293989354134648,-0.4710554326713337,-1.1294234469612752,0,1,0,0,0,0.0,Low,1.0,0.0,-1.0264694656836502,0,0,0,0.0
2604,-0.2597070111975548,-1.3637976532177818,-0.3595460899592399,0,1,0,0,0,0.0,Low,1.0,0.0,-0.0008369868133867518,0,0,0,0.0
2605,1.2939982366640177,1.3144290084215626,-0.1533198609729128,0,1,0,0,0,0.0,Low,1.0,0.0,-0.4404643151377366,0,0,0,0.0
2606,0.6725161375193888,-0.4710554326713337,-0.7177336912943029,0,1,0,0,0,0.0,Low,1.0,0.0,-0.625202533301055,0,0,0,0.0
2607,-0.8811891103421838,-1.1406120980811698,1.3438788891974613,0,1,0,0,0,0.0,Low,1.0,0.0,1.88905442257853,0,0,0,0.0
2608,-0.6222382356985884,0.6448723430117265,-1.0041707794281782,0,1,0,0,0,0.0,Low,1.0,0.0,-0.9885271772243053,0,0,0,0.0
2609,0.1546143882321979,0.6448723430117265,0.2602342781079485,0,1,0,0,0,0.0,Low,1.0,0.0,-0.012882015717193137,0,0,0,0.0
2610,0.7760964873768269,-0.2478698775347217,-1.014707370540006,0,1,0,0,0,0.0,Low,0.0,1.0,-0.9343376253644549,0,0,0,0.0
2611,-1.08834981005706,-0.024684322398109648,-0.9644396389488592,0,1,0,0,0,0.0,Low,0.0,1.0,-0.9078143982312036,0,0,0,0.0
2612,-0.0007561365539593763,-0.6942409878079457,-0.3587268911864704,0,2,0,0,0,0.0,Low,1.0,0.0,-0.21789744615434334,0,0,0,0.0
2613,0.9832571870917033,-0.024684322398109648,-1.3060596513104983,0,1,0,0,0,0.0,Low,1.0,0.0,-1.20907401675803,0,0,0,0.0
2614,0.879676837234265,-0.4710554326713337,-0.10963396779746518,0,1,0,0,0,0.0,Low,1.0,0.0,-0.03249817942427988,0,0,0,0.0
2615,-1.606251559344251,0.6448723430117265,-0.649401214351912,0,1,0,0,0,0.0,Low,1.0,0.0,-0.7147785018661699,0,0,0,0.0
2616,0.4135652628757933,-0.4710554326713337,-0.41994081327583016,0,1,0,0,0,0.0,Low,1.0,0.0,-0.3349489309147977,0,0,0,0.0
2617,-0.10433648641139755,-1.586983208354394,-0.7881565375189333,0,1,0,0,0,0.0,Low,1.0,0.0,-0.4744088367283833,0,0,0,0.0
2618,0.879676837234265,0.6448723430117265,1.2938653917082084,0,1,0,0,0,0.0,Low,1.0,0.0,0.784692455182523,0,0,0,0.0
2619,0.6207259625906697,-0.2478698775347217,0.6973333198475462,0,2,0,1,0,0.2,Low,0.0,1.0,0.6509241917321785,0,0,1,0.0
2620,-0.6740284106273075,1.7608001186947866,0.2488643641065793,0,2,0,0,0,0.0,Low,1.0,0.0,-0.24348312975068684,0,0,0,0.0
2621,0.5171456127332315,-1.1406120980811698,-0.9414879491945423,0,1,1,0,0,0.3,Medium,1.0,0.0,-0.7561110861203194,0,0,1,0.0
2622,-1.1919301599144982,2.4303567841046227,0.3936930574855121,0,1,0,0,0,0.0,Low,1.0,0.0,-0.2594906863452308,0,0,0,0.0
2623,-1.7098319092016891,0.42168678787511443,0.01626840910713859,0,2,0,0,0,0.0,Low,1.0,0.0,-0.15299605278631132,0,0,0,0.0
2624,1.5011589363788942,-0.4710554326713337,3.5073545998480777,0,1,0,0,0,0.0,Low,1.0,0.0,3.4929184407942335,0,0,0,0.0
2625,-0.5186578858411502,1.7608001186947866,-1.1339431643282791,0,1,0,0,0,0.0,Low,1.0,0.0,-1.1265236852175857,0,0,0,0.0
2626,-1.08834981005706,0.8680578981483386,-0.4755333368899788,0,1,0,0,0,0.0,Low,1.0,0.0,-0.6097234424965062,0,0,0,0.0
2627,-1.1919301599144982,-0.9174265429445578,-0.7797526880396602,0,1,0,0,0,0.0,Low,1.0,0.0,-0.6124037056823568,0,0,0,0.0
2628,0.879676837234265,-1.1406120980811698,0.05092899166535024,0,2,0,0,0,0.0,Low,0.0,1.0,0.3925478591797064,0,0,0,0.0
2629,-0.8811891103421838,-0.6942409878079457,-1.1672902040267052,0,1,0,0,0,0.0,Low,1.0,0.0,-1.0497731484781578,0,0,0,0.0
2630,-0.5186578858411502,0.8680578981483386,0.489737051534346,0,1,0,0,0,0.0,Low,1.0,0.0,0.1053092309835744,0,0,0,0.0
2631,-0.7776087604847457,-1.1406120980811698,-1.1697195521114698,0,2,0,0,0,0.0,Low,1.0,0.0,-1.0202745253936758,0,0,0,0.0
2632,0.1546143882321979,-2.7029109840374543,0.06917735053462848,0,1,0,0,0,0.0,Low,1.0,0.0,1.7529447967417382,0,0,0,0.0
2633,-1.3473006847006557,-0.6942409878079457,-0.5799670563013137,0,1,0,0,0,0.0,Low,1.0,0.0,-0.44551637817174555,0,0,0,0.0
2634,-0.3114971861262739,-0.6942409878079457,-0.8888191177521744,0,1,0,0,0,0.0,Low,0.0,1.0,-0.7632732210231588,0,0,0,0.0
2635,-1.5026712094868129,-0.024684322398109648,-1.0105831284426152,0,1,0,0,1,0.4,Medium,0.0,0.0,-0.9485063060216341,0,0,0,0.0
2636,-0.8811891103421838,-0.2478698775347217,-0.7860237958863784,0,1,0,0,0,0.0,Low,0.0,1.0,-0.7225883713128471,0,0,0,0.0
2637,0.1028242133034788,-0.4710554326713337,-0.555602954869808,0,1,0,0,0,0.0,Low,1.0,0.0,-0.4671764897708022,0,0,0,0.0
2638,-0.7776087604847457,0.42168678787511443,-0.30631229384599645,0,3,0,0,0,0.0,Low,0.0,1.0,-0.4127292493439624,0,0,0,0.0
2639,1.5529491113076133,-0.6942409878079457,-0.19403968962626392,0,2,0,0,0,0.0,Low,1.0,0.0,-0.0484620051863331,0,0,0,0.0
2640,-1.1919301599144982,-0.4710554326713337,-0.46352783763387456,0,1,0,0,0,0.0,Low,1.0,0.0,-0.37743245477004284,0,0,0,0.0
2641,1.0350473620204224,-1.1406120980811698,-0.6038933101128909,0,2,0,0,0,0.0,Low,1.0,0.0,-0.36536694814694454,0,0,0,0.0
2642,0.5689357876619505,-0.2478698775347217,1.8212881602040256,0,1,0,1,0,0.2,Low,0.0,1.0,1.6916486923599838,0,0,1,0.0
2643,0.6725161375193888,-0.9174265429445578,0.40232289283313544,0,1,0,0,0,0.0,Low,1.0,0.0,0.6752919691178892,0,0,0,0.0
2644,-1.1401399849857792,1.5376145635581746,-0.7175218295427246,0,1,1,1,0,0.5,Medium,1.0,0.0,-0.8446155184856742,0,0,2,0.0
2645,-0.6740284106273075,-1.1406120980811698,-0.3890796181292563,0,1,0,0,0,0.0,Low,1.0,0.0,-0.11673388001720396,0,0,0,0.0
2646,-1.1919301599144982,-1.1406120980811698,-0.8719407982097689,0,1,0,0,0,0.0,Low,1.0,0.0,-0.6756147203190936,0,0,0,0.0
2647,-1.5026712094868129,-0.4710554326713337,-0.5529052485663776,0,1,0,0,0,0.0,Low,1.0,0.0,-0.4645470817810578,0,0,0,0.0
2648,1.1386277118778605,0.1985012327385024,-1.0996639329229085,0,2,0,0,0,0.0,Low,0.0,1.0,-1.0398442791945497,0,0,0,0.0
2649,-0.7258185855560266,-0.4710554326713337,-0.23629904700775095,0,1,0,0,0,0.0,Low,1.0,0.0,-0.1559564561364768,0,0,0,0.0
2650,0.36177508794707425,-0.4710554326713337,2.5616037408025005,0,1,0,0,0,0.0,Low,1.0,0.0,2.571111325646073,0,0,0,0.0
2651,0.6207259625906697,0.1985012327385024,-0.1826556515081228,0,1,0,0,0,0.0,Low,1.0,0.0,-0.2679328177597102,0,0,0,0.0
2652,-1.1401399849857792,-2.033354318627618,-0.186017191299832,0,1,0,0,0,0.0,Low,1.0,0.0,0.5938160199479349,0,0,0,0.0
2653,-0.8811891103421838,-0.4710554326713337,-0.46340072058292753,0,1,0,0,0,0.0,Low,1.0,0.0,-0.37730855596424345,0,0,0,0.0
2654,-0.7776087604847457,-0.4710554326713337,-1.0288597355454374,0,1,0,0,0,0.0,Low,1.0,0.0,-0.9284517437622806,0,0,0,0.0
2655,-0.41507753598371205,1.3144290084215626,2.0332487805997386,0,1,0,0,0,0.0,Low,1.0,0.0,1.0592766826723614,0,0,0,0.0
2656,0.7243063124481078,0.42168678787511443,-0.08494501168020607,0,1,0,0,0,0.0,Low,1.0,0.0,-0.23449034266468283,0,0,0,0.0
2657,0.9314670121629842,-0.2478698775347217,0.24572881018322026,0,1,0,0,0,0.0,Low,1.0,0.0,0.23276159219872705,0,0,0,0.0
2658,1.0868375369491414,0.1985012327385024,-0.6060542999789897,0,3,0,0,0,0.0,Low,1.0,0.0,-0.6243377446666364,0,0,0,0.0
2659,-0.052546311482678465,-0.2478698775347217,0.2842170283866133,0,1,0,0,0,0.0,Low,1.0,0.0,0.2683997070335509,0,0,0,0.0
2660,1.4493687614501751,-1.586983208354394,2.018616195624064,0,2,0,0,0,0.0,Low,1.0,0.0,3.238344744506661,0,0,0,0.0
2661,-0.5704480607698693,-1.1406120980811698,1.2751650611022296,0,2,0,0,1,0.4,Medium,0.0,0.0,1.8095225745641184,0,0,0,0.0
2662,-0.984769460199622,-1.810168763491006,-1.4146317369359964,0,1,0,0,0,0.0,Low,1.0,0.0,-1.3027034416598275,0,0,0,0.0
2663,-0.363287361054993,-0.024684322398109648,1.1594602965069283,0,1,0,0,0,0.0,Low,1.0,0.0,0.9651592601949341,0,0,0,0.0
2664,1.5529491113076133,1.3144290084215626,-0.9416715627125768,0,1,0,0,0,0.0,Low,1.0,0.0,-0.9811852169713818,0,0,0,0.0
2665,0.879676837234265,-0.4710554326713337,-0.9121097863090166,0,1,0,0,0,0.0,Low,1.0,0.0,-0.8146575739024435,0,0,0,0.0
2666,0.9832571870917033,-0.9174265429445578,-0.9580555381679661,0,1,0,0,1,0.4,Medium,0.0,0.0,-0.8066381629623632,0,0,0,0.0
2667,0.879676837234265,0.42168678787511443,0.07862638465502118,0,1,0,0,0,0.0,Low,1.0,0.0,-0.10278710918974258,0,0,0,0.0
2668,0.6725161375193888,-0.2478698775347217,-0.19525436366864626,0,1,0,0,0,0.0,Low,1.0,0.0,-0.17556619546104044,0,0,0,0.0
2669,-1.554461384415532,0.1985012327385024,0.3414761977798445,0,1,0,0,0,0.0,Low,1.0,0.0,0.17326644943144043,0,0,0,0.0
2670,-1.3990908596293747,-0.2478698775347217,-0.3010016259397668,0,1,0,0,0,0.0,Low,1.0,0.0,-0.2734827333576737,0,0,0,0.0
2671,0.051034038374759706,-0.9174265429445578,-0.9404286404366506,0,3,1,0,0,0.3,Medium,0.0,1.0,-0.7874362774517923,0,0,1,0.0
2672,0.7243063124481078,-0.024684322398109648,0.4518985427024599,0,1,0,0,0,0.0,Low,1.0,0.0,0.34119176320399286,0,0,0,0.0
2673,0.5689357876619505,-0.6942409878079457,-0.541210479879255,0,1,0,0,0,0.0,Low,1.0,0.0,-0.4056423773127217,0,0,0,0.0
2674,-0.7776087604847457,0.6448723430117265,0.48661562172775885,0,2,0,0,0,0.0,Low,1.0,0.0,0.16179923950377156,0,0,0,0.0
2675,1.5011589363788942,0.1985012327385024,-0.07365984237946822,0,2,0,0,0,0.0,Low,1.0,0.0,-0.17618324905901464,0,0,0,0.0
2676,0.20640456316091696,0.6448723430117265,-0.22319186664343954,0,1,0,0,0,0.0,Low,0.0,1.0,-0.3859051828277475,0,0,0,0.0
2677,1.7083196360937705,0.42168678787511443,2.4505316865083784,0,1,0,0,0,0.0,Low,1.0,0.0,1.807006441207212,0,0,0,0.0
2678,1.2939982366640177,-0.9174265429445578,-1.2475434355245691,0,1,0,0,0,0.0,Low,1.0,0.0,-1.1219922057705867,0,0,0,0.0
2679,-1.08834981005706,-0.024684322398109648,-1.2302696407125508,0,1,0,0,0,0.0,Low,1.0,0.0,-1.1422381498454344,0,0,0,0.0
2680,0.6725161375193888,-0.6942409878079457,-0.783184848415229,0,1,0,1,0,0.2,Low,1.0,0.0,-0.654593318536045,0,0,1,0.0
2681,1.3975785865214558,-0.2478698775347217,0.5034656930366206,0,1,0,0,0,0.0,Low,1.0,0.0,0.4714127186228975,0,0,0,0.0
2682,-0.15612666134011663,-0.6942409878079457,-0.7027197551657867,0,1,0,0,0,0.0,Low,1.0,0.0,-0.5718082664610232,0,0,0,0.0
2683,-0.6222382356985884,0.8680578981483386,-0.5197700706195298,0,3,0,0,0,0.0,Low,1.0,0.0,-0.6424921986543537,0,0,0,0.0
2684,0.4653554378045124,-0.6942409878079457,-1.2170494674140644,0,1,0,0,0,0.0,Low,1.0,0.0,-1.100967064304084,0,0,0,0.0
2685,1.7083196360937705,0.6448723430117265,0.4466726194968615,0,1,0,1,0,0.2,Low,1.0,0.0,0.1309782643499853,0,0,1,0.0
2686,1.0350473620204224,0.42168678787511443,-1.2033631982621054,0,3,0,0,1,0.4,Medium,0.0,0.0,-1.1350102064685978,0,0,0,0.0
2687,-1.2437203348432175,-0.2478698775347217,-0.6024526502021584,0,1,0,0,0,0.0,Low,1.0,0.0,-0.5526109113098364,0,0,0,0.0
2688,0.4135652628757933,-1.1406120980811698,-1.3085596199791223,0,1,0,0,0,0.0,Low,1.0,0.0,-1.1809729973323535,0,0,0,0.0
2689,1.5529491113076133,1.5376145635581746,0.7423610041163232,0,1,0,0,0,0.0,Low,1.0,0.0,0.12093918333404209,0,0,0,0.0
2690,-0.6740284106273075,1.0912434532849506,-1.222967472341485,0,3,0,0,0,0.0,Low,1.0,0.0,-1.1689636819945777,0,0,0,0.0
2691,1.6565294611650514,0.42168678787511443,-0.6475650791715666,0,1,0,0,0,0.0,Low,1.0,0.0,-0.6874966980951955,0,0,0,0.0
2692,0.36177508794707425,-0.9174265429445578,-0.77301548433947,0,1,0,0,0,0.0,Low,0.0,1.0,-0.6050645234799992,0,0,0,0.0
2693,-0.5186578858411502,-1.1406120980811698,0.25458463139919363,0,2,0,0,0,0.0,Low,1.0,0.0,0.6282661976215977,0,0,0,0.0
2694,0.051034038374759706,-0.9174265429445578,-0.17096088282100014,0,1,0,0,0,0.0,Low,1.0,0.0,0.050784492364230514,0,0,0,0.0
2695,1.1386277118778605,-0.024684322398109648,2.304205836751626,0,2,0,0,0,0.0,Low,1.0,0.0,1.9746598523304097,0,0,0,0.0
2696,-0.20791683626883573,0.6448723430117265,-1.1350872177868019,0,3,0,0,0,0.0,Low,1.0,0.0,-1.0895454299472354,0,0,0,0.0
2697,1.1904178868065796,-0.4710554326713337,1.1557597779126936,0,1,0,0,0,0.0,Low,1.0,0.0,1.2008593661736704,0,0,0,0.0
2698,0.6725161375193888,-0.6942409878079457,1.531772014613879,0,1,0,0,0,0.0,Low,1.0,0.0,1.7271080716953304,0,0,0,0.0
2699,0.051034038374759706,1.0912434532849506,2.212130719515692,0,2,0,0,0,0.0,Low,1.0,0.0,1.2777475763675434,0,0,0,0.0
2700,-0.7776087604847457,-1.810168763491006,-0.29994231718187525,0,1,0,1,0,0.2,Low,1.0,0.0,0.28521224549846486,0,0,1,0.0
2701,-1.3473006847006557,-0.2478698775347217,-1.0752857073746311,0,2,0,0,0,0.0,Low,1.0,0.0,-0.9904300563833758,0,0,0,0.0
2702,-0.41507753598371205,-0.4710554326713337,0.13105510611226684,0,1,0,0,0,0.0,Low,1.0,0.0,0.20209732609005376,0,0,0,0.0
2703,-0.20791683626883573,-0.4710554326713337,-1.1871345880912068,0,1,0,0,0,0.0,Low,1.0,0.0,-1.0827195235166156,0,0,0,0.0
2704,-1.3990908596293747,2.653542339241235,0.9572311925670453,0,1,0,0,0,0.0,Low,1.0,0.0,0.024975431261917615,0,0,0,0.0
2705,1.7083196360937705,-0.2478698775347217,-0.3967348894196192,0,1,0,0,0,0.0,Low,1.0,0.0,-0.3621268222936132,0,0,0,0.0
2706,1.6047392862363323,-1.586983208354394,0.003274221677002171,0,1,0,0,0,0.0,Low,1.0,0.0,0.5724829727890551,0,0,0,0.0
2707,0.1028242133034788,-0.4710554326713337,2.2028088024462464,0,1,0,0,0,0.0,Low,1.0,0.0,2.2214000630100412,0,0,0,0.0
2708,-0.4668677109124311,-0.6942409878079457,-0.18110199866321516,0,1,0,0,0,0.0,Low,1.0,0.0,-0.03515129644476382,0,0,0,0.0
2709,0.1546143882321979,-0.6942409878079457,-1.0705541282560487,0,1,0,0,0,0.0,Low,1.0,0.0,-0.950247991086228,0,0,0,0.0
2710,-1.7098319092016891,0.1985012327385024,-0.38958808633304426,0,2,0,0,0,0.0,Low,1.0,0.0,-0.44212264943443996,0,0,0,0.0
2711,-0.984769460199622,-0.9174265429445578,-0.7556569448268206,0,2,0,0,0,0.0,Low,1.0,0.0,-0.5861549743674256,0,0,0,0.0
2712,0.1546143882321979,0.1985012327385024,-0.07905525498632911,0,1,0,0,0,0.0,Low,1.0,0.0,-0.18072495376857345,0,0,0,0.0
2713,-1.08834981005706,-0.9174265429445578,-0.6190908597594418,0,1,0,0,0,0.0,Low,1.0,0.0,-0.4373865200391316,0,0,0,0.0
2714,-1.3473006847006557,1.3144290084215626,-0.8269837345248516,0,1,0,0,0,0.0,Low,0.0,1.0,-0.9025222220794298,0,0,0,0.0
2715,-1.5026712094868129,0.42168678787511443,-0.36173532805888237,0,1,0,0,0,0.0,Low,1.0,0.0,-0.45735436705017657,0,0,0,0.0
2716,1.3457884115927368,1.3144290084215626,-1.0845935003273046,0,1,0,0,0,0.0,Low,1.0,0.0,-1.0792136461969561,0,0,0,0.0
2717,-1.7098319092016891,-0.024684322398109648,-0.4336270824277889,0,2,0,0,0,0.0,Low,1.0,0.0,-0.43971422113296116,0,0,0,0.0
2718,0.1028242133034788,0.6448723430117265,0.20081411884861858,0,1,0,0,0,0.0,Low,1.0,0.0,-0.05873203073557334,0,0,0,0.0
2719,0.051034038374759706,-1.1406120980811698,1.6532535429688815,0,2,0,0,0,0.0,Low,1.0,0.0,2.2471357378730157,0,0,0,0.0
2720,1.6565294611650514,1.0912434532849506,-0.7416599451058801,0,2,0,0,0,0.0,Low,1.0,0.0,-0.826143628578547,0,0,0,0.0
2721,1.5011589363788942,0.1985012327385024,2.733706103667948,0,1,0,0,0,0.0,Low,1.0,0.0,2.186977470550296,0,0,0,0.0
2722,-0.5704480607698693,-0.2478698775347217,0.02067513353996745,0,1,0,0,0,0.0,Low,1.0,0.0,0.024373437417779892,0,0,0,0.0
2723,-1.2955105097719366,0.6448723430117265,-0.5791761057620881,0,1,0,0,0,0.0,Low,1.0,0.0,-0.6605911297075326,0,0,0,0.0
2724,-0.0007561365539593763,-0.6942409878079457,-0.4927365111181375,0,1,0,0,0,0.0,Low,1.0,0.0,-0.3557708135560998,0,0,0,0.0
2725,0.6207259625906697,-0.2478698775347217,-0.3286001501120348,0,1,0,0,0,0.0,Low,1.0,0.0,-0.29903755038051627,0,0,0,0.0
2726,-1.554461384415532,0.42168678787511443,-0.6569576168248716,0,1,0,0,0,0.0,Low,1.0,0.0,-0.6950593136086084,0,0,0,0.0
2727,-0.20791683626883573,0.1985012327385024,-0.8138200576934526,0,1,0,0,0,0.0,Low,1.0,0.0,-0.7992290438226857,0,0,0,0.0
2728,-1.606251559344251,0.8680578981483386,-0.10586282861937131,0,1,0,0,0,0.0,Low,1.0,0.0,-0.33588670720936004,0,0,0,0.0
2729,-1.036559635128341,0.42168678787511443,-1.2537156745538838,0,1,0,0,0,0.0,Low,1.0,0.0,-1.1755526490329844,0,0,0,0.0
2730,1.3457884115927368,-0.024684322398109648,-0.9000901629361405,0,1,0,0,0,0.0,Low,1.0,0.0,-0.8510674340765659,0,0,0,0.0
2731,0.5689357876619505,-1.1406120980811698,0.4699915362872475,0,1,0,0,0,0.0,Low,1.0,0.0,0.877585871633477,0,0,0,0.0
2732,-0.0007561365539593763,2.207171228968011,-1.2902265164092126,0,1,0,0,0,0.0,Low,1.0,0.0,-1.2316099174665567,0,0,0,0.0
2733,0.5689357876619505,0.42168678787511443,0.07118297511623659,0,1,0,0,0,0.0,Low,0.0,1.0,-0.10878033982969545,0,0,0,0.0
2734,1.3975785865214558,1.0912434532849506,-0.2286861480677037,0,2,0,0,1,0.4,Medium,0.0,0.0,-0.4607686976862496,0,0,0,0.0
2735,-0.9329792852709029,0.6448723430117265,-0.7710663562249495,0,2,0,0,0,0.0,Low,1.0,0.0,-0.8086582331160694,0,0,0,0.0
2736,1.6565294611650514,-0.024684322398109648,-0.631604827219334,0,1,0,0,0,0.0,Low,1.0,0.0,-0.6143020605876487,0,0,0,0.0
2737,0.3099849130183551,-0.4710554326713337,-0.36859964881001966,0,1,0,0,0,0.0,Low,1.0,0.0,-0.2849075799057838,0,0,0,0.0
2738,-0.8811891103421838,-2.25653987376423,0.1116768179012377,0,2,0,0,0,0.0,Low,1.0,0.0,1.2679123986698804,0,0,0,0.0
2739,-0.0007561365539593763,0.6448723430117265,0.01321759988441097,0,1,0,0,0,0.0,Low,1.0,0.0,-0.20348598830013873,0,0,0,0.0
2740,-0.9329792852709029,0.42168678787511443,1.0400550133173927,0,1,0,0,0,0.0,Low,1.0,0.0,0.6713290381756991,0,0,0,0.0
2741,1.3457884115927368,-0.4710554326713337,-0.04809519102235211,0,2,0,0,0,0.0,Low,0.0,1.0,0.02748260911664787,0,0,0,0.0
2742,1.6565294611650514,-1.1406120980811698,1.364627216735364,0,1,0,0,0,0.0,Low,1.0,0.0,1.9130692806942897,0,0,0,0.0
2743,1.6565294611650514,-0.4710554326713337,-1.2642381415489399,0,1,0,0,0,0.0,Low,1.0,0.0,-1.1578710325009913,0,0,0,0.0
2744,-1.08834981005706,0.42168678787511443,1.0078520270774898,0,3,0,1,0,0.2,Low,1.0,0.0,0.6454000707011404,0,0,1,0.0
2745,1.1386277118778605,0.42168678787511443,-0.5738795619726303,0,1,0,0,0,0.0,Low,0.0,1.0,-0.6281671264659094,0,0,0,0.0
2746,-0.15612666134011663,-1.1406120980811698,-0.15889888709780822,0,3,0,0,0,0.0,Low,1.0,0.0,0.14968555001175143,0,0,0,0.0
2747,-0.0007561365539593763,0.42168678787511443,0.3303463937635975,0,1,0,0,0,0.0,Low,1.0,0.0,0.09989098656972419,0,0,0,0.0
2748,0.25819473808963606,-0.2478698775347217,-0.9874195769367199,0,1,0,0,0,0.0,Low,1.0,0.0,-0.909070528901747,0,0,0,0.0
2749,1.7083196360937705,-0.9174265429445578,-0.4972562284851415,0,1,0,0,0,0.0,Low,0.0,1.0,-0.3046657953482781,0,0,0,0.0
2750,-1.3473006847006557,-0.9174265429445578,1.1838950185222934,0,2,0,0,0,0.0,Low,1.0,0.0,1.5266986490962189,0,0,0,0.0
2751,1.0868375369491414,-0.4710554326713337,1.6451886722921338,0,1,0,0,0,0.0,Low,0.0,1.0,1.6778973015696386,0,0,0,0.0
2752,-0.363287361054993,-0.9174265429445578,-0.7753600877236033,0,1,0,0,0,0.0,Low,1.0,0.0,-0.6076186204309244,0,0,0,0.0
2753,0.9832571870917033,0.1985012327385024,0.24612428545283307,0,2,0,0,0,0.0,Low,1.0,0.0,0.09300192457743052,0,0,0,0.0
2754,0.25819473808963606,-1.1406120980811698,-0.6453334687216085,0,1,0,0,0,0.0,Low,1.0,0.0,-0.41333127334206976,0,0,0,0.0
2755,1.6047392862363323,0.1985012327385024,-1.1694229456592602,0,1,0,0,0,0.0,Low,1.0,0.0,-1.0985654298765164,0,0,0,0.0
2756,-0.8811891103421838,-0.2478698775347217,1.5053881644839928,0,1,0,0,0,0.0,Low,1.0,0.0,1.3991415083615732,0,0,0,0.0
2757,-0.20791683626883573,-0.024684322398109648,-0.9879562933740516,0,1,0,0,0,0.0,Low,0.0,1.0,-0.9285526983447839,0,0,0,0.0
2758,0.9832571870917033,-0.024684322398109648,3.707281472754142,0,2,0,0,0,0.0,Low,1.0,0.0,3.2119703598276774,0,0,0,0.0
2759,-1.08834981005706,0.1985012327385024,-1.1003277664111875,0,1,0,0,0,0.0,Low,1.0,0.0,-1.0404030753237363,0,0,0,0.0
2760,-0.6740284106273075,-1.3637976532177818,0.9628384669254846,0,1,0,0,0,0.0,Low,1.0,0.0,1.6317766594374798,0,0,0,0.0
2761,-0.7776087604847457,-0.024684322398109648,0.8800005220583654,0,1,0,0,0,0.0,Low,1.0,0.0,0.7187160133196796,0,0,0,0.0
2762,0.9832571870917033,-0.2478698775347217,-0.639500208494819,0,1,0,0,0,0.0,Low,1.0,0.0,-0.5869150490022191,0,0,0,0.0
2763,-0.7776087604847457,1.0912434532849506,-0.026245182376242345,0,1,0,0,0,0.0,Low,1.0,0.0,-0.31657643235737754,0,0,0,0.0
2764,1.1904178868065796,-0.4710554326713337,-0.6214213390268031,0,1,0,0,0,0.0,Low,1.0,0.0,-0.5313285381069794,0,0,0,0.0
2765,-0.4668677109124311,0.42168678787511443,-0.8915168240556048,0,3,0,0,0,0.0,Low,1.0,0.0,-0.8839199990691328,0,0,0,0.0
2766,-0.15612666134011663,1.0912434532849506,0.15654913688552377,0,2,0,0,1,0.4,Medium,0.0,0.0,-0.18637784881685843,0,0,0,0.0
2767,1.0868375369491414,2.207171228968011,0.6321646450620582,0,1,0,0,0,0.0,Low,1.0,0.0,-0.08319987998248302,0,0,0,0.0
2768,-0.5704480607698693,-1.3637976532177818,-0.8172945904193367,0,1,0,0,0,0.0,Low,0.0,1.0,-0.5659724797463789,0,0,0,0.0
2769,-0.10433648641139755,-2.926096539174066,1.5086508354582988,0,1,0,0,0,0.0,Low,1.0,0.0,5.467791410117874,0,0,0,0.0
2770,1.4493687614501751,-0.2478698775347217,-0.05686626753769404,0,1,0,0,0,0.0,Low,1.0,0.0,-0.047425920543020916,0,0,0,0.0
2771,-1.2437203348432175,1.3144290084215626,-0.31163708586899797,0,1,0,0,0,0.0,Low,1.0,0.0,-0.5490521857958514,0,0,0,0.0
2772,1.0350473620204224,0.1985012327385024,-0.2855215939577784,0,1,0,0,0,0.0,Low,1.0,0.0,-0.35452243922493837,0,0,0,0.0
2773,0.9314670121629842,-0.9174265429445578,1.451603527816646,0,1,0,0,0,0.0,Low,0.0,1.0,1.8183272852880157,0,0,0,0.0
2774,-0.7258185855560266,0.8680578981483386,-0.5500098046281408,0,1,0,1,0,0.2,Low,1.0,0.0,-0.6648925520815413,0,0,1,0.0
2775,-0.10433648641139755,1.3144290084215626,-0.5154622150041043,0,3,0,0,0,0.0,Low,1.0,0.0,-0.6888533778261174,0,0,0,0.0
2776,-1.036559635128341,-0.9174265429445578,1.4075221593715856,0,1,0,0,0,0.0,Low,0.0,1.0,1.7703071853853778,0,0,0,0.0
2777,0.827886662305546,0.6448723430117265,1.5599496275737939,0,1,0,0,0,0.0,Low,1.0,0.0,0.9900094109541573,0,0,0,0.0
2778,-0.3114971861262739,0.1985012327385024,0.8476704187675151,0,1,0,0,0,0.0,Low,1.0,0.0,0.59936633185521,0,0,0,0.0
2779,0.9832571870917033,0.1985012327385024,-1.0630683463669486,0,1,0,0,0,0.0,Low,1.0,0.0,-1.0090391564132226,0,0,0,0.0
2780,-0.5186578858411502,0.42168678787511443,2.664964027339172,0,3,0,0,0,0.0,Low,0.0,1.0,1.9796615219961373,0,0,0,0.0
2781,-0.6222382356985884,1.7608001186947866,-0.1489413847736277,0,1,0,0,0,0.0,Low,1.0,0.0,-0.4975160318254253,0,0,0,0.0
2782,-0.20791683626883573,-0.6942409878079457,-0.3367780137229575,0,3,0,0,0,0.0,Low,1.0,0.0,-0.19531574158622253,0,0,0,0.0
2783,1.5011589363788942,-0.6942409878079457,0.8548172218540901,0,1,0,1,0,0.2,Low,1.0,0.0,1.0306354087317142,0,0,1,0.0
2784,-1.554461384415532,0.1985012327385024,0.0771857247442887,0,1,0,0,0,0.0,Low,0.0,1.0,-0.049205745660877036,0,0,0,0.0
2785,1.2939982366640177,0.6448723430117265,-0.6162236640547486,0,1,0,0,0,0.0,Low,1.0,0.0,-0.6891779111178515,0,0,0,0.0
2786,-1.3473006847006557,0.8680578981483386,1.849211539062047,0,2,0,0,0,0.0,Low,1.0,0.0,1.11235211658547,0,0,0,0.0
2787,-1.1401399849857792,0.8680578981483386,-0.3422722951472217,0,1,0,0,0,0.0,Low,1.0,0.0,-0.5110091339558641,0,0,0,0.0
2788,-0.15612666134011663,0.42168678787511443,-0.17508512491839118,0,3,0,0,0,0.0,Low,0.0,1.0,-0.30706870688513604,0,0,0,0.0
2789,-0.0007561365539593763,0.42168678787511443,1.8311891660611184,0,1,0,0,0,0.0,Low,0.0,1.0,1.3083287114881785,0,0,0,0.0
2790,0.7760964873768269,1.0912434532849506,0.7529540916952387,0,1,0,0,1,0.4,Medium,0.0,0.0,0.23842244391857353,0,0,0,0.0
2791,1.1904178868065796,-1.3637976532177818,0.3816310617623203,0,1,0,0,0,0.0,Low,1.0,0.0,0.9142190200720989,0,0,0,0.0
2792,-0.41507753598371205,0.6448723430117265,-0.6458560610421683,0,1,0,0,0,0.0,Low,1.0,0.0,-0.7120429768436803,0,0,0,0.0
2793,-0.8293989354134648,0.1985012327385024,0.13540533407800837,0,1,0,0,0,0.0,Low,1.0,0.0,-0.00019813620328117717,0,0,0,0.0
2794,0.20640456316091696,0.6448723430117265,0.2069863578779335,0,2,0,0,0,0.0,Low,0.0,1.0,-0.053969383584864354,0,0,0,0.0
2795,0.827886662305546,-0.024684322398109648,0.17869575198384288,0,1,0,0,0,0.0,Low,1.0,0.0,0.10026627425685572,0,0,0,0.0
2796,-1.3473006847006557,-0.6942409878079457,-0.3161991755863176,0,1,0,0,0,0.0,Low,1.0,0.0,-0.1741435771359317,0,0,0,0.0
2797,0.36177508794707425,-0.6942409878079457,-0.8166448810478301,0,1,0,0,0,0.0,Low,0.0,1.0,-0.6890180663622213,0,0,0,0.0
2798,-1.4508810345580938,-0.6942409878079457,0.9766377290116185,0,1,0,0,0,0.0,Low,1.0,0.0,1.1559682284872106,0,0,0,0.0
2799,0.5171456127332315,0.42168678787511443,-0.6727907517261574,0,1,0,0,0,0.0,Low,1.0,0.0,-0.7078077226169331,0,0,0,0.0
2800,1.5529491113076133,0.6448723430117265,-0.22365796249691172,0,1,0,0,0,0.0,Low,1.0,0.0,-0.3862648335279153,0,0,0,0.0
2801,-0.2597070111975548,-2.926096539174066,-1.3399857797965717,0,2,0,0,0,0.0,Low,1.0,0.0,-1.1264368729796141,0,0,0,0.0
2802,-0.3114971861262739,0.8680578981483386,0.710553493146033,0,1,0,0,0,0.0,Low,1.0,0.0,0.2688809850614122,0,0,0,0.0
2803,-1.1919301599144982,0.1985012327385024,-0.9075194483581532,0,2,0,0,0,0.0,Low,1.0,0.0,-0.8781025229934015,0,0,0,0.0
2804,1.6047392862363323,-0.9174265429445578,0.20793267370164975,0,1,0,0,0,0.0,Low,1.0,0.0,0.4635327140842443,0,0,0,0.0
2805,-0.7776087604847457,-0.024684322398109648,-1.0441985263597071,0,1,0,0,0,0.0,Low,1.0,0.0,-0.9781502425203255,0,0,0,0.0
2806,-1.2955105097719366,1.0912434532849506,-0.4216639555220005,0,1,0,0,0,0.0,Low,1.0,0.0,-0.5982206561867992,0,0,0,0.0
2807,-0.363287361054993,-0.024684322398109648,-0.4975245867038073,0,2,0,0,0,0.0,Low,1.0,0.0,-0.49606261135148194,0,0,0,0.0
2808,-0.0007561365539593763,-0.9174265429445578,-0.9017568087152231,0,2,0,0,0,0.0,Low,1.0,0.0,-0.7453090638877351,0,0,0,0.0
2809,0.5171456127332315,1.0912434532849506,-0.03438067363684944,0,1,0,0,0,0.0,Low,1.0,0.0,-0.3223710841978458,0,0,0,0.0
2810,-0.984769460199622,0.8680578981483386,-1.1209489768981427,0,1,0,0,0,0.0,Low,1.0,0.0,-1.0878208503473998,0,0,0,0.0
2811,0.879676837234265,0.8680578981483386,0.5448352310614786,0,1,0,0,0,0.0,Low,1.0,0.0,0.14612370025936067,0,0,0,0.0
2812,-1.08834981005706,-1.1406120980811698,0.6230969620945064,0,2,0,0,0,0.0,Low,1.0,0.0,1.0547955802616833,0,0,0,0.0
2813,0.7760964873768269,0.42168678787511443,-0.8515596977079354,0,2,0,0,0,0.0,Low,0.0,1.0,-0.8517476091632002,0,0,0,0.0
2814,1.1386277118778605,-0.2478698775347217,1.4248665747674636,0,1,0,0,0,0.0,Low,1.0,0.0,1.3245826486649386,0,0,0,0.0
2815,0.879676837234265,-0.024684322398109648,-0.404418408943526,0,1,0,0,0,0.0,Low,0.0,1.0,-0.41395638051140926,0,0,0,0.0
2816,0.1546143882321979,-1.1406120980811698,-0.946516134765334,0,2,0,0,0,0.0,Low,1.0,0.0,-0.7619308883594007,0,0,0,0.0
2817,-0.8811891103421838,0.8680578981483386,-1.2106653666331713,0,1,0,0,0,0.0,Low,1.0,0.0,-1.1542790684555246,0,0,0,0.0
2818,1.2422080617352986,-0.024684322398109648,1.317862266103645,0,1,0,0,0,0.0,Low,1.0,0.0,1.1048469693683893,0,0,0,0.0
2819,-0.2597070111975548,0.8680578981483386,-0.7826340078611252,0,1,0,0,0,0.0,Low,1.0,0.0,-0.8372110111874633,0,0,0,0.0
2820,-0.052546311482678465,0.42168678787511443,-0.5509702445686291,0,1,0,0,0,0.0,Low,1.0,0.0,-0.6097211680256751,0,0,0,0.0
2821,1.3457884115927368,0.1985012327385024,-0.61653439462373,0,3,0,0,0,0.0,Low,1.0,0.0,-0.6331595899401774,0,0,0,0.0
2822,1.0868375369491414,-0.2478698775347217,0.89874322501466,0,3,0,0,1,0.4,Medium,0.0,0.0,0.837419427528357,0,0,0,0.0
2823,-1.2437203348432175,-0.4710554326713337,0.28023402745694115,0,1,0,0,0,0.0,Low,1.0,0.0,0.34749945796273707,0,0,0,0.0
2824,0.6725161375193888,-1.810168763491006,-0.14730298722808882,0,1,0,0,0,0.0,Low,1.0,0.0,0.5026525317482544,0,0,0,0.0
2825,-0.5704480607698693,-0.024684322398109648,-1.0913024557939512,0,2,0,0,0,0.0,Low,0.0,1.0,-1.0196891199250042,0,0,0,0.0
2826,-0.6740284106273075,-0.4710554326713337,1.9328263103516197,0,1,0,0,0,0.0,Low,1.0,0.0,1.9582527660259152,0,0,0,0.0
2827,-1.08834981005706,0.1985012327385024,0.31117996730414643,0,1,0,0,0,0.0,Low,0.0,1.0,0.1477639452377137,0,0,0,0.0
2828,-0.052546311482678465,-0.4710554326713337,0.3406569990070752,0,1,0,0,0,0.0,Low,1.0,0.0,0.4063926903194249,0,0,0,0.0
2829,-0.5186578858411502,-1.3637976532177818,-1.048577002558992,0,1,0,0,0,0.0,Low,0.0,1.0,-0.8515133386675966,0,0,0,0.0
2830,-1.1919301599144982,-0.024684322398109648,-0.9713463320503121,0,1,0,0,0,0.0,Low,1.0,0.0,-0.9139051061924893,0,0,0,0.0
2831,-0.8811891103421838,-0.2478698775347217,-0.17898338114743206,0,1,0,0,0,0.0,Low,1.0,0.0,-0.16050010067582338,0,0,0,0.0
2832,0.6725161375193888,0.6448723430117265,-0.15415318386245405,0,1,0,0,0,0.0,Low,1.0,0.0,-0.33263328517862845,0,0,0,0.0
2833,-0.4668677109124311,0.42168678787511443,-0.9020675392842046,0,2,0,0,0,0.0,Low,1.0,0.0,-0.8924151476232973,0,0,0,0.0
2834,-0.6740284106273075,1.5376145635581746,-1.0423482670625899,0,3,0,0,0,0.0,Low,1.0,0.0,-1.0594530977704126,0,0,0,0.0
2835,-1.1401399849857792,0.1985012327385024,-0.6902057877058946,0,2,0,0,0,0.0,Low,1.0,0.0,-0.6951740710005414,0,0,0,0.0
2836,0.1546143882321979,-0.4710554326713337,-0.5125102745987797,0,1,0,0,0,0.0,Low,1.0,0.0,-0.4251747946047773,0,0,0,0.0
2837,0.4135652628757933,-0.024684322398109648,-1.0869098554778944,0,1,0,0,0,0.0,Low,1.0,0.0,-1.0158154794833685,0,0,0,0.0
2838,-0.8811891103421838,-0.9174265429445578,0.3505438807473963,0,2,0,0,0,0.0,Low,0.0,1.0,0.6188864304305866,0,0,0,0.0
2839,0.7243063124481078,-0.9174265429445578,0.4262350225279405,0,3,0,0,0,0.0,Low,1.0,0.0,0.701340680792085,0,0,0,0.0
2840,-0.3114971861262739,-0.024684322398109648,0.22581380553485925,0,1,0,0,0,0.0,Low,1.0,0.0,0.1418176070970383,0,0,0,0.0
2841,0.36177508794707425,0.1985012327385024,-1.0673338296320585,0,1,0,0,0,0.0,Low,1.0,0.0,-1.0126297187752298,0,0,0,0.0
2842,0.6725161375193888,-1.586983208354394,-0.6993017189069899,0,1,0,0,0,0.0,Low,1.0,0.0,-0.35687311959817297,0,0,0,0.0
2843,-0.8293989354134648,0.1985012327385024,0.5935351856909461,0,1,0,0,0,0.0,Low,1.0,0.0,0.3854425286115122,0,0,0,0.0
2844,-1.08834981005706,0.1985012327385024,-0.07987445375909863,0,1,0,0,0,0.0,Low,0.0,1.0,-0.18141453197054846,0,0,0,0.0
2845,-1.08834981005706,0.6448723430117265,1.4556712734469497,0,3,0,0,0,0.0,Low,0.0,1.0,0.9095457406711289,0,0,0,0.0
2846,-0.15612666134011663,0.1985012327385024,1.181409173970441,0,1,0,0,0,0.0,Low,1.0,0.0,0.8802981134839173,0,0,0,0.0
2847,-1.65804173427297,0.42168678787511443,-0.28032391898572373,0,1,0,0,0,0.0,Low,0.0,1.0,-0.3918041176978274,0,0,0,0.0
2848,-0.9329792852709029,0.8680578981483386,-0.712451271621617,0,3,0,0,0,0.0,Low,1.0,0.0,-0.7852225216126408,0,0,0,0.0
2849,-1.2955105097719366,-0.4710554326713337,0.5292987026124024,0,1,0,0,0,0.0,Low,1.0,0.0,0.5902585181258589,0,0,0,0.0
2850,0.20640456316091696,1.5376145635581746,0.6673054475905137,0,2,0,0,0,0.0,Low,1.0,0.0,0.07129804513423765,0,0,0,0.0
2851,1.0350473620204224,0.6448723430117265,0.8477269152346026,0,1,0,0,0,0.0,Low,1.0,0.0,0.4404413440854045,0,0,0,0.0
2852,1.1386277118778605,1.0912434532849506,-0.09483189342052721,0,3,0,0,0,0.0,Low,1.0,0.0,-0.3654285666235467,0,0,0,0.0
2853,0.5689357876619505,-0.2478698775347217,-0.7848938665446272,0,1,0,0,0,0.0,Low,1.0,0.0,-0.7215421147305403,0,0,0,0.0
2854,-0.0007561365539593763,-0.6942409878079457,0.20811628721968445,0,3,0,0,0,0.0,Low,1.0,0.0,0.3652888790917247,0,0,0,0.0
2855,-1.2955105097719366,-0.4710554326713337,0.26062975337756134,0,1,0,1,0,0.2,Low,1.0,0.0,0.32839150880166085,0,0,1,0.0
2856,-1.3473006847006557,1.0912434532849506,0.4860365329401117,0,1,0,0,0,0.0,Low,1.0,0.0,0.04830555072210237,0,0,0,0.0
2857,-1.3990908596293747,-0.9174265429445578,-0.6479040579740919,0,1,0,0,0,0.0,Low,0.0,1.0,-0.46877421750833426,0,0,0,0.0
2858,0.1028242133034788,-0.024684322398109648,0.1965627597002805,0,1,0,0,0,0.0,Low,1.0,0.0,0.11602240016897532,0,0,0,0.0
2859,-0.8293989354134648,-1.586983208354394,-1.1393950734022278,0,1,0,0,0,0.0,Low,1.0,0.0,-0.9390214918856032,0,0,0,0.0
2860,-1.606251559344251,-0.9174265429445578,0.6153004496364246,0,3,0,0,0,0.0,Low,1.0,0.0,0.9072993662444113,0,0,0,0.0
2861,-0.3114971861262739,-0.024684322398109648,-0.13067890178757743,0,1,0,0,0,0.0,Low,1.0,0.0,-0.17255758501513344,0,0,0,0.0
2862,0.5171456127332315,0.6448723430117265,-0.7326770068389599,0,1,0,0,0,0.0,Low,1.0,0.0,-0.7790360936295097,0,0,0,0.0
2863,-0.6740284106273075,-0.024684322398109648,1.3782287411866916,0,1,1,0,0,0.3,Medium,1.0,0.0,1.158081500710997,0,0,1,0.0
2864,-0.3114971861262739,-0.9174265429445578,-0.5580181788378008,0,2,0,0,0,0.0,Low,1.0,0.0,-0.3708569103053906,0,0,0,0.0
2865,1.0350473620204224,0.1985012327385024,-0.12059428241244974,0,1,0,0,0,0.0,Low,1.0,0.0,-0.21569132432043886,0,0,0,0.0
2866,1.0350473620204224,0.6448723430117265,-0.6668868709155086,0,3,0,0,0,0.0,Low,1.0,0.0,-0.7282708523755007,0,0,0,0.0
2867,1.6047392862363323,-1.810168763491006,-0.22002806448653678,0,1,0,0,0,0.0,Low,1.0,0.0,0.39905300978099545,0,0,0,0.0
2868,-0.6740284106273075,-0.6942409878079457,0.2819430455863396,0,1,0,0,0,0.0,Low,1.0,0.0,0.44124420069891085,0,0,0,0.0
2869,-1.08834981005706,-0.2478698775347217,-0.6159411817193108,0,1,1,0,0,0.3,Medium,1.0,0.0,-0.5651005992611233,0,0,1,0.0
2870,1.1904178868065796,-0.4710554326713337,-0.4117064531978198,0,2,0,0,0,0.0,Low,0.0,1.0,-0.32692304160578656,0,0,0,0.0
2871,0.7760964873768269,1.5376145635581746,0.5893261988929237,0,1,0,0,0,0.0,Low,1.0,0.0,0.019723200572491374,0,0,0,0.0
2872,1.0350473620204224,2.207171228968011,-1.2496479289235805,0,2,0,0,0,0.0,Low,0.0,1.0,-1.2073688274587557,0,0,0,0.0
2873,-1.2437203348432175,1.9839856738313988,0.6768533505283095,0,1,0,0,0,0.0,Low,1.0,0.0,-0.014778355772624072,0,0,0,0.0
2874,0.9832571870917033,-0.2478698775347217,0.9638130309827448,0,1,0,0,1,0.4,Medium,0.0,0.0,0.8976707284619471,0,0,0,0.0
2875,0.5171456127332315,0.42168678787511443,-0.9477731811580322,0,3,0,0,0,0.0,Low,1.0,0.0,-0.9292160856705218,0,0,0,0.0
2876,0.6725161375193888,0.6448723430117265,-1.1988858532454172,0,1,0,0,0,0.0,Low,1.0,0.0,-1.1387739818459812,0,0,0,0.0
2877,0.9832571870917033,-0.2478698775347217,-1.0555260680107608,0,1,0,0,1,0.4,Medium,0.0,0.0,-0.9721336444002865,0,0,0,0.0
2878,0.6207259625906697,-1.1406120980811698,-0.8827881198905785,0,2,0,0,0,0.0,Low,1.0,0.0,-0.6881697993067747,0,0,0,0.0
2879,-1.08834981005706,0.42168678787511443,-1.013365579446677,0,1,0,0,0,0.0,Low,1.0,0.0,-0.9820292983687019,0,0,0,0.0
2880,0.1546143882321979,-1.1406120980811698,0.3766452485418441,0,1,0,0,0,0.0,Low,1.0,0.0,0.7695435317512065,0,0,0,0.0
2881,-0.5186578858411502,-1.1406120980811698,-0.36224379626267034,0,1,0,0,0,0.0,Low,1.0,0.0,-0.08567313772997225,0,0,0,0.0
2882,-1.65804173427297,-0.9174265429445578,0.04259576276993658,0,3,0,0,0,0.0,Low,0.0,1.0,0.28342272066537905,0,0,0,0.0
2883,-1.036559635128341,1.3144290084215626,0.8303401274884095,0,2,0,0,0,0.0,Low,1.0,0.0,0.23421617947496207,0,0,0,0.0
2884,-1.2437203348432175,0.6448723430117265,0.513945787681361,0,1,0,0,0,0.0,Low,1.0,0.0,0.18288784874089217,0,0,0,0.0
2885,0.051034038374759706,-0.4710554326713337,1.803336407786957,0,1,0,0,0,0.0,Low,1.0,0.0,1.8320411825181746,0,0,0,0.0
2886,-0.4668677109124311,-1.1406120980811698,1.1316922829333977,0,1,1,0,0,0.3,Medium,1.0,0.0,1.6434620376411182,0,0,1,0.0
2887,-1.606251559344251,-1.810168763491006,-0.4479348127177108,0,2,0,0,0,0.0,Low,1.0,0.0,0.0743915441636544,0,0,0,0.0
2888,-0.8811891103421838,2.4303567841046227,0.20818690780354382,0,1,0,0,0,0.0,Low,1.0,0.0,-0.36684642034536263,0,0,0,0.0
2889,-1.1401399849857792,-1.1406120980811698,1.8804682094782332,0,2,0,0,0,0.0,Low,1.0,0.0,2.510122138491277,0,0,0,0.0
2890,1.0350473620204224,0.1985012327385024,-0.5582159164726073,0,1,0,0,0,0.0,Low,1.0,0.0,-0.5840687555271709,0,0,0,0.0
2891,-0.5186578858411502,0.6448723430117265,0.3070133528564396,0,1,0,0,0,0.0,Low,0.0,1.0,0.023213836372389884,0,0,0,0.0
2892,-0.2597070111975548,1.0912434532849506,2.5247115477943307,0,1,0,0,0,0.0,Low,1.0,0.0,1.5003889650505313,0,0,0,0.0
2893,0.4653554378045124,-0.024684322398109648,0.45037313809109614,0,1,0,0,0,0.0,Low,1.0,0.0,0.33984657616959857,0,0,0,0.0
2894,-0.4668677109124311,0.6448723430117265,-0.929990918142226,0,2,0,0,0,0.0,Low,1.0,0.0,-0.9312882233672733,0,0,0,0.0
2895,1.3457884115927368,-0.6942409878079457,-1.1861176516836311,0,2,0,0,0,0.0,Low,1.0,0.0,-1.0691434265922537,0,0,0,0.0
2896,1.6047392862363323,-1.1406120980811698,-0.8379299250230643,0,1,0,0,0,0.0,Low,1.0,0.0,-0.6362493164098021,0,0,0,0.0
2897,-0.3114971861262739,-1.586983208354394,-0.39446090661934546,0,1,0,0,1,0.4,Medium,0.0,0.0,0.046365377114802556,0,0,0,0.0
2898,-0.9329792852709029,0.8680578981483386,2.3056888690126742,0,2,0,0,0,0.0,Low,1.0,0.0,1.450491781421189,0,0,0,0.0
2899,0.6725161375193888,2.207171228968011,0.9125989835678814,0,1,0,0,0,0.0,Low,0.0,1.0,0.08432773648284417,0,0,0,0.0
2900,1.2422080617352986,-0.6942409878079457,-0.5703767810132023,0,1,0,0,0,0.0,Low,1.0,0.0,-0.43564959734693603,0,0,0,0.0
2901,-0.363287361054993,-0.6942409878079457,-0.9055138237765451,0,1,0,0,0,0.0,Low,1.0,0.0,-0.7804492665826946,0,0,0,0.0
2902,0.9832571870917033,-1.810168763491006,-0.9104996369970213,0,2,0,0,0,0.0,Low,1.0,0.0,-0.5845488995006946,0,0,0,0.0
2903,0.4135652628757933,0.1985012327385024,3.025849334977665,0,1,0,0,0,0.0,Low,1.0,0.0,2.43289532450976,0,0,0,0.0
2904,1.2939982366640177,-0.4710554326713337,-0.9664170152969234,0,2,0,0,0,0.0,Low,1.0,0.0,-0.8675898970467785,0,0,0,0.0
2905,0.6725161375193888,-0.024684322398109648,0.6578846617036648,0,2,0,0,0,0.0,Low,0.0,1.0,0.5228418345892507,0,0,0,0.0
2906,-0.0007561365539593763,0.6448723430117265,0.5780551537089575,0,2,0,0,0,0.0,Low,1.0,0.0,0.2323561677730833,0,0,0,0.0
2907,0.1546143882321979,1.0912434532849506,-0.4647707599098006,0,3,0,0,0,0.0,Low,0.0,1.0,-0.6289242628137242,0,0,0,0.0
2908,-1.4508810345580938,1.3144290084215626,-1.0017555554601856,0,2,0,0,0,0.0,Low,0.0,1.0,-1.0223961012411311,0,0,0,0.0
2909,-1.3990908596293747,-0.2478698775347217,0.2292177176768839,0,1,0,0,0,0.0,Low,1.0,0.0,0.21747316788976967,0,0,0,0.0
2910,-0.4668677109124311,1.7608001186947866,2.11954713407597,0,1,0,0,0,0.0,Low,1.0,0.0,0.9511073814579346,0,0,0,0.0
2911,-0.052546311482678465,1.7608001186947866,-1.0511334676947037,0,1,0,0,0,0.0,Low,1.0,0.0,-1.0736426305446158,0,0,0,0.0
2912,1.0868375369491414,0.1985012327385024,-0.17485913905004102,0,1,0,0,1,0.4,Medium,0.0,0.0,-0.2613699355616042,0,0,0,0.0
2913,1.2422080617352986,-0.6942409878079457,0.5056690552530348,0,1,0,0,0,0.0,Low,1.0,0.0,0.6714206488063958,0,0,0,0.0
2914,-1.3990908596293747,0.6448723430117265,1.9691394145721421,0,1,0,0,0,0.0,Low,1.0,0.0,1.305750030183417,0,0,0,0.0
2915,1.1904178868065796,-0.6942409878079457,-1.2434474416607217,0,1,0,0,0,0.0,Low,1.0,0.0,-1.1281261414197967,0,0,0,0.0
2916,-1.1401399849857792,-0.024684322398109648,0.34545919870951697,0,1,0,0,0,0.0,Low,1.0,0.0,0.247327601248473,0,0,0,0.0
2917,-0.9329792852709029,0.8680578981483386,1.9219507404372667,0,2,0,0,0,0.0,Low,1.0,0.0,1.1662343305742673,0,0,0,0.0
2918,0.4653554378045124,1.0912434532849506,0.6670935858389356,0,2,0,0,0,0.0,Low,1.0,0.0,0.1772667346508549,0,0,0,0.0
2919,-1.3990908596293747,0.42168678787511443,-0.7143862756193656,0,3,0,0,0,0.0,Low,1.0,0.0,-0.7412993056049048,0,0,0,0.0
2920,0.879676837234265,-0.024684322398109648,-0.13310824987234193,0,1,0,0,0,0.0,Low,1.0,0.0,-0.17469991992176148,0,0,0,0.0
2921,-0.10433648641139755,-0.4710554326713337,0.8824863666102176,0,1,0,0,0,0.0,Low,1.0,0.0,0.934504466772736,0,0,0,0.0
2922,-1.3473006847006557,-0.024684322398109648,0.9959312725220166,0,1,0,0,0,0.0,Low,1.0,0.0,0.8209502279336535,0,0,0,0.0
2923,0.5689357876619505,-1.586983208354394,0.6414865621315037,0,1,0,0,0,0.0,Low,1.0,0.0,1.4166999357910715,0,0,0,0.0
2924,1.2939982366640177,-0.024684322398109648,-0.036372174101685514,0,1,0,0,0,0.0,Low,1.0,0.0,-0.08939264215725015,0,0,0,0.0
2925,-1.554461384415532,-0.9174265429445578,-0.31961721184511444,0,1,0,0,0,0.0,Low,1.0,0.0,-0.1111544860001601,0,0,0,0.0
2926,1.7083196360937705,-1.810168763491006,1.1178082761466326,0,1,0,0,0,0.0,Low,1.0,0.0,2.304849615090526,0,0,0,0.0
2927,-0.2597070111975548,0.1985012327385024,0.24527683844651996,0,2,0,0,0,0.0,Low,1.0,0.0,0.09228856781676692,0,0,0,0.0
2928,-0.2597070111975548,-0.024684322398109648,-0.09873014964956826,0,2,0,0,0,0.0,Low,1.0,0.0,-0.14438338990587316,0,0,0,0.0
2929,-0.3114971861262739,0.1985012327385024,-0.7697951857154798,0,1,0,0,0,0.0,Low,1.0,0.0,-0.7621701601062066,0,0,0,0.0
2930,0.5171456127332315,-0.9174265429445578,-0.8046817541420413,0,1,0,0,0,0.0,Low,1.0,0.0,-0.6395602184437011,0,0,0,0.0
2931,-1.554461384415532,-0.024684322398109648,-0.2924282870592313,0,1,0,0,0,0.0,Low,1.0,0.0,-0.315197232402954,0,0,0,0.0
2932,-1.2955105097719366,-0.024684322398109648,0.43021802345761295,0,1,0,0,0,0.0,Low,0.0,1.0,0.3220726697058875,0,0,0,0.0
2933,-1.5026712094868129,0.6448723430117265,0.3363773916251933,0,3,0,0,0,0.0,Low,0.0,1.0,0.04587183048297051,0,0,0,0.0
2934,1.1386277118778605,-0.9174265429445578,0.2606580016111054,0,2,0,0,0,0.0,Low,0.0,1.0,0.5209691232276431,0,0,0,0.0
2935,0.827886662305546,1.5376145635581746,-0.15512774791971437,0,1,0,0,0,0.0,Low,1.0,0.0,-0.4726526203223684,0,0,0,0.0
2936,-0.984769460199622,1.0912434532849506,0.9633186868957286,0,1,0,0,0,0.0,Low,1.0,0.0,0.38825845869623477,0,0,0,0.0
2937,-0.10433648641139755,0.6448723430117265,1.2860830033668984,0,1,0,0,0,0.0,Low,1.0,0.0,0.7786873783403251,0,0,0,0.0
2938,-0.3114971861262739,-0.4710554326713337,-0.9666288770485016,0,1,0,0,0,0.0,Low,1.0,0.0,-0.8677963950564445,0,0,0,0.0
2939,-0.6222382356985884,0.1985012327385024,-0.6710534853632152,0,3,0,0,0,0.0,Low,1.0,0.0,-0.6790522082095418,0,0,0,0.0
2940,-0.8811891103421838,0.1985012327385024,2.956415176927067,0,2,0,0,0,0.0,Low,1.0,0.0,2.374447627252714,0,0,0,0.0
2941,1.2939982366640177,-1.3637976532177818,-0.34773832833794205,0,1,0,0,0,0.0,Low,0.0,1.0,0.01374085490008749,0,0,0,0.0
2942,1.1904178868065796,-0.2478698775347217,-0.3235719645412428,0,1,0,0,0,0.0,Low,1.0,0.0,-0.2943817085892511,0,0,0,0.0
2943,-0.41507753598371205,0.1985012327385024,-0.8153454623048164,0,2,0,0,0,0.0,Low,1.0,0.0,-0.8005130859918803,0,0,0,0.0
2944,-0.4668677109124311,0.8680578981483386,1.0059876436636004,0,1,0,0,0,0.0,Low,1.0,0.0,0.48772647438251554,0,0,0,0.0
2945,-1.2437203348432175,-1.586983208354394,3.690925745532297,0,1,0,0,0,0.0,Low,1.0,0.0,5.450448773108477,0,0,0,0.0
2946,0.5689357876619505,2.653542339241235,-0.8139330506276277,0,1,0,0,0,0.0,Low,1.0,0.0,-0.968968321929497,0,0,0,0.0
2947,-1.1919301599144982,0.6448723430117265,1.1120315123869307,0,1,0,0,0,0.0,Low,0.0,1.0,0.6443850880927613,0,0,0,0.0
2948,0.9832571870917033,-0.4710554326713337,-0.8873360854911263,0,1,0,0,0,0.0,Low,1.0,0.0,-0.790511073305522,0,0,0,0.0
2949,-0.3114971861262739,0.42168678787511443,0.8579810240109929,0,1,0,0,0,0.0,Low,0.0,1.0,0.5247280207570431,0,0,0,0.0
2950,1.6047392862363323,-1.810168763491006,-0.8768418667296138,0,1,0,0,0,0.0,Low,1.0,0.0,-0.5366021795845987,0,0,0,0.0
2951,0.7760964873768269,0.6448723430117265,-1.257599806666153,0,1,0,0,0,0.0,Low,0.0,1.0,-1.1840790715610767,0,0,0,0.0
2952,0.6725161375193888,0.6448723430117265,2.9228421513602916,0,1,0,0,0,0.0,Low,1.0,0.0,2.0416498552573628,0,0,0,0.0
2953,0.9314670121629842,-0.2478698775347217,-0.5912522256020517,0,2,0,0,0,0.0,Low,1.0,0.0,-0.5422398929377207,0,0,0,0.0
2954,1.0350473620204224,0.42168678787511443,-1.109522566429686,0,1,0,0,0,0.0,Low,1.0,0.0,-1.0594522854594015,0,0,0,0.0
2955,1.3457884115927368,-1.810168763491006,-0.03539761004442537,0,2,0,0,0,0.0,Low,1.0,0.0,0.6620658183178009,0,0,0,0.0
2956,1.1904178868065796,0.1985012327385024,0.44921496051580145,0,1,0,0,1,0.4,Medium,0.0,0.0,0.2639578722704852,0,0,0,0.0
2957,0.6725161375193888,-0.9174265429445578,1.184078632040328,0,1,0,0,0,0.0,Low,1.0,0.0,1.5268986687369541,0,0,0,0.0
2958,-0.15612666134011663,-1.1406120980811698,-0.3922434202861591,0,2,0,0,0,0.0,Low,1.0,0.0,-0.1203957780552776,0,0,0,0.0
2959,0.6207259625906697,-0.024684322398109648,-0.44006767967576965,0,1,0,0,0,0.0,Low,0.0,1.0,-0.4453938997226265,0,0,0,0.0
2960,-0.41507753598371205,-1.3637976532177818,-0.5819444326493781,0,1,0,0,0,0.0,Low,1.0,0.0,-0.2754095892300887,0,0,0,0.0
2961,-1.5026712094868129,-0.2478698775347217,-0.13498675740300303,0,1,0,0,0,0.0,Low,1.0,0.0,-0.11976148500225407,0,0,0,0.0
2962,0.9314670121629842,0.8680578981483386,0.595936285542167,0,1,0,0,0,0.0,Low,1.0,0.0,0.183977263407219,0,0,0,0.0
2963,1.0350473620204224,0.42168678787511443,0.12974156325248157,0,2,0,0,0,0.0,Low,1.0,0.0,-0.061630559500958526,0,0,0,0.0
2964,-0.052546311482678465,0.1985012327385024,-0.6082152898450884,0,1,0,0,0,0.0,Low,0.0,1.0,-0.6261568044063289,0,0,0,0.0
2965,0.827886662305546,0.8680578981483386,-0.18307937501127935,0,1,0,0,0,0.0,Low,1.0,0.0,-0.3930855545640701,0,0,0,0.0
2966,0.20640456316091696,0.1985012327385024,-1.019495446125676,0,1,0,0,0,0.0,Low,1.0,0.0,-0.9723607296357643,0,0,0,0.0
2967,-0.363287361054993,1.0912434532849506,-0.368938627612545,0,1,0,0,0,0.0,Low,1.0,0.0,-0.5606660809776539,0,0,0,0.0
2968,-0.984769460199622,0.6448723430117265,-0.47929035195130076,0,2,0,0,0,0.0,Low,0.0,1.0,-0.5835168948109353,0,0,0,0.0
2969,1.3975785865214558,-0.4710554326713337,1.1983016176296184,0,1,0,0,0,0.0,Low,1.0,0.0,1.2423241665145643,0,0,0,0.0
2970,-0.6740284106273075,-0.024684322398109648,-0.03388632954983335,0,1,0,0,0,0.0,Low,0.0,1.0,-0.08720048550860751,0,0,0,0.0
2971,0.6207259625906697,0.8680578981483386,-0.3575687136111757,0,1,0,0,0,0.0,Low,1.0,0.0,-0.5223400927422464,0,0,0,0.0
2972,-1.4508810345580938,1.0912434532849506,-0.24227354840225934,0,1,0,0,0,0.0,Low,1.0,0.0,-0.47044657107258697,0,0,0,0.0
2973,0.20640456316091696,0.6448723430117265,-0.3694188475827892,0,1,0,0,0,0.0,Low,0.0,1.0,-0.49873741612589123,0,0,0,0.0
2974,1.4493687614501751,0.1985012327385024,-0.9409512327572105,0,1,0,0,0,0.0,Low,1.0,0.0,-0.9062444472015843,0,0,0,0.0
2975,1.4493687614501751,0.1985012327385024,0.5699055383315785,0,1,0,0,0,0.0,Low,1.0,0.0,0.3655517642683395,0,0,0,0.0
2976,0.6207259625906697,1.0912434532849506,-1.3201837680823858,0,2,0,0,0,0.0,Low,1.0,0.0,-1.2382077594562833,0,0,0,0.0
2977,-1.08834981005706,-0.2478698775347217,-0.5971843546462445,0,2,0,0,0,0.0,Low,1.0,0.0,-0.5477327399948312,0,0,0,0.0
2978,-1.606251559344251,-0.2478698775347217,-0.7822244084747405,0,1,0,1,0,0.2,Low,1.0,0.0,-0.7190703335548406,0,0,1,0.0
2979,-1.4508810345580938,-0.2478698775347217,-0.5816195779636246,0,1,0,0,1,0.4,Medium,0.0,0.0,-0.5333205555735556,0,0,0,0.0
2980,-1.3473006847006557,-0.9174265429445578,0.5387053643824795,0,1,0,0,0,0.0,Low,0.0,1.0,0.8238604038054479,0,0,0,0.0
2981,0.5171456127332315,-1.1406120980811698,-0.3500405593717597,0,1,0,0,0,0.0,Low,1.0,0.0,-0.07154867386883111,0,0,0,0.0
2982,-0.052546311482678465,-0.4710554326713337,-0.22864377571738792,0,2,0,0,0,0.0,Low,1.0,0.0,-0.14849499472055208,0,0,0,0.0
2983,0.827886662305546,-1.3637976532177818,0.46038713688236416,0,3,0,1,0,0.2,Low,1.0,0.0,1.0114511317878063,0,0,1,0.0
2984,-1.1919301599144982,-1.586983208354394,0.36500697632180895,0,1,0,0,0,0.0,Low,1.0,0.0,1.050977210815095,0,0,0,0.0
2985,-0.3114971861262739,-1.586983208354394,0.2740617884276262,0,1,0,0,0,0.0,Low,1.0,0.0,0.9306763870030739,0,0,0,0.0
2986,0.36177508794707425,0.1985012327385024,-0.21360159135532794,0,1,0,0,0,0.0,Low,0.0,1.0,-0.29398222880327934,0,0,0,0.0
2987,-0.9329792852709029,-0.2478698775347217,1.090294496674996,0,1,0,0,0,0.0,Low,1.0,0.0,1.0147860746439092,0,0,0,0.0
2988,0.7243063124481078,-1.586983208354394,-0.8002044091253532,0,1,0,0,0,0.0,Low,0.0,1.0,-0.4903455664553058,0,0,0,0.0
2989,1.1386277118778605,-0.024684322398109648,-0.35677776307194997,0,1,0,0,0,0.0,Low,1.0,0.0,-0.37194419655759164,0,0,0,0.0
2990,1.5529491113076133,0.6448723430117265,-0.5639220596484497,0,1,0,0,0,0.0,Low,1.0,0.0,-0.6488207431565816,0,0,0,0.0
2991,1.2939982366640177,0.6448723430117265,-0.5273264730924896,0,1,0,0,0,0.0,Low,1.0,0.0,-0.620582713940365,0,0,0,0.0
2992,1.4493687614501751,0.42168678787511443,-0.8672374673247305,0,1,0,0,0,0.0,Low,1.0,0.0,-0.8643709222758144,0,0,0,0.0
2993,-1.1919301599144982,0.6448723430117265,0.7471208314684491,0,1,0,0,0,0.0,Low,1.0,0.0,0.3628112853794564,0,0,0,0.0
2994,-0.8293989354134648,0.1985012327385024,0.40133420465910324,0,2,0,1,1,0.6000000000000001,High,0.0,0.0,0.22365321529298635,0,0,1,0.0
2995,-0.7776087604847457,1.7608001186947866,-0.38012492809587967,0,2,0,1,0,0.2,Low,1.0,0.0,-0.6451464433702263,0,0,1,0.0
2996,1.0868375369491414,3.099913449514459,0.2024666405109295,0,3,0,0,0,0.0,Low,0.0,1.0,-0.45056539654374267,0,0,0,0.0
2997,-0.41507753598371205,0.1985012327385024,0.8389134663689449,0,1,0,0,0,0.0,Low,1.0,0.0,0.5919949786616848,0,0,0,0.0
2998,-1.4508810345580938,-0.024684322398109648,1.8697197566148274,0,1,0,0,1,0.4,Medium,0.0,0.0,1.591505745367073,0,0,0,0.0
2999,-1.554461384415532,0.1985012327385024,-1.056613625002196,0,1,0,0,0,0.0,Low,1.0,0.0,-1.0036057557528342,0,0,0,0.0
3000,-0.2597070111975548,0.6448723430117265,-0.32615667791049824,0,2,0,0,0,0.0,Low,0.0,1.0,-0.46535529204666637,0,0,0,0.0
3001,1.2939982366640177,0.8680578981483386,1.2868598297893523,0,1,0,0,0,0.0,Low,1.0,0.0,0.6957850583400361,0,0,0,0.0
3002,-0.8811891103421838,-0.9174265429445578,3.1167097781712165,0,1,0,0,0,0.0,Low,1.0,0.0,3.6322130903575056,0,0,0,0.0
3003,0.4653554378045124,-1.810168763491006,0.10009504214829001,0,1,0,0,0,0.0,Low,0.0,1.0,0.8550800374345062,0,0,0,0.0
3004,1.6565294611650514,-0.6942409878079457,0.7052145770062596,0,3,0,0,0,0.0,Low,1.0,0.0,0.8767194404012547,0,0,0,0.0
3005,-0.0007561365539593763,-0.024684322398109648,-1.3682198892235746,0,2,0,0,0,0.0,Low,1.0,0.0,-1.2638903884096018,0,0,0,0.0
3006,-1.3473006847006557,-1.1406120980811698,0.1584700167665003,0,1,0,0,0,0.0,Low,1.0,0.0,0.5170196969560126,0,0,0,0.0
3007,-1.08834981005706,-0.2478698775347217,-0.4094042221640022,0,2,0,0,0,0.0,Low,0.0,1.0,-0.3738579742227277,0,0,0,0.0
3008,-1.3473006847006557,0.1985012327385024,0.5631965828649321,0,1,0,0,0,0.0,Low,1.0,0.0,0.3599043565797519,0,0,0,0.0
3009,1.6047392862363323,0.8680578981483386,2.0040542312322476,0,1,0,0,0,0.0,Low,1.0,0.0,1.2270532257037587,0,0,0,0.0
3010,0.4653554378045124,0.8680578981483386,-0.22319186664343954,0,2,0,0,0,0.0,Low,1.0,0.0,-0.422799241501582,0,0,0,0.0
3011,0.25819473808963606,1.5376145635581746,-0.26745684860653435,0,1,0,0,0,0.0,Low,1.0,0.0,-0.5469461792427756,0,0,0,0.0
3012,1.2939982366640177,-0.6942409878079457,-0.6670139879664554,0,1,0,1,0,0.2,Low,0.0,1.0,-0.5350730353489194,0,0,1,0.0
3013,0.5171456127332315,-0.6942409878079457,-1.3144917490233152,0,2,0,0,0,0.0,Low,1.0,0.0,-1.2012187887670605,0,0,0,0.0
3014,-1.2955105097719366,-0.024684322398109648,-0.6154892099826105,0,1,0,0,0,0.0,Low,1.0,0.0,-0.600090408677982,0,0,0,0.0
3015,0.1546143882321979,-0.024684322398109648,-1.082305393410259,0,3,0,0,0,0.0,Low,0.0,1.0,-1.011755007509178,0,0,0,0.0
3016,0.1028242133034788,-0.9174265429445578,-1.0446787463299512,0,1,0,0,0,0.0,Low,1.0,0.0,-0.901001275010706,0,0,0,0.0
3017,-0.3114971861262739,-0.024684322398109648,0.17800367026202038,0,1,0,0,0,0.0,Low,1.0,0.0,0.09965595791717677,0,0,0,0.0
3018,0.4135652628757933,-1.3637976532177818,-0.9899901661892032,0,1,0,0,0,0.0,Low,1.0,0.0,-0.7791821336107898,0,0,0,0.0
3019,0.4653554378045124,-0.4710554326713337,-0.14412506095441416,0,2,0,0,0,0.0,Low,1.0,0.0,-0.06611605539787323,0,0,0,0.0
3020,0.4135652628757933,-0.4710554326713337,2.7762761916184164,0,1,0,0,0,0.0,Low,1.0,0.0,2.7803488755734453,0,0,0,0.0
3021,1.6565294611650514,-0.4710554326713337,-0.5308292540519177,0,1,0,0,0,0.0,Low,1.0,0.0,-0.44302998917388065,0,0,0,0.0
3022,1.0868375369491414,0.42168678787511443,-1.042687245865115,0,1,0,0,0,0.0,Low,1.0,0.0,-1.0056383055955367,0,0,0,0.0
3023,0.7243063124481078,0.6448723430117265,2.1261007242581265,0,2,0,0,0,0.0,Low,1.0,0.0,1.4268651280914895,0,0,0,0.0
3024,-0.6222382356985884,-0.2478698775347217,-0.8846948756547832,0,1,0,0,0,0.0,Low,1.0,0.0,-0.8139527273627842,0,0,0,0.0
3025,-0.363287361054993,0.1985012327385024,-0.588582767532165,0,1,0,0,0,0.0,Low,1.0,0.0,-0.6096307061176199,0,0,0,0.0
3026,1.7083196360937705,0.1985012327385024,0.9835161738795277,0,1,0,0,0,0.0,Low,1.0,0.0,0.7137174205896004,0,0,0,0.0
3027,-1.08834981005706,-0.2478698775347217,-0.9561770306373051,0,1,0,0,0,0.0,Low,1.0,0.0,-0.8801415344009652,0,0,0,0.0
3028,0.5689357876619505,-2.033354318627618,-0.6464351498298156,0,1,0,0,0,0.0,Low,1.0,0.0,-0.11672298151113827,0,0,0,0.0
3029,-1.2437203348432175,1.0912434532849506,-0.9802868979669168,0,1,0,0,0,0.0,Low,1.0,0.0,-0.996110022406168,0,0,0,0.0
3030,-1.2955105097719366,-1.1406120980811698,0.9601972570891417,0,2,0,0,0,0.0,Low,1.0,0.0,1.4449675466666094,0,0,0,0.0
3031,1.0350473620204224,0.1985012327385024,-0.9975889410124789,0,1,0,0,0,0.0,Low,1.0,0.0,-0.9539204573726078,0,0,0,0.0
3032,-0.363287361054993,0.8680578981483386,0.33177292955755805,0,1,0,0,0,0.0,Low,1.0,0.0,-0.01170410518161271,0,0,0,0.0
3033,-0.0007561365539593763,-0.024684322398109648,-0.31350146928288714,0,1,0,0,0,0.0,Low,1.0,0.0,-0.33378074217440257,0,0,0,0.0
3034,-1.7098319092016891,-0.024684322398109648,-0.6822256617297783,0,3,0,0,0,0.0,Low,1.0,0.0,-0.6589423414327368,0,0,0,0.0
3035,-0.10433648641139755,1.5376145635581746,-0.3328091369100571,0,1,0,0,0,0.0,Low,1.0,0.0,-0.5901696542993232,0,0,0,0.0
3036,1.7083196360937705,-0.4710554326713337,-0.5787100099086158,0,2,0,0,0,0.0,Low,0.0,1.0,-0.4896985393583529,0,0,0,0.0
3037,-0.7258185855560266,0.1985012327385024,-0.802464267808855,0,2,0,0,0,0.0,Low,0.0,1.0,-0.789670063229792,0,0,0,0.0
3038,0.051034038374759706,-0.024684322398109648,-1.2295775589907285,0,1,0,0,0,0.0,Low,1.0,0.0,-1.1416278335057555,0,0,0,0.0
3039,-0.8811891103421838,0.1985012327385024,-0.9652164653713129,0,1,0,0,0,0.0,Low,1.0,0.0,-0.9266702291152548,0,0,0,0.0
3040,-0.8293989354134648,0.8680578981483386,-0.03709250405705176,0,1,0,0,0,0.0,Low,1.0,0.0,-0.28494447421684405,0,0,0,0.0
3041,0.5689357876619505,0.6448723430117265,-0.48082988067943655,0,2,0,0,0,0.0,Low,1.0,0.0,-0.5847048319720961,0,0,0,0.0
3042,0.9832571870917033,-0.9174265429445578,0.30721109049124584,0,2,0,0,0,0.0,Low,1.0,0.0,0.5716817952170998,0,0,0,0.0
3043,1.6047392862363323,0.6448723430117265,-0.14720411841068554,0,2,0,0,0,0.0,Low,1.0,0.0,-0.3272712201943064,0,0,0,0.0
3044,-1.7098319092016891,0.8680578981483386,-1.3612284514214903,0,1,0,0,0,0.0,Low,1.0,0.0,-1.2658100201294245,0,0,0,0.0
3045,1.2422080617352986,-0.2478698775347217,0.1775516985253201,0,1,0,0,0,0.0,Low,1.0,0.0,0.16963308566379343,0,0,0,0.0
3046,-0.41507753598371205,-0.2478698775347217,-1.029269334931822,0,1,0,0,0,0.0,Low,1.0,0.0,-0.9478212570689332,0,0,0,0.0
3047,-0.7258185855560266,0.42168678787511443,-0.2389402568440939,0,1,0,0,0,0.0,Low,1.0,0.0,-0.35848312002218846,0,0,0,0.0
3048,-1.2437203348432175,0.8680578981483386,-1.1617111779018097,0,1,0,0,0,0.0,Low,1.0,0.0,-1.1180158153127726,0,0,0,0.0
3049,1.2939982366640177,0.42168678787511443,0.8906218578708247,0,1,0,0,0,0.0,Low,1.0,0.0,0.5510095312104227,0,0,0,0.0
3050,0.36177508794707425,-0.6942409878079457,0.596049278476342,0,1,0,0,0,0.0,Low,1.0,0.0,0.7644067025589086,0,0,0,0.0
3051,-1.5026712094868129,-0.6942409878079457,-0.443782322386776,0,1,0,0,0,0.0,Low,1.0,0.0,-0.30540518419116647,0,0,0,0.0
3052,1.6047392862363323,0.8680578981483386,0.5413324501020504,0,1,0,0,0,0.0,Low,1.0,0.0,0.14352898393524002,0,0,0,0.0
3053,-0.8811891103421838,0.1985012327385024,-0.9341999049402483,0,2,0,0,0,0.0,Low,1.0,0.0,-0.9005613716749635,0,0,0,0.0
3054,-0.6222382356985884,1.7608001186947866,-0.7294425840981975,0,1,0,0,0,0.0,Low,1.0,0.0,-0.8682155622806625,0,0,0,0.0
3055,0.36177508794707425,0.42168678787511443,0.8453823118504693,0,2,0,0,0,0.0,Low,1.0,0.0,0.5145838808503297,0,0,0,0.0
3056,-1.1919301599144982,-0.9174265429445578,-1.392598114771852,0,1,0,0,0,0.0,Low,0.0,1.0,-1.280007721951327,0,0,0,0.0
3057,1.1386277118778605,-0.6942409878079457,-0.4138250707136029,0,1,0,0,0,0.0,Low,0.0,1.0,-0.27458420903738,0,0,0,0.0
3058,0.879676837234265,-0.4710554326713337,0.09252451555855822,0,1,0,0,0,0.0,Low,1.0,0.0,0.16454222139883248,0,0,0,0.0
3059,-0.6740284106273075,2.653542339241235,-0.6249806164533187,0,1,0,0,0,0.0,Low,1.0,0.0,-0.8629318025499534,0,0,0,0.0
3060,-0.41507753598371205,0.6448723430117265,1.2845717228723064,0,1,0,0,0,0.0,Low,1.0,0.0,0.7775212381912953,0,0,0,0.0
3061,-0.7776087604847457,-0.9174265429445578,1.8127713177905773,0,2,0,0,0,0.0,Low,0.0,1.0,2.2117659186139855,0,0,0,0.0
3062,1.3457884115927368,-0.4710554326713337,0.17402066933234825,0,1,0,0,0,0.0,Low,1.0,0.0,0.24397512245027925,0,0,0,0.0
3063,0.6725161375193888,0.42168678787511443,-1.026020788074288,0,1,0,0,0,0.0,Low,0.0,1.0,-0.9922189276920372,0,0,0,0.0
3064,-0.41507753598371205,0.8680578981483386,0.5671654596778327,0,1,0,0,0,0.0,Low,1.0,0.0,0.1626650168256307,0,0,0,0.0
3065,0.3099849130183551,1.3144290084215626,2.6442015756844977,0,1,0,0,0,0.0,Low,1.0,0.0,1.4783218190081107,0,0,0,0.0
3066,-1.5026712094868129,-0.4710554326713337,-0.19418093079398283,0,1,0,0,0,0.0,Low,0.0,1.0,-0.11490465181491444,0,0,0,0.0
3067,-0.6740284106273075,0.6448723430117265,-0.37354308968018024,0,1,0,0,0,0.0,Low,1.0,0.0,-0.5019197798970743,0,0,0,0.0
3068,-1.554461384415532,0.8680578981483386,-0.9030421033414648,0,1,0,0,0,0.0,Low,1.0,0.0,-0.9264043848291141,0,0,0,0.0
3069,-0.5704480607698693,-0.6942409878079457,0.03498286382988916,0,1,0,0,0,0.0,Low,1.0,0.0,0.18716369595399987,0,0,0,0.0
3070,-0.984769460199622,-1.586983208354394,-0.34660839899619117,0,1,0,0,0,0.0,Low,1.0,0.0,0.10966390034436112,0,0,0,0.0
3071,-1.3473006847006557,-0.9174265429445578,-1.3334321896144161,0,1,0,0,0,0.0,Low,1.0,0.0,-1.215555239255989,0,0,0,0.0
3072,0.36177508794707425,-1.1406120980811698,0.4805704997493911,0,1,0,0,0,0.0,Low,1.0,0.0,0.8898303431982858,0,0,0,0.0
3073,-0.7776087604847457,-0.024684322398109648,-1.070525880022505,0,1,0,0,0,0.0,Low,1.0,0.0,-1.0013671742991324,0,0,0,0.0
3074,0.6207259625906697,-0.024684322398109648,3.1151420012095374,0,2,0,0,0,0.0,Low,1.0,0.0,2.689788681772579,0,0,0,0.0
3075,-0.3114971861262739,1.7608001186947866,-0.13211956169830993,0,1,0,0,0,0.0,Low,0.0,1.0,-0.48677386295018965,0,0,0,0.0
3076,-0.984769460199622,-0.4710554326713337,-0.4405478996460139,0,1,0,0,0,0.0,Low,1.0,0.0,-0.3550343039882917,0,0,0,0.0
3077,0.1546143882321979,-1.3637976532177818,-0.17662465364652694,0,1,0,0,0,0.0,Low,1.0,0.0,0.22499749647752573,0,0,0,0.0
3078,-1.7098319092016891,0.1985012327385024,-0.23555046881884098,0,2,0,0,0,0.0,Low,1.0,0.0,-0.31245816890446915,0,0,0,0.0
3079,1.7083196360937705,-1.810168763491006,-0.5769162470785861,0,3,0,0,0,0.0,Low,1.0,0.0,-0.1093472079445238,0,0,0,0.0
3080,-0.5186578858411502,-0.2478698775347217,-1.1889848473883242,0,1,0,0,0,0.0,Low,1.0,0.0,-1.0957096249779925,0,0,0,0.0
3081,-0.363287361054993,-0.2478698775347217,1.3256870267952705,0,1,0,0,1,0.4,Medium,0.0,0.0,1.2327474771529634,0,0,0,0.0
3082,0.3099849130183551,-0.024684322398109648,-0.1899578198791885,0,1,0,0,0,0.0,Low,1.0,0.0,-0.22483304782395996,0,0,0,0.0
3083,1.5011589363788942,1.5376145635581746,0.976468239610356,0,1,0,0,0,0.0,Low,1.0,0.0,0.2757758159388136,0,0,0,0.0
3084,1.3975785865214558,-0.9174265429445578,-1.1521067784969263,0,1,0,0,0,0.0,Low,1.0,0.0,-1.0180281509669584,0,0,0,0.0
3085,0.1028242133034788,-1.3637976532177818,-0.8255571987308911,0,1,0,0,0,0.0,Low,1.0,0.0,-0.5761734814238697,0,0,0,0.0
3086,-0.5186578858411502,-0.6942409878079457,-0.6348251258433242,0,1,0,1,0,0.2,Low,0.0,1.0,-0.5019561082506265,0,0,1,0.0
3087,-0.5186578858411502,-0.024684322398109648,-1.015229962860566,0,1,0,0,0,0.0,Low,1.0,0.0,-0.9526041443023355,0,0,0,0.0
3088,-1.554461384415532,-0.6942409878079457,0.4779999104969077,0,2,0,0,0,0.0,Low,1.0,0.0,0.6429537509627999,0,0,0,0.0
3089,1.7083196360937705,2.207171228968011,-0.4719740594634632,0,1,0,0,0,0.0,Low,1.0,0.0,-0.7427971547022254,0,0,0,0.0
3090,-0.0007561365539593763,-2.033354318627618,0.006127293264923389,0,1,0,0,0,0.0,Low,1.0,0.0,0.8903425729833734,0,0,0,0.0
3091,1.1904178868065796,-1.3637976532177818,-0.7403887745964103,0,1,0,0,0,0.0,Low,1.0,0.0,-0.4710246949020412,0,0,0,0.0
3092,0.7760964873768269,0.42168678787511443,1.0476255399071241,0,3,0,0,0,0.0,Low,1.0,0.0,0.6774246200030514,0,0,0,0.0
3093,0.9832571870917033,-0.2478698775347217,0.641076962745119,0,1,0,0,0,0.0,Low,1.0,0.0,0.598833692140581,0,0,0,0.0
3094,-0.5704480607698693,-0.2478698775347217,0.43542982254643914,0,1,0,0,0,0.0,Low,1.0,0.0,0.40841499416075205,0,0,0,0.0
3095,0.9832571870917033,0.8680578981483386,-0.13423817921409303,0,2,0,0,0,0.0,Low,1.0,0.0,-0.3569060019479026,0,0,0,0.0
3096,1.4493687614501751,-0.024684322398109648,1.326873452604109,0,1,0,0,0,0.0,Low,0.0,1.0,1.112793537219719,0,0,0,0.0
3097,0.36177508794707425,-0.4710554326713337,0.65874623282675,0,1,1,0,0,0.3,Medium,0.0,1.0,0.7164288020316665,0,0,1,0.0
3098,1.1904178868065796,-0.4710554326713337,-0.32081776177072474,0,1,0,0,0,0.0,Low,1.0,0.0,-0.23833539545915564,0,0,0,0.0
3099,1.3457884115927368,0.6448723430117265,-0.6804036506662047,0,2,0,0,0,0.0,Low,1.0,0.0,-0.738700722680371,0,0,0,0.0
3100,1.0350473620204224,0.1985012327385024,-0.47560395747383816,0,3,0,0,0,0.0,Low,1.0,0.0,-0.514528360641805,0,0,0,0.0
3101,1.1904178868065796,0.6448723430117265,0.2285397600718336,0,2,0,0,0,0.0,Low,1.0,0.0,-0.03733826332861334,0,0,0,0.0
3102,-1.2437203348432175,1.3144290084215626,-1.154394885413972,0,3,0,0,0,0.0,Low,1.0,0.0,-1.1270895723984375,0,0,0,0.0
3103,0.3099849130183551,-0.2478698775347217,-0.8490032325722239,0,1,0,0,0,0.0,Low,1.0,0.0,-0.7809040975691698,0,0,0,0.0
3104,-1.3990908596293747,1.7608001186947866,1.2986817155274217,0,3,0,0,0,0.0,Low,0.0,1.0,0.4269147948156606,0,0,0,0.0
3105,0.20640456316091696,1.7608001186947866,0.8890964532594606,0,1,0,0,0,0.0,Low,0.0,1.0,0.1653596686922682,0,0,0,0.0
3106,1.3975785865214558,-0.6942409878079457,-0.46951646314515477,0,3,0,0,0,0.0,Low,1.0,0.0,-0.3318812882600956,0,0,0,0.0
3107,-1.606251559344251,-0.024684322398109648,5.155610778893786,0,1,0,0,0,0.0,Low,1.0,0.0,4.489188082678646,0,0,0,0.0
3108,0.879676837234265,-0.024684322398109648,0.5782528913437641,0,2,0,0,0,0.0,Low,1.0,0.0,0.4526180892196619,0,0,0,0.0
3109,0.6725161375193888,-0.9174265429445578,-0.18045228929170828,0,1,0,0,0,0.0,Low,1.0,0.0,0.04044501555084625,0,0,0,0.0
3110,0.20640456316091696,1.7608001186947866,0.9184887402617584,0,1,0,0,0,0.0,Low,1.0,0.0,0.1841291510007196,0,0,0,0.0
3111,0.1028242133034788,0.1985012327385024,-0.7068439972631778,0,1,0,0,0,0.0,Low,1.0,0.0,-0.7091796420682386,0,0,0,0.0
3112,0.36177508794707425,-0.024684322398109648,-0.8003456502930719,0,1,0,0,0,0.0,Low,0.0,1.0,-0.7631071485497769,0,0,0,0.0
3113,-1.08834981005706,-1.3637976532177818,-0.3534868438641003,0,1,0,0,0,0.0,Low,1.0,0.0,0.006643747750106563,0,0,0,0.0
3114,1.2422080617352986,-1.810168763491006,-0.2260308141145889,0,3,0,0,0,0.0,Low,1.0,0.0,0.3905018742525271,0,0,0,0.0
3115,0.827886662305546,0.6448723430117265,-0.7991309762506897,0,1,0,0,0,0.0,Low,1.0,0.0,-0.8303135646686061,0,0,0,0.0
3116,-0.20791683626883573,1.7608001186947866,1.5558536337099464,0,3,0,0,0,0.0,Low,1.0,0.0,0.5911410004246377,0,0,0,0.0
3117,1.4493687614501751,0.1985012327385024,-0.5396285788008035,0,3,0,0,0,0.0,Low,1.0,0.0,-0.5684224639099472,0,0,0,0.0
3118,-0.4668677109124311,-0.2478698775347217,-1.216964722713433,0,1,0,0,0,0.0,Low,0.0,1.0,-1.1216175535973636,0,0,0,0.0
3119,-0.363287361054993,-1.1406120980811698,-0.13170996231192508,0,1,0,0,0,0.0,Low,1.0,0.0,0.18115498627644672,0,0,0,0.0
3120,0.879676837234265,1.3144290084215626,-0.4190509939192013,0,1,0,0,0,0.0,Low,1.0,0.0,-0.6227260867999518,0,0,0,0.0
3121,1.1904178868065796,0.42168678787511443,0.7368667226920589,0,1,0,0,0,0.0,Low,1.0,0.0,0.42721008387356035,0,0,0,0.0
3122,0.6725161375193888,-0.024684322398109648,-0.6994712083082526,0,1,0,0,0,0.0,Low,1.0,0.0,-0.6741504281826955,0,0,0,0.0
3123,0.25819473808963606,1.7608001186947866,0.49085285675932505,0,1,0,0,0,0.0,Low,0.0,1.0,-0.08895283643463872,0,0,0,0.0
3124,-0.9329792852709029,2.207171228968011,0.017002863179276708,0,1,0,0,0,0.0,Low,1.0,0.0,-0.45068906696464656,0,0,0,0.0
3125,-0.6222382356985884,-0.024684322398109648,1.016171131856131,0,1,0,0,0,0.0,Low,0.0,1.0,0.8387988670103865,0,0,0,0.0
3126,1.0350473620204224,-0.2478698775347217,-0.1404669147104953,0,1,0,0,0,0.0,Low,1.0,0.0,-0.12483582942644189,0,0,0,0.0
3127,-0.6740284106273075,0.8680578981483386,-0.8269272380577639,0,1,0,0,0,0.0,Low,1.0,0.0,-0.8700216176086031,0,0,0,0.0
3128,-0.9329792852709029,1.3144290084215626,0.07207279447286531,0,2,0,1,0,0.2,Low,1.0,0.0,-0.2858702175409668,0,0,1,0.0
3129,1.2939982366640177,-0.2478698775347217,-0.964722121284297,0,1,0,0,0,0.0,Low,1.0,0.0,-0.8880538498046601,0,0,0,0.0
3130,-0.15612666134011663,-0.4710554326713337,-1.2975286847802785,0,1,0,0,0,0.0,Low,1.0,0.0,-1.1903187530864785,0,0,0,0.0
3131,0.4135652628757933,1.7608001186947866,-0.7847808736104521,0,1,0,0,0,0.0,Low,0.0,1.0,-0.9035537802934027,0,0,0,0.0
3132,-0.10433648641139755,-0.4710554326713337,1.1254352992034518,0,2,0,0,0,0.0,Low,1.0,0.0,1.171302617723505,0,0,0,0.0
3133,1.2939982366640177,0.42168678787511443,2.38790535274183,0,1,0,0,0,0.0,Low,1.0,0.0,1.7565814228816885,0,0,0,0.0
3134,-0.0007561365539593763,0.1985012327385024,-1.1589428510145199,0,1,0,0,0,0.0,Low,1.0,0.0,-1.0897435846029753,0,0,0,0.0
3135,-1.2955105097719366,0.6448723430117265,0.833009585558296,0,1,0,0,0,0.0,Low,1.0,0.0,0.4290851007649499,0,0,0,0.0
3136,-1.1919301599144982,0.1985012327385024,1.9745771995293186,0,3,0,0,0,0.0,Low,1.0,0.0,1.547964373627102,0,0,0,0.0
3137,-1.2437203348432175,-0.2478698775347217,-0.977236088744189,0,3,0,0,0,0.0,Low,1.0,0.0,-0.8996411414537073,0,0,0,0.0
3138,-0.8811891103421838,-0.024684322398109648,1.5768420712329712,0,1,0,1,0,0.2,Low,1.0,0.0,1.3332298347633489,0,0,1,0.0
3139,0.7243063124481078,-1.586983208354394,-1.0618112999742506,0,2,0,0,0,0.0,Low,1.0,0.0,-0.8363949310532641,0,0,0,0.0
3140,0.9314670121629842,-0.6942409878079457,-0.34922136059899017,0,1,0,0,0,0.0,Low,1.0,0.0,-0.20811785337805933,0,0,0,0.0
3141,-0.4668677109124311,0.42168678787511443,0.14550407756990763,0,1,0,0,0,0.0,Low,1.0,0.0,-0.04893901226341145,0,0,0,0.0
3142,-0.6740284106273075,-0.4710554326713337,-0.9416009421287173,0,1,0,0,0,0.0,Low,1.0,0.0,-0.8434020968479238,0,0,0,0.0
3143,1.6047392862363323,-0.6942409878079457,1.4549650676083554,0,1,0,0,0,0.0,Low,1.0,0.0,1.6480866370483285,0,0,0,0.0
3144,1.5011589363788942,-0.9174265429445578,-0.26220267716739226,0,2,0,0,1,0.4,Medium,0.0,0.0,-0.04860988295491069,0,0,0,0.0
3145,0.879676837234265,0.8680578981483386,0.6896356762068676,0,3,0,0,0,0.0,Low,1.0,0.0,0.2533859250774489,0,0,0,0.0
3146,0.1028242133034788,-1.1406120980811698,-0.9143978932260622,0,1,0,1,0,0.2,Low,1.0,0.0,-0.7247560841693139,0,0,1,0.0
3147,1.6565294611650514,-0.4710554326713337,2.5377763558083264,0,1,0,0,0,0.0,Low,1.0,0.0,2.5478871828256584,0,0,0,0.0
3148,-0.984769460199622,-1.3637976532177818,0.28526221302773297,0,1,0,0,0,0.0,Low,1.0,0.0,0.7952422090541161,0,0,0,0.0
3149,0.25819473808963606,-1.810168763491006,0.23344082859167822,0,1,0,0,0,0.0,Low,0.0,1.0,1.045035968079853,0,0,0,0.0
3150,-1.7098319092016891,-0.2478698775347217,0.12495348766681161,0,3,0,0,0,0.0,Low,1.0,0.0,0.12092984175741424,0,0,0,0.0
3151,-0.5704480607698693,0.8680578981483386,0.25164681511064113,0,2,0,0,0,0.0,Low,0.0,1.0,-0.0710582410958749,0,0,0,0.0
3152,0.25819473808963606,0.6448723430117265,0.5485639978892569,0,1,0,0,0,0.0,Low,0.0,1.0,0.2096000871079115,0,0,0,0.0
3153,1.1904178868065796,-0.2478698775347217,-0.537326347766986,0,1,0,0,0,0.0,Low,1.0,0.0,-0.49230729754713093,0,0,0,0.0
3154,-0.0007561365539593763,2.207171228968011,-1.0825031310450655,0,2,0,0,0,0.0,Low,1.0,0.0,-1.107518824273126,0,0,0,0.0
3155,0.36177508794707425,-0.024684322398109648,-1.066034410889045,0,1,0,0,0,0.0,Low,1.0,0.0,-0.9974063458089713,0,0,0,0.0
3156,-1.08834981005706,0.42168678787511443,-0.18545222662895652,0,3,0,0,0,0.0,Low,1.0,0.0,-0.315416014835279,0,0,0,0.0
3157,-1.4508810345580938,0.6448723430117265,2.0430791658729723,0,1,0,0,0,0.0,Low,1.0,0.0,1.3628037094373318,0,0,0,0.0
3158,0.9314670121629842,-0.2478698775347217,-0.35569020608051466,0,1,0,0,0,0.0,Low,1.0,0.0,-0.32412155194132053,0,0,0,0.0
3159,-1.606251559344251,-0.2478698775347217,1.2161968735795998,0,1,0,0,0,0.0,Low,1.0,0.0,1.131365214327439,0,0,0,0.0
3160,1.5011589363788942,-0.024684322398109648,-0.318148303700838,0,1,0,0,0,0.0,Low,1.0,0.0,-0.3378785804551038,0,0,0,0.0
3161,0.7760964873768269,-0.6942409878079457,1.7758226283153202,0,1,0,0,0,0.0,Low,1.0,0.0,1.9781951201075296,0,0,0,0.0
3162,0.6725161375193888,-0.4710554326713337,0.2216048187368368,0,1,0,0,0,0.0,Low,0.0,1.0,0.2903545754212195,0,0,0,0.0
3163,1.0868375369491414,-1.810168763491006,0.05054764051250899,0,2,0,0,0,0.0,Low,1.0,0.0,0.7844979587665809,0,0,0,0.0
3164,1.5529491113076133,-0.6942409878079457,1.0437555319116272,0,1,0,0,0,0.0,Low,0.0,1.0,1.2250211629194563,0,0,0,0.0
3165,1.6047392862363323,0.1985012327385024,0.20746657784817757,0,1,0,0,0,0.0,Low,1.0,0.0,0.060460967011821694,0,0,0,0.0
3166,1.7083196360937705,-1.1406120980811698,0.4888613562944892,0,2,0,0,0,0.0,Low,1.0,0.0,0.8994264777891307,0,0,0,0.0
3167,-0.984769460199622,-0.024684322398109648,-0.20327686199507836,0,2,0,1,0,0.2,Low,1.0,0.0,-0.23657852350390382,0,0,1,0.0
3168,-0.10433648641139755,0.42168678787511443,0.1239224271424638,0,1,0,0,0,0.0,Low,1.0,0.0,-0.06631596941302803,0,0,0,0.0
3169,-0.8293989354134648,-0.024684322398109648,-1.033181715277635,0,2,0,0,0,0.0,Low,1.0,0.0,-0.968435002827477,0,0,0,0.0
3170,0.4653554378045124,-0.024684322398109648,1.429569905652502,0,3,0,0,0,0.0,Low,1.0,0.0,1.2033570087667715,0,0,0,0.0
3171,0.051034038374759706,0.6448723430117265,1.4944843463360962,0,1,0,0,0,0.0,Low,0.0,1.0,0.9394948353396596,0,0,0,0.0
3172,1.2422080617352986,0.1985012327385024,-0.500829630028429,0,1,0,0,0,0.0,Low,1.0,0.0,-0.5357626135508943,0,0,0,0.0
3173,-0.052546311482678465,0.42168678787511443,-0.28745659795552697,0,1,0,0,0,0.0,Low,1.0,0.0,-0.3975471565463591,0,0,0,0.0
3174,-1.036559635128341,0.42168678787511443,2.4778336042284366,0,1,0,0,0,0.0,Low,0.0,1.0,1.8289892017898093,0,0,0,0.0
3175,-0.0007561365539593763,-0.024684322398109648,-0.47913498666681,0,1,0,0,0,0.0,Low,1.0,0.0,-0.47984563432572735,0,0,0,0.0
3176,1.3975785865214558,0.6448723430117265,0.6346081172635948,0,1,0,0,0,0.0,Low,1.0,0.0,0.27599378606012753,0,0,0,0.0
3177,-1.554461384415532,-1.1406120980811698,-0.02022830863141835,0,3,0,0,0,0.0,Low,1.0,0.0,0.31018784884124656,0,0,0,0.0
3178,1.2939982366640177,0.6448723430117265,-1.1351860866042052,0,1,0,0,0,0.0,Low,0.0,1.0,-1.0896217194896953,0,0,0,0.0
3179,-0.2597070111975548,-0.6942409878079457,0.26928783695872843,0,1,0,0,0,0.0,Low,1.0,0.0,0.42822411878576,0,0,0,0.0
3180,-1.4508810345580938,1.5376145635581746,1.3830591891226767,0,2,0,1,0,0.2,Low,1.0,0.0,0.544691782321532,0,0,1,0.0
3181,0.7760964873768269,-2.033354318627618,-0.40063314564866026,0,1,0,0,0,0.0,Low,1.0,0.0,0.26261042061145357,0,0,0,0.0
3182,0.3099849130183551,-1.3637976532177818,-1.0128288630093452,0,1,0,0,0,0.0,Low,0.0,1.0,-0.8073787485039569,0,0,0,0.0
3183,1.6047392862363323,0.8680578981483386,0.7599879018476386,0,1,0,0,0,0.0,Low,1.0,0.0,0.30549996544214847,0,0,0,0.0
3184,-0.363287361054993,-0.4710554326713337,-1.1213444521677558,0,1,0,0,1,0.4,Medium,0.0,0.0,-1.0185950082483939,0,0,0,0.0
3185,-1.4508810345580938,0.6448723430117265,-1.100878606965291,0,3,0,0,0,0.0,Low,1.0,0.0,-1.0631492482561211,0,0,0,0.0
3186,-1.08834981005706,1.3144290084215626,2.610572053650634,0,1,0,0,0,0.0,Low,0.0,1.0,1.4552557363926253,0,0,0,0.0
3187,1.5529491113076133,-1.3637976532177818,1.091014826630362,0,2,0,1,0,0.2,Low,1.0,0.0,1.7900229675113761,0,0,1,0.0
3188,1.4493687614501751,1.3144290084215626,-0.1456504655657779,0,1,0,0,0,0.0,Low,1.0,0.0,-0.435203969543361,0,0,0,0.0
3189,-0.7776087604847457,-0.6942409878079457,0.3077054345782621,0,2,0,0,0,0.0,Low,0.0,1.0,0.4677493674506816,0,0,0,0.0
3190,0.4653554378045124,-0.4710554326713337,-0.8840451662832763,0,1,0,0,0,0.0,Low,1.0,0.0,-0.7873034708887131,0,0,0,0.0
3191,-0.7258185855560266,-0.9174265429445578,-0.0355812235624599,0,1,0,0,0,0.0,Low,1.0,0.0,0.19826051209085147,0,0,0,0.0
3192,0.5171456127332315,1.5376145635581746,-0.970851987963296,0,3,0,0,0,0.0,Low,1.0,0.0,-1.0121660368807985,0,0,0,0.0
3193,-0.5704480607698693,-1.1406120980811698,-0.9841286577288701,0,1,0,0,0,0.0,Low,1.0,0.0,-0.8054649708388207,0,0,0,0.0
3194,-1.65804173427297,-0.024684322398109648,0.8363852494667772,0,1,0,0,0,0.0,Low,1.0,0.0,0.6802536284844024,0,0,0,0.0
3195,-0.6222382356985884,-0.024684322398109648,-0.5879613063942021,0,1,0,0,0,0.0,Low,1.0,0.0,-0.5758147648813646,0,0,0,0.0
3196,1.1904178868065796,-1.1406120980811698,-0.6958978067649652,0,1,0,0,0,0.0,Low,1.0,0.0,-0.47185625091485367,0,0,0,0.0
3197,-1.3990908596293747,0.42168678787511443,0.18841314432290154,0,2,0,0,0,0.0,Low,1.0,0.0,-0.014389800338977566,0,0,0,0.0
3198,1.1386277118778605,0.42168678787511443,-0.7201206670287519,0,2,0,0,0,0.0,Low,1.0,0.0,-0.745916481392041,0,0,0,0.0
3199,1.7083196360937705,-0.4710554326713337,-0.4225396507618575,0,1,0,0,0,0.0,Low,1.0,0.0,-0.33748197316669826,0,0,0,0.0
3200,-0.9329792852709029,-0.2478698775347217,2.2267633044913673,0,3,0,0,0,0.0,Low,1.0,0.0,2.0670978669207623,0,0,0,0.0
3201,0.879676837234265,0.42168678787511443,-1.1034068238674588,0,1,0,0,0,0.0,Low,1.0,0.0,-1.0545280561100665,0,0,0,0.0
3202,-1.1401399849857792,-0.4710554326713337,1.8430675482662755,0,1,0,0,0,0.0,Low,1.0,0.0,1.8707664425975015,0,0,0,0.0
3203,0.9832571870917033,-1.3637976532177818,5.559546394452992,0,1,0,0,0,0.0,Low,0.0,1.0,7.3068641755760595,0,0,0,0.0
3204,-1.5026712094868129,0.6448723430117265,-1.0784212612979902,0,1,0,0,0,0.0,Low,1.0,0.0,-1.0458206236116658,0,0,0,0.0
3205,-0.363287361054993,0.1985012327385024,-1.0255829404543595,0,1,0,0,0,0.0,Low,0.0,1.0,-0.9774850090331987,0,0,0,0.0
3206,-1.1401399849857792,-1.3637976532177818,0.41346682096615434,0,1,0,0,0,0.0,Low,0.0,1.0,0.9535233923474226,0,0,0,0.0
3207,-0.8811891103421838,0.6448723430117265,-0.12228917642507628,0,3,0,0,0,0.0,Low,0.0,1.0,-0.30804625549441983,0,0,0,0.0
3208,-1.4508810345580938,-1.3637976532177818,-0.8004727673440191,0,1,0,0,0,0.0,Low,1.0,0.0,-0.5452042865875899,0,0,0,0.0
3209,-1.5026712094868129,0.42168678787511443,1.4445132211971585,0,1,0,0,0,0.0,Low,0.0,1.0,0.9969877717728313,0,0,0,0.0
3210,1.1904178868065796,-0.4710554326713337,-0.5337670703404703,0,1,0,0,0,0.0,Low,0.0,1.0,-0.4458934282412465,0,0,0,0.0
3211,-0.3114971861262739,-1.1406120980811698,0.041578826362360655,0,1,0,0,0,0.0,Low,1.0,0.0,0.38172564265647074,0,0,0,0.0
3212,1.2939982366640177,-0.2478698775347217,0.5951170867693977,0,1,0,0,0,0.0,Low,1.0,0.0,0.556277205655254,0,0,0,0.0
3213,-0.052546311482678465,-0.6942409878079457,0.29776205637085346,0,1,0,0,0,0.0,Low,1.0,0.0,0.45751930309034916,0,0,0,0.0
3214,1.4493687614501751,1.0912434532849506,-0.21573433298788292,0,1,0,0,0,0.0,Low,1.0,0.0,-0.4515435314749487,0,0,0,0.0
3215,0.827886662305546,-0.4710554326713337,0.6622490137861782,0,1,0,0,0,0.0,Low,1.0,0.0,0.7198429024581413,0,0,0,0.0
3216,-0.7776087604847457,-1.810168763491006,-1.1484345081362355,0,2,0,0,0,0.0,Low,1.0,0.0,-0.9234957915303013,0,0,0,0.0
3217,1.6565294611650514,-0.2478698775347217,1.0819047713124947,0,3,0,0,0,0.0,Low,1.0,0.0,1.0070176195202813,0,0,0,0.0
3218,0.6725161375193888,-0.9174265429445578,-0.4796858272209136,0,1,0,0,0,0.0,Low,1.0,0.0,-0.2855254543425486,0,0,0,0.0
3219,0.25819473808963606,-1.586983208354394,0.48657324937744323,0,1,0,0,0,0.0,Low,1.0,0.0,1.2117831108849917,0,0,0,0.0
3220,-0.052546311482678465,-0.9174265429445578,-0.2548157640956953,0,1,0,0,0,0.0,Low,1.0,0.0,-0.04056293894687519,0,0,0,0.0
3221,-1.08834981005706,1.5376145635581746,-0.6938639339498133,0,2,0,0,0,0.0,Low,0.0,1.0,-0.8289683776342116,0,0,0,0.0
3222,1.0350473620204224,-0.4710554326713337,-0.32361433689155844,0,1,0,0,0,0.0,Low,1.0,0.0,-0.24106116918674428,0,0,0,0.0
3223,-1.3990908596293747,1.5376145635581746,0.07445977020731435,0,1,0,0,0,0.0,Low,1.0,0.0,-0.32080529223847337,0,0,0,0.0
3224,-1.036559635128341,-0.2478698775347217,0.2577484335560964,0,1,0,0,0,0.0,Low,1.0,0.0,0.2438911465930151,0,0,0,0.0
3225,-0.7776087604847457,-0.6942409878079457,0.09404992016992227,0,2,0,0,0,0.0,Low,1.0,0.0,0.24793376577631737,0,0,0,0.0
3226,1.0350473620204224,-0.6942409878079457,-0.7382984053141709,0,1,0,0,0,0.0,Low,1.0,0.0,-0.6084127155003386,0,0,0,0.0
3227,-0.7258185855560266,2.4303567841046227,-0.9314880745200461,0,1,0,0,0,0.0,Low,0.0,1.0,-1.0263967611760803,0,0,0,0.0
3228,-0.2597070111975548,-0.9174265429445578,-0.8867711208202507,0,1,0,0,0,0.0,Low,1.0,0.0,-0.7289843839785076,0,0,0,0.0
3229,-0.5186578858411502,-0.6942409878079457,-0.43060452143860506,0,1,0,0,1,0.4,Medium,0.0,0.0,-0.2918474426454413,0,0,0,0.0
3230,1.5011589363788942,1.3144290084215626,0.46606503182466286,0,2,0,0,0,0.0,Low,1.0,0.0,-0.01563570491645886,0,0,0,0.0
3231,1.1904178868065796,-2.033354318627618,0.5595666848545571,0,2,0,0,0,0.0,Low,1.0,0.0,1.7444366963397855,0,0,0,0.0
3232,-1.3473006847006557,0.1985012327385024,-0.6613643412577005,0,2,0,0,0,0.0,Low,1.0,0.0,-0.6708961625792869,0,0,0,0.0
3233,1.4493687614501751,-0.024684322398109648,-0.2107626438841786,0,1,0,0,0,0.0,Low,0.0,1.0,-0.2431799043208393,0,0,0,0.0
3234,-0.2597070111975548,1.0912434532849506,-1.1206523704459332,0,1,0,0,0,0.0,Low,1.0,0.0,-1.0960878869731343,0,0,0,0.0
3235,-0.8811891103421838,1.0912434532849506,-0.5352642267182903,0,1,0,0,0,0.0,Low,1.0,0.0,-0.6791345186050031,0,0,0,0.0
3236,1.6565294611650514,0.42168678787511443,-0.665827562157617,0,1,0,0,0,0.0,Low,0.0,1.0,-0.7022011520182676,0,0,0,0.0
3237,-1.4508810345580938,-1.3637976532177818,-0.8100489185153587,0,2,0,0,0,0.0,Low,1.0,0.0,-0.5570269859676561,0,0,0,0.0
3238,1.2422080617352986,-0.9174265429445578,-0.11017068423479688,0,1,0,0,0,0.0,Low,1.0,0.0,0.11700637957376395,0,0,0,0.0
3239,-0.3114971861262739,-0.4710554326713337,2.309191649972102,0,1,0,0,0,0.0,Low,0.0,1.0,2.3250895969302317,0,0,0,0.0
3240,1.4493687614501751,-0.9174265429445578,-0.16018418172405008,0,3,0,0,0,0.0,Low,1.0,0.0,0.06252410666276079,0,0,0,0.0
3241,0.36177508794707425,-0.2478698775347217,1.2107873368559667,0,3,0,0,0,0.0,Low,1.0,0.0,1.1263562609396454,0,0,0,0.0
3242,0.36177508794707425,-2.25653987376423,0.8359474018468488,0,1,0,0,0,0.0,Low,1.0,0.0,2.487253109672334,0,0,0,0.0
3243,0.7760964873768269,0.8680578981483386,-0.6328195012617163,0,1,0,0,0,0.0,Low,1.0,0.0,-0.7262345755021862,0,0,0,0.0
3244,0.7760964873768269,1.3144290084215626,0.6747629812460703,0,1,0,0,0,0.0,Low,1.0,0.0,0.12750769564062045,0,0,0,0.0
3245,-1.606251559344251,2.653542339241235,2.453554247497562,0,3,0,0,0,0.0,Low,1.0,0.0,0.8646835266116116,0,0,0,0.0
3246,-1.2437203348432175,-0.024684322398109648,-1.021515194824056,0,1,0,0,0,0.0,Low,1.0,0.0,-0.9581468131014607,0,0,0,0.0
3247,0.051034038374759706,-0.4710554326713337,0.8337722878639782,0,3,0,0,0,0.0,Low,1.0,0.0,0.8870236910835784,0,0,0,0.0
3248,-1.65804173427297,0.1985012327385024,-0.27869964555695675,0,1,0,0,0,0.0,Low,0.0,1.0,-0.34877991730159563,0,0,0,0.0
3249,-0.5186578858411502,0.1985012327385024,-0.7342306596838674,0,1,0,1,1,0.6000000000000001,High,0.0,0.0,-0.7322329547170202,0,0,1,0.0
3250,0.20640456316091696,-0.2478698775347217,0.18428890222551034,0,1,0,0,0,0.0,Low,1.0,0.0,0.17587139053579748,0,0,0,0.0
3251,-0.6222382356985884,1.9839856738313988,0.21605404084548496,0,1,0,0,0,0.0,Low,1.0,0.0,-0.29922936408727235,0,0,0,0.0
3252,-0.41507753598371205,-0.6942409878079457,3.7642581598119356,0,3,0,0,0,0.0,Low,0.0,1.0,4.023960959369911,0,0,0,0.0
3253,0.4653554378045124,0.8680578981483386,-0.7106998811419031,0,1,0,0,0,0.0,Low,1.0,0.0,-0.7839251634505805,0,0,0,0.0
3254,1.0868375369491414,-1.810168763491006,-0.16168133810187008,0,1,0,0,0,0.0,Low,1.0,0.0,0.48217004711771083,0,0,0,0.0
3255,0.25819473808963606,-0.024684322398109648,-0.17919524289901034,0,1,0,0,0,0.0,Low,0.0,1.0,-0.21534200597017744,0,0,0,0.0
3256,-0.2597070111975548,2.207171228968011,-0.7145557650206282,0,2,0,0,0,0.0,Low,0.0,1.0,-0.8877121289047937,0,0,0,0.0
3257,-0.7258185855560266,0.6448723430117265,-0.8762345297084226,0,1,0,0,0,0.0,Low,1.0,0.0,-0.8898085092812369,0,0,0,0.0
3258,0.36177508794707425,-0.9174265429445578,-0.5515069610059607,0,2,0,0,0,0.0,Low,1.0,0.0,-0.36376390612239917,0,0,0,0.0
3259,1.0350473620204224,-0.024684322398109648,-0.3103094188924406,0,1,0,0,0,0.0,Low,1.0,0.0,-0.3309658137505773,0,0,0,0.0
3260,-0.7258185855560266,-0.6942409878079457,-0.9081832818464319,0,1,0,0,0,0.0,Low,1.0,0.0,-0.78319569011125,0,0,0,0.0
3261,-0.7776087604847457,-0.024684322398109648,0.9243643728388634,0,1,0,0,0,0.0,Low,1.0,0.0,0.7578385362366495,0,0,0,0.0
3262,1.6565294611650514,-1.1406120980811698,0.3353887034511612,0,1,0,0,0,0.0,Low,1.0,0.0,0.7217917274243623,0,0,0,0.0
3263,-0.20791683626883573,-0.6942409878079457,-1.0107667419606496,0,1,0,0,0,0.0,Low,1.0,0.0,-0.8887368228514435,0,0,0,0.0
3264,0.9832571870917033,0.8680578981483386,-0.5639926802323092,0,3,0,0,0,0.0,Low,0.0,1.0,-0.6752504922463781,0,0,0,0.0
3265,-0.0007561365539593763,-0.4710554326713337,-0.08942235669689447,0,1,0,0,0,0.0,Low,0.0,1.0,-0.01279826930216207,0,0,0,0.0
3266,-0.6222382356985884,1.9839856738313988,0.5914306922919349,0,1,0,0,0,0.0,Low,1.0,0.0,-0.06750968752088453,0,0,0,0.0
3267,1.7083196360937705,-1.3637976532177818,-0.3036004634257941,0,1,0,0,0,0.0,Low,0.0,1.0,0.06823338522856405,0,0,0,0.0
3268,-1.4508810345580938,-0.024684322398109648,0.512053156033928,0,1,0,0,0,0.0,Low,0.0,1.0,0.39423946301404594,0,0,0,0.0
3269,-0.363287361054993,-2.033354318627618,0.1190496068561626,0,2,0,0,0,0.0,Low,1.0,0.0,1.0646096849738416,0,0,0,0.0
3270,-1.2437203348432175,1.5376145635581746,0.6746641124286671,0,2,1,0,0,0.3,Medium,1.0,0.0,0.07616500655728965,0,0,1,0.0
3271,0.7243063124481078,-0.024684322398109648,-0.7892864668606843,0,1,0,0,0,0.0,Low,1.0,0.0,-0.7533545425504174,0,0,0,0.0
3272,1.2939982366640177,-0.2478698775347217,0.3740887834061326,0,1,0,0,0,0.0,Low,1.0,0.0,0.3516163399487744,0,0,0,0.0
3273,1.2939982366640177,0.1985012327385024,-0.2751827404807568,0,1,0,0,0,0.0,Low,1.0,0.0,-0.3458194867448412,0,0,0,0.0
3274,-1.65804173427297,-1.1406120980811698,1.1589235800695965,0,1,0,0,0,0.0,Low,1.0,0.0,1.6749805171831091,0,0,0,0.0
3275,-0.2597070111975548,0.1985012327385024,-0.8014897037515949,0,1,0,0,0,0.0,Low,1.0,0.0,-0.7888497029550289,0,0,0,0.0
3276,1.6047392862363323,-1.586983208354394,0.14022165789722174,0,2,0,0,0,0.0,Low,1.0,0.0,0.7536348267541669,0,0,0,0.0
3277,-0.41507753598371205,-0.4710554326713337,-0.15388482564378828,0,1,0,0,0,0.0,Low,0.0,1.0,-0.07562873037647803,0,0,0,0.0
3278,-1.2437203348432175,-0.6942409878079457,-0.36368445617340284,0,1,0,0,0,0.0,Low,1.0,0.0,-0.22299794699308878,0,0,0,0.0
3279,0.9832571870917033,0.1985012327385024,-0.5314507151898809,0,1,0,0,0,0.0,Low,1.0,0.0,-0.5615385711695425,0,0,0,0.0
3280,1.2939982366640177,-0.4710554326713337,-0.4772141067858333,0,1,0,0,0,0.0,Low,1.0,0.0,-0.3907722261944539,0,0,0,0.0
3281,-0.6222382356985884,-1.1406120980811698,2.133515885563367,0,1,0,0,0,0.0,Low,1.0,0.0,2.8030085905007738,0,0,0,0.0
3282,0.879676837234265,-0.2478698775347217,-0.38724348294891103,0,1,0,0,0,0.0,Low,0.0,1.0,-0.3533382670022367,0,0,0,0.0
3283,0.7243063124481078,0.8680578981483386,1.9598598698530119,0,2,0,0,0,0.0,Low,1.0,0.0,1.1943158572433805,0,0,0,0.0
3284,-0.6740284106273075,0.1985012327385024,-0.3644895308294005,0,1,0,0,0,0.0,Low,1.0,0.0,-0.42099540003945024,0,0,0,0.0
3285,-0.6222382356985884,0.42168678787511443,-0.05310925247637205,0,1,0,0,0,0.0,Low,0.0,1.0,-0.2088570563981673,0,0,0,0.0
3286,-0.20791683626883573,0.42168678787511443,-0.21573433298788292,0,2,0,0,0,0.0,Low,1.0,0.0,-0.3397983421446885,0,0,0,0.0
3287,-0.4668677109124311,0.42168678787511443,2.0907339358613206,0,2,0,0,0,0.0,Low,1.0,0.0,1.5173070914497968,0,0,0,0.0
3288,-0.3114971861262739,-0.2478698775347217,0.7472620726361682,0,1,0,0,0,0.0,Low,1.0,0.0,0.6971556544628581,0,0,0,0.0
3289,1.6047392862363323,-0.2478698775347217,-0.5975233334487697,0,1,0,0,0,0.0,Low,0.0,1.0,-0.5480466169695232,0,0,0,0.0
3290,0.5689357876619505,-0.2478698775347217,-1.1047486149607881,0,2,0,0,0,0.0,Low,1.0,0.0,-1.0177111967670243,0,0,0,0.0
3291,-1.3990908596293747,0.8680578981483386,-0.5808003791908551,0,1,0,0,0,0.0,Low,1.0,0.0,-0.6877009455758284,0,0,0,0.0
3292,0.7760964873768269,-1.810168763491006,1.483326294086305,0,1,0,0,0,0.0,Low,1.0,0.0,2.82554334765815,0,0,0,0.0
3293,-1.2955105097719366,1.3144290084215626,-0.9839732924443793,0,1,0,0,0,0.0,Low,1.0,0.0,-1.0101994620084997,0,0,0,0.0
3294,0.1028242133034788,-0.9174265429445578,-1.0888024871253272,0,3,0,0,0,0.0,Low,0.0,1.0,-0.949067533291975,0,0,0,0.0
3295,-1.7098319092016891,-0.2478698775347217,-0.7261375407735758,0,1,0,0,0,0.0,Low,1.0,0.0,-0.6671367724505892,0,0,0,0.0
3296,-1.2437203348432175,-0.024684322398109648,-0.9117143110394038,0,1,0,0,0,0.0,Low,1.0,0.0,-0.8613182574960714,0,0,0,0.0
3297,0.1028242133034788,1.0912434532849506,-0.8359101763246843,0,1,0,0,0,0.0,Low,1.0,0.0,-0.8932750725567485,0,0,0,0.0
3298,0.6207259625906697,-0.2478698775347217,-1.2327272370308593,0,2,0,0,0,0.0,Low,0.0,1.0,-1.1362128329205428,0,0,0,0.0
3299,-0.10433648641139755,-0.024684322398109648,-0.035072755358671936,0,1,0,0,0,0.0,Low,1.0,0.0,-0.08824674209091425,0,0,0,0.0
3300,-0.10433648641139755,-0.024684322398109648,0.17303198115831608,0,2,0,0,0,0.0,Low,0.0,1.0,0.09527164461989131,0,0,0,0.0
3301,-1.4508810345580938,-0.2478698775347217,-0.3910146221270049,0,1,0,0,0,0.0,Low,0.0,1.0,-0.35683014834568544,0,0,0,0.0
3302,0.7243063124481078,-0.2478698775347217,-1.100017035842206,0,1,0,0,0,0.0,Low,1.0,0.0,-1.0133299973286147,0,0,0,0.0
3303,0.20640456316091696,0.6448723430117265,-0.722493518646429,0,2,0,0,0,0.0,Low,1.0,0.0,-0.7711782707561432,0,0,0,0.0
3304,-0.8811891103421838,0.6448723430117265,0.13684599398874087,0,1,0,0,0,0.0,Low,1.0,0.0,-0.1080913647071076,0,0,0,0.0
3305,-0.363287361054993,-0.2478698775347217,0.29235251964722037,0,3,0,0,0,0.0,Low,0.0,1.0,0.27593275442615944,0,0,0,0.0
3306,1.0350473620204224,0.6448723430117265,-1.2237725469974827,0,2,0,0,0,0.0,Low,1.0,0.0,-1.1579771495337365,0,0,0,0.0
3307,0.827886662305546,-0.6942409878079457,-0.1876979611956865,0,3,0,0,0,0.0,Low,1.0,0.0,-0.041937432888336866,0,0,0,0.0
3308,0.051034038374759706,0.6448723430117265,-0.769879930416111,0,2,0,0,0,0.0,Low,0.0,1.0,-0.8077427586065511,0,0,0,0.0
3309,-0.4668677109124311,0.8680578981483386,-0.24785257452715473,0,2,0,0,0,0.0,Low,1.0,0.0,-0.4410668814286577,0,0,0,0.0
3310,-0.3114971861262739,0.42168678787511443,-1.0729128557569538,0,1,0,0,0,0.0,Low,1.0,0.0,-1.0299751434883244,0,0,0,0.0
3311,-0.984769460199622,-0.024684322398109648,-1.186244768734578,0,1,0,0,0,0.0,Low,1.0,0.0,-1.1034145573805516,0,0,0,0.0
3312,-1.554461384415532,1.3144290084215626,-0.41217254905129214,0,1,0,0,0,0.0,Low,1.0,0.0,-0.6180082446186241,0,0,0,0.0
3313,-0.363287361054993,-0.4710554326713337,-0.33779495013053346,0,1,0,0,0,0.0,Low,0.0,1.0,-0.2548827693003758,0,0,0,0.0
3314,-0.41507753598371205,0.1985012327385024,-0.8607968700767499,0,2,0,0,0,0.0,Low,1.0,0.0,-0.838772786922143,0,0,0,0.0
3315,-0.7776087604847457,-0.9174265429445578,1.7662747253775242,0,1,1,0,0,0.3,Medium,1.0,0.0,2.1611147911293704,0,0,1,0.0
3316,-0.8811891103421838,-0.024684322398109648,-0.7857695617844843,0,1,0,0,0,0.0,Low,0.0,1.0,-0.7502531391100082,0,0,0,0.0
3317,0.4653554378045124,-0.4710554326713337,-0.7958400570428399,0,2,0,0,0,0.0,Low,1.0,0.0,-0.701331466197849,0,0,0,0.0
3318,0.36177508794707425,-0.024684322398109648,-0.21891225926155755,0,3,0,0,1,0.4,Medium,0.0,0.0,-0.25036669060644634,0,0,0,0.0
3319,0.4135652628757933,-0.2478698775347217,-0.33228654458949725,0,2,0,0,1,0.4,Medium,0.0,0.0,-0.3024509624802918,0,0,0,0.0
3320,0.827886662305546,1.0912434532849506,-0.7833684619332634,0,2,0,0,0,0.0,Low,1.0,0.0,-0.8558512794203917,0,0,0,0.0
3321,0.3099849130183551,-0.024684322398109648,0.16403491877462398,0,1,0,0,0,0.0,Low,1.0,0.0,0.08733753220406526,0,0,0,0.0
3322,0.25819473808963606,0.6448723430117265,0.1554333316605447,0,2,0,0,0,0.0,Low,1.0,0.0,-0.09374893072465239,0,0,0,0.0
3323,-0.5704480607698693,-0.2478698775347217,-0.20005656337108793,0,1,0,0,0,0.0,Low,1.0,0.0,-0.18001278593584416,0,0,0,0.0
3324,0.9314670121629842,0.6448723430117265,-0.04414043832622355,0,3,0,0,0,0.0,Low,1.0,0.0,-0.24774482143292756,0,0,0,0.0
3325,0.6725161375193888,0.1985012327385024,-0.27745672328103066,0,1,0,0,0,0.0,Low,1.0,0.0,-0.3477336607192889,0,0,0,0.0
3326,1.5011589363788942,-0.2478698775347217,-0.3276255860547745,0,2,0,0,0,0.0,Low,1.0,0.0,-0.2981351540782766,0,0,0,0.0
3327,0.4653554378045124,1.0912434532849506,-1.0671784643475677,0,1,0,0,0,0.0,Low,0.0,1.0,-1.0580001233133904,0,0,0,0.0
3328,0.7243063124481078,1.0912434532849506,-0.14940748062710005,0,1,0,0,0,0.0,Low,1.0,0.0,-0.4043010227200207,0,0,0,0.0
3329,-0.0007561365539593763,1.0912434532849506,0.7743238803711041,0,2,0,0,0,0.0,Low,1.0,0.0,0.2536434651592475,0,0,0,0.0
3330,0.3099849130183551,-1.3637976532177818,-0.04220543432847498,0,2,0,0,0,0.0,Low,1.0,0.0,0.390951228041082,0,0,0,0.0
3331,1.3975785865214558,1.3144290084215626,-0.49582969269118093,0,2,0,0,1,0.4,Medium,0.0,0.0,-0.6753876681093918,0,0,0,0.0
3332,0.827886662305546,-0.2478698775347217,0.7066834851505358,0,1,0,0,0,0.0,Low,1.0,0.0,0.6595819649507669,0,0,0,0.0
3333,1.7083196360937705,0.1985012327385024,-0.04087776735191765,0,1,0,0,0,0.0,Low,0.0,1.0,-0.14858823170067403,0,0,0,0.0
3334,1.4493687614501751,-0.9174265429445578,-0.7902327826844008,0,1,0,0,0,0.0,Low,1.0,0.0,-0.6238202113304687,0,0,0,0.0
3335,1.2422080617352986,0.1985012327385024,0.702884097738898,0,1,0,0,0,0.0,Low,1.0,0.0,0.4774893292958175,0,0,0,0.0
3336,-0.052546311482678465,-2.033354318627618,-0.6315624548690183,0,1,0,0,0,0.0,Low,1.0,0.0,-0.09377072773678395,0,0,0,0.0
3337,-0.9329792852709029,-0.4710554326713337,-0.9639170466282994,0,2,0,0,0,0.0,Low,1.0,0.0,-0.8651532205327221,0,0,0,0.0
3338,0.7243063124481078,1.0912434532849506,-0.8534099570050527,0,1,0,0,0,0.0,Low,1.0,0.0,-0.9057396101094223,0,0,0,0.0
3339,-1.2437203348432175,-0.4710554326713337,-0.6901916635891227,0,2,0,0,0,0.0,Low,1.0,0.0,-0.5983577920445002,0,0,0,0.0
3340,0.20640456316091696,-0.4710554326713337,-1.085426823216846,0,1,0,0,0,0.0,Low,1.0,0.0,-0.9835867123430508,0,0,0,0.0
3341,-0.7776087604847457,-1.3637976532177818,1.3271135625892312,0,1,0,0,0,0.0,Low,0.0,1.0,2.0815100513420375,0,0,0,0.0
3342,0.1028242133034788,0.1985012327385024,-1.1972050833495624,0,1,0,0,0,0.0,Low,1.0,0.0,-1.1219516423469411,0,0,0,0.0
3343,1.2939982366640177,-0.6942409878079457,0.3038071783492212,0,2,0,1,1,0.6000000000000001,High,0.0,0.0,0.463738717218506,0,0,1,0.0
3344,1.5011589363788942,-1.810168763491006,0.008952116619300857,0,2,0,1,0,0.2,Low,1.0,0.0,0.7252436196340161,0,0,1,0.0
3345,0.6207259625906697,-1.3637976532177818,-0.05864590625095199,0,1,0,0,0,0.0,Low,1.0,0.0,0.37065385034433074,0,0,0,0.0
3346,-1.606251559344251,-0.4710554326713337,0.15224128127009787,0,1,0,0,0,0.0,Low,1.0,0.0,0.22274712705663424,0,0,0,0.0
3347,1.6047392862363323,-1.586983208354394,-0.4227515125134358,0,1,0,0,0,0.0,Low,1.0,0.0,0.008943021144080816,0,0,0,0.0
3348,-1.3473006847006557,-0.2478698775347217,0.30938620447411674,0,2,0,0,0,0.0,Low,1.0,0.0,0.29170507240443394,0,0,0,0.0
3349,0.879676837234265,-0.024684322398109648,-0.3525970245074712,0,2,0,1,0,0.2,Low,1.0,0.0,-0.3682573876485106,0,0,1,0.0
3350,-1.4508810345580938,-2.25653987376423,-0.5683005358477348,0,1,0,0,0,0.0,Low,1.0,0.0,0.12314124771547172,0,0,0,0.0
3351,0.25819473808963606,-0.9174265429445578,-1.0461052821239116,0,1,0,0,0,0.0,Low,1.0,0.0,-0.9025552737579556,0,0,0,0.0
3352,1.3457884115927368,-0.2478698775347217,0.052821623312783034,0,1,0,0,0,0.0,Low,1.0,0.0,0.05413943718440695,0,0,0,0.0
3353,-0.3114971861262739,0.6448723430117265,0.07300498617981,0,1,0,0,0,0.0,Low,0.0,1.0,-0.15735261212405052,0,0,0,0.0
3354,1.0350473620204224,0.8680578981483386,-0.2795612166800419,0,1,0,0,0,0.0,Low,1.0,0.0,-0.46455534170144436,0,0,0,0.0
3355,0.1546143882321979,-0.4710554326713337,0.5691145877923529,0,1,1,0,0,0.3,Medium,1.0,0.0,0.6290663774090529,0,0,1,0.0
3356,-1.2955105097719366,-0.2478698775347217,1.081127944890041,0,1,0,0,0,0.0,Low,1.0,0.0,1.0062983181199459,0,0,0,0.0
3357,1.1386277118778605,-0.024684322398109648,-0.6619858023956636,0,1,0,0,0,0.0,Low,1.0,0.0,-0.6410937023560037,0,0,0,0.0
3358,1.2939982366640177,-0.2478698775347217,0.3545692540273841,0,1,0,0,0,0.0,Low,1.0,0.0,0.333542257489425,0,0,0,0.0
3359,-1.65804173427297,-0.4710554326713337,-1.0525882517222083,0,1,0,0,0,0.0,Low,1.0,0.0,-0.9515795208448509,0,0,0,0.0
3360,1.3975785865214558,-0.4710554326713337,-0.21659590411096805,0,1,0,0,0,0.0,Low,1.0,0.0,-0.13675214123755675,0,0,0,0.0
3361,1.2422080617352986,0.6448723430117265,-0.4162402946815957,0,1,0,0,0,0.0,Low,1.0,0.0,-0.5348659637336712,0,0,0,0.0
3362,1.3457884115927368,-2.25653987376423,0.6082807636007966,0,1,0,0,0,0.0,Low,1.0,0.0,2.1039665221677306,0,0,0,0.0
3363,0.3099849130183551,0.6448723430117265,-0.61204292549027,0,1,0,0,0,0.0,Low,1.0,0.0,-0.6859519533224057,0,0,0,0.0
3364,0.1028242133034788,0.42168678787511443,1.170406487005141,0,2,0,0,0,0.0,Low,1.0,0.0,0.7762844946768841,0,0,0,0.0
3365,0.1546143882321979,-0.2478698775347217,-0.46070301427949706,0,3,0,0,1,0.4,Medium,0.0,0.0,-0.42135802305945436,0,0,0,0.0
3366,-0.8293989354134648,-0.6942409878079457,-1.046345392109034,0,1,0,0,0,0.0,Low,1.0,0.0,-0.925341271890759,0,0,0,0.0
3367,1.5011589363788942,0.6448723430117265,-1.1721630243130063,0,1,0,0,0,0.0,Low,1.0,0.0,-1.1181540083696857,0,0,0,0.0
3368,-0.6222382356985884,-0.6942409878079457,0.47948294275795583,0,2,0,0,0,0.0,Low,0.0,1.0,0.644479541811997,0,0,0,0.0
3369,-1.1919301599144982,0.42168678787511443,-1.0858364226032309,0,3,0,0,0,0.0,Low,0.0,1.0,-1.0403808475406142,0,0,0,0.0
3370,1.2422080617352986,0.42168678787511443,0.20084236708216233,0,1,0,0,0,0.0,Low,1.0,0.0,-0.004382128682130381,0,0,0,0.0
3371,1.1904178868065796,-0.9174265429445578,0.4546809937065217,0,1,0,0,0,0.0,Low,1.0,0.0,0.7323283389798174,0,0,0,0.0
3372,-1.554461384415532,-1.1406120980811698,-0.7989191144991113,0,2,0,0,1,0.4,Medium,0.0,0.0,-0.5910968057796263,0,0,0,0.0
3373,-1.3990908596293747,-0.6942409878079457,-0.014705778973610443,0,1,0,0,0,0.0,Low,1.0,0.0,0.1360424368351784,0,0,0,0.0
3374,1.3975785865214558,0.42168678787511443,1.7538313785014914,0,3,0,0,0,0.0,Low,0.0,1.0,1.2460423277784602,0,0,0,0.0
3375,1.0350473620204224,1.3144290084215626,-0.39807668051294853,0,1,0,0,0,0.0,Low,1.0,0.0,-0.6083400587932339,0,0,0,0.0
3376,-1.7098319092016891,-0.6942409878079457,-1.143872418418916,0,2,0,0,0,0.0,Low,1.0,0.0,-1.0256801844022607,0,0,0,0.0
3377,1.0868375369491414,-0.4710554326713337,-0.7129879880589488,0,1,0,0,0,0.0,Low,1.0,0.0,-0.620576977884541,0,0,0,0.0
3378,-1.606251559344251,-0.9174265429445578,2.023842118829662,0,1,0,0,0,0.0,Low,1.0,0.0,2.4416961887021054,0,0,0,0.0
3379,0.20640456316091696,0.1985012327385024,0.5585638725637531,0,3,0,0,0,0.0,Low,0.0,1.0,0.3560046729547904,0,0,0,0.0
3380,-1.7098319092016891,0.42168678787511443,-1.0019815413285356,0,1,0,0,1,0.4,Medium,0.0,0.0,-0.9728631809193621,0,0,0,0.0
3381,0.20640456316091696,1.3144290084215626,1.038120009319644,0,1,0,0,0,0.0,Low,1.0,0.0,0.37672988857046774,0,0,0,0.0
3382,-0.2597070111975548,0.1985012327385024,1.1325256058229392,0,2,0,0,0,0.0,Low,1.0,0.0,0.8391493176729667,0,0,0,0.0
3383,-1.5026712094868129,0.1985012327385024,-0.6039921789302941,0,1,0,0,0,0.0,Low,0.0,1.0,-0.6226019098823548,0,0,0,0.0
3384,-0.6740284106273075,-0.6942409878079457,-1.0591842142546795,0,1,1,0,0,0.3,Medium,1.0,0.0,-0.9385502612423818,0,0,1,0.0
3385,1.7083196360937705,0.6448723430117265,0.8941952594141122,0,1,0,0,0,0.0,Low,1.0,0.0,0.47629742904154226,0,0,0,0.0
3386,0.6725161375193888,0.1985012327385024,2.3214231350965564,0,1,0,0,0,0.0,Low,1.0,0.0,1.839929406487408,0,0,0,0.0
3387,0.051034038374759706,-1.586983208354394,-0.7848373700775396,0,2,0,0,0,0.0,Low,1.0,0.0,-0.47001829571334597,0,0,0,0.0
3388,-1.7098319092016891,-0.4710554326713337,0.4794970668747277,0,2,0,0,0,0.0,Low,0.0,1.0,0.5417177193204167,0,0,0,0.0
3389,-1.1401399849857792,-1.1406120980811698,-0.7711793491591248,0,1,0,0,0,0.0,Low,1.0,0.0,-0.5589898069100879,0,0,0,0.0
3390,1.3457884115927368,0.6448723430117265,-0.7945406382998264,0,1,0,0,0,0.0,Low,1.0,0.0,-0.8267715501972551,0,0,0,0.0
3391,-0.363287361054993,0.8680578981483386,-0.011598473283795164,0,1,0,0,1,0.4,Medium,0.0,0.0,-0.2660595429062073,0,0,0,0.0
3392,1.1386277118778605,-1.1406120980811698,-0.8537206875740343,0,2,0,0,0,0.0,Low,1.0,0.0,-0.6545261110819732,0,0,0,0.0
3393,-0.5704480607698693,0.6448723430117265,-0.30492813040235145,0,2,0,0,0,0.0,Low,1.0,0.0,-0.4489748374299263,0,0,0,0.0
3394,-0.4668677109124311,-1.586983208354394,1.1882876188383504,0,3,0,0,0,0.0,Low,1.0,0.0,2.1399995309236357,0,0,0,0.0
3395,-0.6740284106273075,-0.6942409878079457,-1.1212173351168087,0,3,0,0,0,0.0,Low,1.0,0.0,-1.0023719127630937,0,0,0,0.0
3396,1.3975785865214558,-1.3637976532177818,0.6521926426445942,0,1,0,0,0,0.0,Low,1.0,0.0,1.2482538715832348,0,0,0,0.0
3397,1.5011589363788942,0.1985012327385024,-0.09087714072439881,0,1,0,0,0,0.0,Low,1.0,0.0,-0.19067628057983205,0,0,0,0.0
3398,0.9314670121629842,-0.6942409878079457,0.16735408621601738,0,1,0,0,0,0.0,Low,1.0,0.0,0.3233514277509289,0,0,0,0.0
3399,-0.4668677109124311,-1.586983208354394,-0.1814268533489686,0,1,0,0,0,0.0,Low,1.0,0.0,0.328163377667173,0,0,0,0.0
3400,1.0868375369491414,-1.3637976532177818,1.4323806048901075,0,1,0,0,0,0.0,Low,1.0,0.0,2.2114725564742415,0,0,0,0.0
3401,0.6207259625906697,-1.1406120980811698,0.10447351834757496,0,2,0,0,0,0.0,Low,1.0,0.0,0.4545222139222827,0,0,0,0.0
3402,-0.10433648641139755,0.42168678787511443,-0.5468177542376943,0,1,0,0,0,0.0,Low,1.0,0.0,-0.6063776959039558,0,0,0,0.0
3403,1.0868375369491414,1.0912434532849506,-0.08716249801339246,0,1,0,0,0,0.0,Low,1.0,0.0,-0.3599659000447721,0,0,0,0.0
3404,-1.5026712094868129,-1.3637976532177818,-0.5842466636831957,0,1,1,0,0,0.3,Medium,1.0,0.0,-0.27825191961202217,0,0,1,0.0
3405,0.1028242133034788,0.8680578981483386,-0.7570269841536935,0,2,0,0,0,0.0,Low,1.0,0.0,-0.8182423793502419,0,0,0,0.0
3406,0.7760964873768269,-0.2478698775347217,1.0193773063633496,0,1,1,0,0,0.3,Medium,0.0,1.0,0.9491203958968816,0,0,1,0.0
3407,1.2422080617352986,0.1985012327385024,-0.5807580068405395,0,1,0,0,0,0.0,Low,0.0,1.0,-0.6030440453608252,0,0,0,0.0
3408,0.25819473808963606,0.42168678787511443,-1.1888153579870615,0,1,0,0,0,0.0,Low,1.0,0.0,-1.1232966816884244,0,0,0,0.0
3409,1.3975785865214558,-1.586983208354394,0.17958557134047196,0,2,0,0,0,0.0,Low,0.0,1.0,0.8057047748771837,0,0,0,0.0
3410,-1.2955105097719366,-1.1406120980811698,-0.5419166857178493,0,1,0,0,0,0.0,Low,1.0,0.0,-0.2936329812225379,0,0,0,0.0
3411,-1.4508810345580938,0.42168678787511443,1.8018251272923647,0,3,0,0,1,0.4,Medium,0.0,0.0,1.284685587198877,0,0,0,0.0
3412,0.051034038374759706,0.42168678787511443,0.37038826481189796,0,1,0,0,0,0.0,Low,1.0,0.0,0.1321316106005897,0,0,0,0.0
3413,0.25819473808963606,-1.3637976532177818,1.6961908579554192,0,3,0,0,0,0.0,Low,1.0,0.0,2.5371722305463336,0,0,0,0.0
3414,-0.6222382356985884,2.207171228968011,0.6195376846679909,0,2,0,0,0,0.0,Low,1.0,0.0,-0.0907430524387914,0,0,0,0.0
3415,0.36177508794707425,-1.586983208354394,1.0640095153625138,0,1,0,0,0,0.0,Low,1.0,0.0,1.9756064654286873,0,0,0,0.0
3416,-1.5026712094868129,1.3144290084215626,0.11780668458023669,0,1,0,0,1,0.4,Medium,0.0,0.0,-0.2545018951936587,0,0,0,0.0
3417,0.4135652628757933,1.0912434532849506,0.7141410188060923,0,1,0,0,0,0.0,Low,1.0,0.0,0.21077712576300664,0,0,0,0.0
3418,1.7083196360937705,1.7608001186947866,-0.8324356435988,0,2,0,0,0,0.0,Low,1.0,0.0,-0.9339854157132561,0,0,0,0.0
3419,-0.20791683626883573,-0.4710554326713337,0.6127581086174849,0,1,0,0,0,0.0,Low,1.0,0.0,0.6716049674002089,0,0,0,0.0
3420,1.1904178868065796,1.0912434532849506,-1.0659920385387291,0,1,0,0,0,0.0,Low,1.0,0.0,-1.0571550699199888,0,0,0,0.0
3421,-0.2597070111975548,0.42168678787511443,-0.3019055694131676,0,1,0,0,0,0.0,Low,1.0,0.0,-0.409181074847444,0,0,0,0.0
3422,0.1546143882321979,-0.2478698775347217,-0.6868583720309572,0,2,0,0,0,0.0,Low,1.0,0.0,-0.6307662780081508,0,0,0,0.0
3423,-1.08834981005706,-0.024684322398109648,-0.005440358371252263,0,1,0,0,1,0.4,Medium,0.0,0.0,-0.06211523840425283,0,0,0,0.0
3424,-0.10433648641139755,-0.024684322398109648,-0.5980741740028733,0,1,0,0,0,0.0,Low,1.0,0.0,-0.5847328567019793,0,0,0,0.0
3425,0.6207259625906697,-0.4710554326713337,-1.052616499955752,0,1,0,0,0,0.0,Low,1.0,0.0,-0.9516070539128064,0,0,0,0.0
3426,-0.5704480607698693,-0.024684322398109648,-1.0842827697583233,0,1,0,1,0,0.2,Low,0.0,1.0,-1.0134987684796892,0,0,1,0.0
3427,0.5689357876619505,0.6448723430117265,-1.0215293189408279,0,1,0,0,0,0.0,Low,1.0,0.0,-1.001921441179045,0,0,0,0.0
3428,-0.8811891103421838,-0.9174265429445578,0.02201692463329665,0,2,1,0,0,0.3,Medium,1.0,0.0,0.2610051347768358,0,0,1,0.0
3429,1.6565294611650514,0.8680578981483386,0.06173394099584387,0,1,0,1,0,0.2,Low,1.0,0.0,-0.21173790115284077,0,0,1,0.0
3430,-1.4508810345580938,-0.9174265429445578,-0.6004187773870067,0,1,0,0,0,0.0,Low,0.0,1.0,-0.4170460611889916,0,0,0,0.0
3431,-0.8293989354134648,0.1985012327385024,0.21842689246316213,0,1,0,0,0,0.0,Low,1.0,0.0,0.06968704778307212,0,0,0,0.0
3432,-0.6222382356985884,-1.586983208354394,-0.3849271277983215,0,3,0,0,0,0.0,Low,0.0,1.0,0.05897650556224994,0,0,0,0.0
3433,-0.052546311482678465,0.8680578981483386,0.13522172055997367,0,1,0,0,0,0.0,Low,0.0,1.0,-0.1573011711754204,0,0,0,0.0
3434,-0.20791683626883573,-0.4710554326713337,-0.24824804979676754,0,3,0,0,0,0.0,Low,1.0,0.0,-0.16760294388162808,0,0,0,0.0
3435,-0.10433648641139755,0.8680578981483386,0.6673054475905137,0,1,0,0,0,0.0,Low,1.0,0.0,0.23684460851117922,0,0,0,0.0
3436,0.4135652628757933,-0.4710554326713337,-0.8412632165812296,0,1,0,0,0,0.0,Low,1.0,0.0,-0.745604639470198,0,0,0,0.0
3437,-1.2437203348432175,0.1985012327385024,-1.2300719030777443,0,2,0,0,0,0.0,Low,1.0,0.0,-1.1496179953813481,0,0,0,0.0
3438,0.1028242133034788,-0.024684322398109648,-0.37689050535511753,0,1,0,0,0,0.0,Low,0.0,1.0,-0.38968073671479186,0,0,0,0.0
3439,-0.0007561365539593763,0.6448723430117265,-0.15557971965641482,0,2,0,0,1,0.4,Medium,0.0,0.0,-0.3337340342912638,0,0,0,0.0
3440,-0.3114971861262739,2.4303567841046227,-0.9494398269371148,0,2,0,0,0,0.0,Low,1.0,0.0,-1.0367857620832044,0,0,0,0.0
3441,-1.1919301599144982,-0.6942409878079457,-0.8730283552012043,0,1,0,0,0,0.0,Low,1.0,0.0,-0.7470271813145624,0,0,0,0.0
3442,0.25819473808963606,-1.3637976532177818,0.33670224631094675,0,1,0,0,0,0.0,Low,1.0,0.0,0.8587499836001359,0,0,0,0.0
3443,0.6725161375193888,-1.1406120980811698,0.369258335470147,0,1,0,0,0,0.0,Low,1.0,0.0,0.7609936537426685,0,0,0,0.0
3444,-0.7776087604847457,-0.4710554326713337,-0.41196068729971386,0,2,0,0,0,0.0,Low,1.0,0.0,-0.3271708392173857,0,0,0,0.0
3445,-0.984769460199622,-0.6942409878079457,-1.1586744927958539,0,1,0,0,0,0.0,Low,1.0,0.0,-1.0409090302113924,0,0,0,0.0
3446,-0.3114971861262739,1.9839856738313988,0.289146345140002,0,1,0,0,0,0.0,Low,1.0,0.0,-0.2541095489752938,0,0,0,0.0
3447,-0.5186578858411502,-0.4710554326713337,-0.16587620078312065,0,1,0,0,0,0.0,Low,1.0,0.0,-0.08731651772356268,0,0,0,0.0
3448,-1.2955105097719366,0.42168678787511443,-0.6746692592568184,0,3,0,0,0,0.0,Low,1.0,0.0,-0.7093202457196157,0,0,0,0.0
3449,0.6725161375193888,1.0912434532849506,0.8203261286971414,0,1,0,0,0,0.0,Low,0.0,1.0,0.2864094044724505,0,0,0,0.0
3450,-0.052546311482678465,0.42168678787511443,-1.3272317023515574,0,1,0,0,0,0.0,Low,0.0,1.0,-1.2347457524124046,0,0,0,0.0
3451,1.4493687614501751,-2.033354318627618,-0.29915136664264963,0,1,0,0,0,0.0,Low,1.0,0.0,0.4192219527754956,0,0,0,0.0
3452,-0.7776087604847457,2.4303567841046227,0.3047252459393937,0,2,0,0,0,0.0,Low,1.0,0.0,-0.31097795362609204,0,0,0,0.0
3453,1.7083196360937705,-0.4710554326713337,-1.0629412293160014,0,1,0,1,0,0.2,Low,1.0,0.0,-0.96167039025052,0,0,1,0.0
3454,0.3099849130183551,-0.024684322398109648,-1.096740240751128,0,1,0,0,0,0.0,Low,1.0,0.0,-1.0244844625939102,0,0,0,0.0
3455,0.6725161375193888,0.6448723430117265,1.9956503817529747,0,1,0,0,0,0.0,Low,1.0,0.0,1.326206526068727,0,0,0,0.0
3456,1.6047392862363323,-0.9174265429445578,0.3545410057938403,0,1,1,0,0,0.3,Medium,1.0,0.0,0.623240704148128,0,0,1,0.0
3457,-0.2597070111975548,-1.3637976532177818,1.4459821293414348,0,1,0,0,0,0.0,Low,1.0,0.0,2.228264974620264,0,0,0,0.0
3458,0.827886662305546,-0.4710554326713337,0.7117116707213277,0,1,0,0,0,0.0,Low,1.0,0.0,0.7680533044481184,0,0,0,0.0
3459,-1.08834981005706,1.0912434532849506,0.041056234041800976,0,1,0,0,0,0.0,Low,1.0,0.0,-0.26863977260072675,0,0,0,0.0
3460,-1.7098319092016891,0.8680578981483386,2.2965223172277187,0,1,0,0,0,0.0,Low,1.0,0.0,1.4437015762020182,0,0,0,0.0
3461,-0.0007561365539593763,-2.033354318627618,-0.07107512901021279,0,1,0,0,0,0.0,Low,1.0,0.0,0.7712001046731921,0,0,0,0.0
3462,0.7243063124481078,-0.4710554326713337,-0.3667070171625867,0,1,0,0,1,0.4,Medium,0.0,0.0,-0.28306286435276934,0,0,0,0.0
3463,0.7243063124481078,-0.9174265429445578,0.7133641923836386,0,2,0,0,0,0.0,Low,1.0,0.0,1.014125240523173,0,0,0,0.0
3464,0.7760964873768269,0.1985012327385024,0.8466534823599393,0,1,0,0,0,0.0,Low,1.0,0.0,0.5985103037424132,0,0,0,0.0
3465,1.5529491113076133,0.1985012327385024,0.19390742574716552,0,1,0,0,0,0.0,Low,1.0,0.0,0.04904725884120237,0,0,0,0.0
3466,1.3975785865214558,-0.9174265429445578,-0.675361340978641,0,1,0,0,0,0.0,Low,0.0,1.0,-0.49868484686133907,0,0,0,0.0
3467,-0.2597070111975548,0.1985012327385024,0.7069942157195174,0,1,0,0,0,0.0,Low,1.0,0.0,0.4809491095850366,0,0,0,0.0
3468,0.25819473808963606,-0.4710554326713337,-0.6870419855489918,0,2,0,0,0,0.0,Low,1.0,0.0,-0.5952878549674686,0,0,0,0.0
3469,-0.41507753598371205,1.9839856738313988,-0.21985857508527412,0,1,0,0,0,0.0,Low,0.0,1.0,-0.5683178382517166,0,0,0,0.0
3470,-0.8811891103421838,0.6448723430117265,-0.8749351109654091,0,1,0,0,0,0.0,Low,1.0,0.0,-0.8888058467231931,0,0,0,0.0
3471,-1.08834981005706,-0.4710554326713337,-0.8434383305641002,0,2,0,0,0,0.0,Low,1.0,0.0,-0.7477246857027668,0,0,0,0.0
3472,-0.41507753598371205,-0.2478698775347217,-0.3902095474710074,0,2,0,0,0,0.0,Low,1.0,0.0,-0.35608469053079184,0,0,0,0.0
3473,0.7760964873768269,-0.2478698775347217,0.07406429493770154,0,2,0,0,0,0.0,Low,1.0,0.0,0.07380906093177377,0,0,0,0.0
3474,1.7083196360937705,0.6448723430117265,2.2054217640490457,0,1,0,0,0,0.0,Low,1.0,0.0,1.4880711381564342,0,0,0,0.0
3475,-1.3990908596293747,-0.4710554326713337,-0.7379453023948737,0,1,0,0,0,0.0,Low,1.0,0.0,-0.644902443423173,0,0,0,0.0
3476,1.2422080617352986,-1.1406120980811698,-0.18786745059694915,0,3,0,0,0,0.0,Low,1.0,0.0,0.11615629610063974,0,0,0,0.0
3477,0.7760964873768269,-1.1406120980811698,-0.34795019008952033,0,3,0,0,0,0.0,Low,1.0,0.0,-0.06912920552224672,0,0,0,0.0
3478,0.9832571870917033,0.42168678787511443,0.11577281176508483,0,1,0,0,0,0.0,Low,1.0,0.0,-0.07287781776075611,0,0,0,0.0
3479,1.6047392862363323,1.3144290084215626,-0.5047278862574699,0,2,1,0,0,0.3,Medium,1.0,0.0,-0.6814908315061811,0,0,1,0.0
3480,1.4493687614501751,-0.9174265429445578,0.37817065315320786,0,1,0,0,0,0.0,Low,1.0,0.0,0.6489816932981163,0,0,0,0.0
3481,-0.8811891103421838,-0.024684322398109648,-0.9056550649442641,0,1,0,0,0,0.0,Low,0.0,1.0,-0.8559748756650049,0,0,0,0.0
3482,0.4653554378045124,-1.3637976532177818,-0.26665177395053685,0,1,0,0,0,0.0,Low,1.0,0.0,0.11385017221713845,0,0,0,0.0
3483,-0.4668677109124311,0.42168678787511443,0.05688936894308642,0,1,0,0,0,0.0,Low,1.0,0.0,-0.12028916223506986,0,0,0,0.0
3484,-1.606251559344251,-0.4710554326713337,0.9367370991310368,0,1,0,0,0,0.0,Low,1.0,0.0,0.98738172378116,0,0,0,0.0
3485,-0.2597070111975548,0.1985012327385024,0.4015460664106817,0,1,0,0,0,0.0,Low,1.0,0.0,0.22383155448315228,0,0,0,0.0
3486,-0.10433648641139755,-0.4710554326713337,-0.2861713033292851,0,1,0,0,0,0.0,Low,1.0,0.0,-0.2045660876118074,0,0,0,0.0
3487,-0.41507753598371205,-0.024684322398109648,-0.8427321247255058,0,1,0,0,0,0.0,Low,1.0,0.0,-0.800485910496236,0,0,0,0.0
3488,-0.9329792852709029,-0.2478698775347217,2.5006723010485783,0,1,0,0,0,0.0,Low,1.0,0.0,2.3207235406791975,0,0,0,0.0
3489,-0.4668677109124311,1.5376145635581746,-0.7726765055369448,0,2,0,0,0,0.0,Low,1.0,0.0,-0.8810943752169946,0,0,0,0.0
3490,1.0350473620204224,0.1985012327385024,-1.0308088636599577,0,1,0,0,0,0.0,Low,0.0,1.0,-0.9818840423906247,0,0,0,0.0
3491,-0.3114971861262739,0.1985012327385024,-0.7149794885237849,0,2,0,0,0,0.0,Low,1.0,0.0,-0.71602786697061,0,0,0,0.0
3492,1.1386277118778605,1.3144290084215626,-1.1020932810076733,0,1,0,0,0,0.0,Low,1.0,0.0,-1.091216534210642,0,0,0,0.0
3493,1.6047392862363323,-0.024684322398109648,0.04512397967210437,0,2,0,0,0,0.0,Low,1.0,0.0,-0.0175247793011794,0,0,0,0.0
3494,0.36177508794707425,-1.1406120980811698,-0.2916373365200055,0,1,1,0,0,0.3,Medium,1.0,0.0,-0.003950689996355753,0,0,1,0.0
3495,0.879676837234265,0.8680578981483386,-0.46313236236426175,0,2,0,0,0,0.0,Low,1.0,0.0,-0.600537309703853,0,0,0,0.0
3496,-0.2597070111975548,1.3144290084215626,-0.37265327032355133,0,1,0,0,0,0.0,Low,1.0,0.0,-0.5909024490881215,0,0,0,0.0
3497,-0.7776087604847457,-0.024684322398109648,-0.678228536683334,0,1,0,0,0,0.0,Low,1.0,0.0,-0.6554174531852033,0,0,0,0.0
3498,1.6565294611650514,-0.024684322398109648,-1.2508908511995063,0,1,0,0,0,0.0,Low,1.0,0.0,-1.160423085680766,0,0,0,0.0
3499,0.36177508794707425,-1.3637976532177818,0.7162878845554191,0,3,0,0,0,0.0,Low,0.0,1.0,1.3273857444250354,0,0,0,0.0
3500,0.5689357876619505,0.42168678787511443,-0.6209128708230152,0,2,0,0,0,0.0,Low,1.0,0.0,-0.6660370658037515,0,0,0,0.0
3501,-0.984769460199622,0.6448723430117265,-1.0884352600892582,0,1,0,0,0,0.0,Low,1.0,0.0,-1.0535476644122437,0,0,0,0.0
3502,-1.606251559344251,0.42168678787511443,-1.1966824910290028,0,1,0,0,0,0.0,Low,0.0,1.0,-1.1296310829530425,0,0,0,0.0
3503,-1.1919301599144982,0.1985012327385024,1.2551794358700088,0,2,0,0,0,0.0,Low,1.0,0.0,0.9423958194996919,0,0,0,0.0
3504,0.9832571870917033,-1.586983208354394,-0.5498968116939656,0,3,0,0,0,0.0,Low,1.0,0.0,-0.1592427244617296,0,0,0,0.0
3505,0.6207259625906697,0.1985012327385024,-0.5666903865357397,0,1,0,0,0,0.0,Low,1.0,0.0,-0.5912023231338078,0,0,0,0.0
3506,-0.20791683626883573,1.0912434532849506,0.167396458566333,0,3,0,0,0,0.0,Low,1.0,0.0,-0.17865164636290093,0,0,0,0.0
3507,1.1904178868065796,0.6448723430117265,-0.6746975074903622,0,1,0,0,0,0.0,Low,1.0,0.0,-0.7342977262298302,0,0,0,0.0
3508,-0.8293989354134648,-0.9174265429445578,-1.1094943181961423,0,3,0,0,0,0.0,Low,1.0,0.0,-0.9716082081902013,0,0,0,0.0
3509,0.879676837234265,-1.810168763491006,-0.7349792378727773,0,2,0,0,0,0.0,Low,1.0,0.0,-0.33451369664827124,0,0,0,0.0
3510,0.7243063124481078,-0.9174265429445578,-0.07053841257288107,0,1,0,0,0,0.0,Low,1.0,0.0,0.16017984972012783,0,0,0,0.0
3511,1.6565294611650514,-0.024684322398109648,-0.7392588452546591,0,1,0,0,0,0.0,Low,0.0,1.0,-0.7092373899964828,0,0,0,0.0
3512,-1.3473006847006557,-2.479725428900842,-0.8640312928175121,0,1,0,0,0,0.0,Low,1.0,0.0,-0.2813819705540897,0,0,0,0.0
3513,-0.6222382356985884,-0.2478698775347217,-0.9771372199267859,0,1,0,0,0,0.0,Low,1.0,0.0,-0.8995495940027554,0,0,0,0.0
3514,-1.4508810345580938,0.6448723430117265,0.06913497818431286,0,3,0,0,0,0.0,Low,1.0,0.0,-0.16033880278605112,0,0,0,0.0
3515,1.1904178868065796,-1.1406120980811698,-0.09775558559230796,0,2,0,1,0,0.2,Low,1.0,0.0,0.22045499914934405,0,0,1,0.0
3516,0.1028242133034788,-0.6942409878079457,0.20797504605196537,0,1,0,0,0,0.0,Low,0.0,1.0,0.3651435656775151,0,0,0,0.0
3517,1.1904178868065796,-0.024684322398109648,-0.45881038263206414,0,3,0,0,0,0.0,Low,1.0,0.0,-0.4619222626359723,0,0,0,0.0
3518,0.7760964873768269,-0.4710554326713337,-0.6282997838947123,0,1,0,0,0,0.0,Low,1.0,0.0,-0.5380328401541293,0,0,0,0.0
3519,0.5689357876619505,-0.2478698775347217,-0.8393282125834812,0,2,0,0,0,0.0,Low,1.0,0.0,-0.7719455255831682,0,0,0,0.0
3520,1.6565294611650514,1.0912434532849506,-0.5442330408684388,0,2,0,0,0,0.0,Low,1.0,0.0,-0.6855227198527414,0,0,0,0.0
3521,0.5689357876619505,-0.024684322398109648,-1.1815696860830833,0,3,0,0,0,0.0,Low,1.0,0.0,-1.099291808228843,0,0,0,0.0
3522,-0.7258185855560266,-1.586983208354394,-0.02507288068417564,0,1,0,0,0,0.0,Low,1.0,0.0,0.5349858842053115,0,0,0,0.0
3523,1.5529491113076133,0.8680578981483386,-0.607268974021372,0,1,0,1,0,0.2,Low,1.0,0.0,-0.707307793928257,0,0,1,0.0
3524,1.7083196360937705,-1.3637976532177818,0.890819595505631,0,1,0,0,0,0.0,Low,1.0,0.0,1.542862287551111,0,0,0,0.0
3525,-1.606251559344251,0.6448723430117265,-0.34025254644884184,0,1,0,0,0,0.0,Low,1.0,0.0,-0.47623200110023034,0,0,0,0.0
3526,1.0350473620204224,0.42168678787511443,-1.2562721396895955,0,1,0,0,0,0.0,Low,1.0,0.0,-1.1776110451351314,0,0,0,0.0
3527,1.5529491113076133,-1.3637976532177818,-0.15233117279888064,0,2,0,0,0,0.0,Low,0.0,1.0,0.2549901851703195,0,0,0,0.0
3528,0.3099849130183551,-1.3637976532177818,2.569400253260582,0,1,0,0,0,0.0,Low,0.0,1.0,3.61523501295521,0,0,0,0.0
3529,1.2939982366640177,-1.1406120980811698,0.06561807310811289,0,1,0,0,0,0.0,Low,0.0,1.0,0.4095495286421909,0,0,0,0.0
3530,1.0868375369491414,0.6448723430117265,0.5070673428134518,0,1,0,0,1,0.4,Medium,0.0,0.0,0.17758027628689854,0,0,0,0.0
3531,1.4493687614501751,-1.3637976532177818,1.0574135528300423,0,1,0,0,0,0.0,Low,1.0,0.0,1.7485388940229134,0,0,0,0.0
3532,-1.554461384415532,-0.6942409878079457,-0.8827033751899471,0,1,0,0,0,0.0,Low,1.0,0.0,-0.7569811501878975,0,0,0,0.0
3533,1.3457884115927368,-1.3637976532177818,-0.4278361945513153,0,1,0,0,0,0.0,Low,1.0,0.0,-0.08514782973760576,0,0,0,0.0
3534,-0.20791683626883573,0.8680578981483386,-0.8587629972615981,0,1,0,0,0,0.0,Low,0.0,1.0,-0.8936042409737973,0,0,0,0.0
3535,-1.65804173427297,0.6448723430117265,0.3519704165413569,0,1,0,0,0,0.0,Low,1.0,0.0,0.057903781179498,0,0,0,0.0
3536,1.4493687614501751,0.6448723430117265,-0.8526896270496865,0,1,0,0,1,0.4,Medium,0.0,0.0,-0.8716406996697229,0,0,0,0.0
3537,0.7760964873768269,-1.1406120980811698,-0.4648696287272038,0,1,0,0,0,0.0,Low,1.0,0.0,-0.20445595533998567,0,0,0,0.0
3538,-1.2955105097719366,-0.4710554326713337,0.4567713629887611,0,2,0,0,0,0.0,Low,0.0,1.0,0.5195673661502648,0,0,0,0.0
3539,-0.15612666134011663,-2.033354318627618,0.338058161521048,0,2,0,1,0,0.2,Low,1.0,0.0,1.4025941550831857,0,0,1,0.0
3540,1.3975785865214558,0.6448723430117265,-0.16916711999097045,0,1,0,0,0,0.0,Low,1.0,0.0,-0.34421839712646285,0,0,0,0.0
3541,0.7243063124481078,-0.4710554326713337,1.0765799792894932,0,1,0,0,0,0.0,Low,0.0,1.0,1.12368417669457,0,0,0,0.0
3542,-0.4668677109124311,-1.586983208354394,0.4498505457705361,0,3,0,0,0,0.0,Low,1.0,0.0,1.1632069124207496,0,0,0,0.0
3543,0.1028242133034788,-0.4710554326713337,-0.7323521521532064,0,1,0,0,0,0.0,Low,0.0,1.0,-0.6394508959679958,0,0,0,0.0
3544,-1.3473006847006557,1.0912434532849506,-1.0979972871438257,0,1,0,0,0,0.0,Low,1.0,0.0,-1.0799513912229417,0,0,0,0.0
3545,1.2422080617352986,1.7608001186947866,-0.9061070366809645,0,1,0,0,0,0.0,Low,1.0,0.0,-0.9810308841038768,0,0,0,0.0
3546,0.5689357876619505,1.7608001186947866,0.5323636359519021,0,2,0,0,0,0.0,Low,1.0,0.0,-0.062444663198435585,0,0,0,0.0
3547,1.4493687614501751,0.1985012327385024,0.053104105648220844,0,3,0,0,0,0.0,Low,1.0,0.0,-0.06947696694307014,0,0,0,0.0
3548,0.25819473808963606,0.8680578981483386,1.0945882281736496,0,1,0,0,0,0.0,Low,1.0,0.0,0.5533581497906179,0,0,0,0.0
3549,1.2422080617352986,-0.024684322398109648,0.16421853229265837,0,1,0,0,0,0.0,Low,1.0,0.0,0.08749945286561273,0,0,0,0.0
3550,1.5529491113076133,-0.4710554326713337,0.4795818115753593,0,1,0,0,0,0.0,Low,1.0,0.0,0.5418003185242831,0,0,0,0.0
3551,0.5171456127332315,0.1985012327385024,-0.0394229833244133,0,3,0,0,0,0.0,Low,1.0,0.0,-0.14736363592820137,0,0,0,0.0
3552,-0.2597070111975548,-0.2478698775347217,-0.7536371961284406,0,2,0,0,0,0.0,Low,1.0,0.0,-0.6926000420224798,0,0,0,0.0
3553,1.2939982366640177,-1.586983208354394,-0.7797244398061165,0,1,0,0,0,0.0,Low,1.0,0.0,-0.4632549942348632,0,0,0,0.0
3554,-1.2955105097719366,1.5376145635581746,-0.9015166987301011,0,2,0,0,0,0.0,Low,1.0,0.0,-0.9663082372152284,0,0,0,0.0
3555,-1.4508810345580938,0.6448723430117265,-0.7521541638673924,0,1,0,0,0,0.0,Low,1.0,0.0,-0.7940651334941033,0,0,0,0.0
3556,-0.2597070111975548,-0.6942409878079457,1.1376244119775905,0,1,0,0,0,0.0,Low,1.0,0.0,1.321596458002938,0,0,0,0.0
3557,1.2422080617352986,0.42168678787511443,0.31497935471578387,0,1,0,1,0,0.2,Low,1.0,0.0,0.0875178652485311,0,0,1,0.0
3558,-0.8811891103421838,1.0912434532849506,-0.44763820626550127,0,1,0,0,0,0.0,Low,1.0,0.0,-0.6167212894066272,0,0,0,0.0
3559,-0.9329792852709029,-0.024684322398109648,0.08567431892419299,0,1,0,0,0,0.0,Low,1.0,0.0,0.018234776029805007,0,0,0,0.0
3560,-1.606251559344251,1.0912434532849506,0.06975643932227597,0,2,0,0,1,0.4,Medium,0.0,0.0,-0.24819752860796424,0,0,0,0.0
3561,-0.6740284106273075,-0.9174265429445578,1.2859417621991793,0,1,0,1,0,0.2,Low,0.0,1.0,1.6378634109663113,0,0,1,0.0
3562,1.5529491113076133,-1.3637976532177818,-0.520631641742615,0,1,0,0,0,0.0,Low,1.0,0.0,-0.199712925500195,0,0,0,0.0
3563,0.1028242133034788,-0.4710554326713337,-0.09686576623567907,0,1,0,0,0,0.0,Low,1.0,0.0,-0.02005323270842065,0,0,0,0.0
3564,1.4493687614501751,0.8680578981483386,0.48976529976788974,0,1,0,0,0,0.0,Low,0.0,1.0,0.10533015611522048,0,0,0,0.0
3565,0.4135652628757933,1.0912434532849506,-0.7590467328520734,0,1,0,1,0,0.2,Low,1.0,0.0,-0.8385276848556588,0,0,1,0.0
3566,0.4135652628757933,-0.2478698775347217,1.439470911509595,0,1,0,0,0,0.0,Low,1.0,0.0,1.338105514991253,0,0,0,0.0
3567,1.3975785865214558,-1.3637976532177818,0.4266869942646411,0,1,0,0,0,0.0,Low,1.0,0.0,0.9698449950314082,0,0,0,0.0
3568,-1.08834981005706,-0.2478698775347217,-0.9056550649442641,0,1,0,0,0,0.0,Low,1.0,0.0,-0.8333607869645746,0,0,0,0.0
3569,-1.1919301599144982,-0.9174265429445578,2.084476952131374,0,1,0,1,1,0.6000000000000001,High,0.0,0.0,2.5077488285233236,0,0,1,0.0
3570,1.0350473620204224,0.42168678787511443,1.080012139665062,0,1,0,0,0,0.0,Low,1.0,0.0,0.7035014280816314,0,0,0,0.0
3571,-0.9329792852709029,-1.1406120980811698,0.2695279469438506,0,1,0,0,0,0.0,Low,1.0,0.0,0.6455621267478564,0,0,0,0.0
3572,-1.3473006847006557,0.42168678787511443,-1.2306227436318482,0,1,0,0,0,0.0,Low,1.0,0.0,-1.1569588499887287,0,0,0,0.0
3573,1.2939982366640177,-1.3637976532177818,-0.65866663495427,0,1,0,0,0,0.0,Low,0.0,1.0,-0.37013068514826,0,0,0,0.0
3574,1.1904178868065796,0.6448723430117265,-0.16224630277274554,0,2,0,1,0,0.2,Low,0.0,1.0,-0.33887812915427196,0,0,1,0.0
3575,0.3099849130183551,-0.024684322398109648,-0.09154097421267757,0,2,1,0,0,0.3,Medium,1.0,0.0,-0.1380435732345143,0,0,1,0.0
3576,1.2939982366640177,0.1985012327385024,-0.2347030218125277,0,3,0,0,0,0.0,Low,1.0,0.0,-0.3117448121438055,0,0,0,0.0
3577,-1.65804173427297,0.42168678787511443,-1.0278004267875458,0,1,0,0,0,0.0,Low,1.0,0.0,-0.9936518443156311,0,0,0,0.0
3578,-1.2437203348432175,-0.2478698775347217,-0.48640890680433196,0,1,0,0,0,0.0,Low,0.0,1.0,-0.4451603603069329,0,0,0,0.0
3579,0.5171456127332315,1.3144290084215626,-0.413443719560762,0,2,0,0,0,0.0,Low,0.0,1.0,-0.6188801251038798,0,0,0,0.0
3580,-1.1919301599144982,-0.6942409878079457,-1.270127898242817,0,1,0,0,0,0.0,Low,1.0,0.0,-1.1555758453639282,0,0,0,0.0
3581,-1.65804173427297,-0.4710554326713337,0.26057325691047384,0,1,0,0,0,0.0,Low,1.0,0.0,0.32833644266575,0,0,0,0.0
3582,0.827886662305546,-0.4710554326713337,1.6507253260667138,0,2,0,0,0,0.0,Low,1.0,0.0,1.6832937828889052,0,0,0,0.0
3583,-1.1401399849857792,-0.4710554326713337,-0.3594895934921524,0,1,0,1,0,0.2,Low,1.0,0.0,-0.27602816549015435,0,0,1,0.0
3584,-0.5704480607698693,1.0912434532849506,0.2819289214695677,0,1,0,0,0,0.0,Low,1.0,0.0,-0.09707381342130995,0,0,0,0.0
3585,-0.8293989354134648,-1.810168763491006,-0.8964037684586778,0,2,0,0,0,0.0,Low,1.0,0.0,-0.564468821247961,0,0,0,0.0
3586,1.4493687614501751,-0.024684322398109648,0.024319155667114283,0,2,0,0,0,0.0,Low,1.0,0.0,-0.035871635798058535,0,0,0,0.0
3587,1.4493687614501751,1.7608001186947866,0.04234152866804252,0,2,0,0,0,0.0,Low,1.0,0.0,-0.375365575841112,0,0,0,0.0
3588,0.20640456316091696,-2.926096539174066,0.8972319445200677,0,1,0,0,0,0.0,Low,1.0,0.0,4.0524351228842175,0,0,0,0.0
3589,1.7083196360937705,-0.9174265429445578,1.200603848663436,0,2,0,0,0,0.0,Low,1.0,0.0,1.5449004364031145,0,0,0,0.0
3590,0.20640456316091696,-0.024684322398109648,0.26733870884420785,0,2,0,0,0,0.0,Low,1.0,0.0,0.1784365874777746,0,0,0,0.0
3591,1.7083196360937705,-0.2478698775347217,-0.7404311469467258,0,2,0,0,0,0.0,Low,1.0,0.0,-0.6803719182167696,0,0,0,0.0
3592,1.3975785865214558,1.5376145635581746,-0.7610241092001376,0,2,0,1,0,0.2,Low,1.0,0.0,-0.8733875744991101,0,0,1,0.0
3593,-1.7098319092016891,-0.024684322398109648,1.1824684827283327,0,1,0,0,0,0.0,Low,1.0,0.0,0.985449164630383,0,0,0,0.0
3594,0.5689357876619505,-1.1406120980811698,-0.9921652801720741,0,1,0,0,0,0.0,Low,1.0,0.0,-0.8147668457658918,0,0,0,0.0
3595,-0.3114971861262739,-0.6942409878079457,-0.6627343805845736,0,2,0,0,0,0.0,Low,0.0,1.0,-0.5306700388983785,0,0,0,0.0
3596,-0.6740284106273075,0.8680578981483386,0.18150645122144848,0,1,0,0,0,0.0,Low,1.0,0.0,-0.1230153429732283,0,0,0,0.0
3597,-1.08834981005706,-0.9174265429445578,1.5864605947546264,0,1,0,0,0,0.0,Low,0.0,1.0,1.965234018344852,0,0,0,0.0
3598,-0.363287361054993,0.1985012327385024,1.7477297600560358,0,2,0,0,0,0.0,Low,1.0,0.0,1.3570106580767756,0,0,0,0.0
3599,-1.3990908596293747,-0.2478698775347217,-1.3162431395030292,0,1,0,0,0,0.0,Low,1.0,0.0,-1.2135442725602905,0,0,0,0.0
3600,-0.6222382356985884,1.3144290084215626,-0.009606972818959093,0,1,0,0,0,0.0,Low,1.0,0.0,-0.34189338249911433,0,0,0,0.0
3601,0.9832571870917033,0.42168678787511443,-0.3049846268694391,0,1,0,0,0,0.0,Low,1.0,0.0,-0.4116602480533448,0,0,0,0.0
3602,-1.554461384415532,0.1985012327385024,-0.8332124700212538,0,1,0,0,0,0.0,Low,1.0,0.0,-0.8155530243625397,0,0,0,0.0
3603,-0.5704480607698693,0.6448723430117265,-1.3265113723961912,0,1,0,0,0,0.0,Low,1.0,0.0,-1.2372528826556042,0,0,0,0.0
3604,-0.052546311482678465,-0.6942409878079457,-0.310775514745913,0,2,0,0,0,0.0,Low,0.0,1.0,-0.16856354203029575,0,0,0,0.0
3605,-0.3114971861262739,-0.9174265429445578,-1.0003855161333126,0,1,0,0,0,0.0,Low,1.0,0.0,-0.8527503832149124,0,0,0,0.0
3606,-1.3473006847006557,0.8680578981483386,0.13967081734311831,0,1,0,0,0,0.0,Low,0.0,1.0,-0.1540054629411542,0,0,0,0.0
3607,-1.7098319092016891,-0.024684322398109648,-0.23350247188691725,0,3,0,0,0,0.0,Low,0.0,1.0,-0.2632331554817187,0,0,0,0.0
3608,0.1546143882321979,-1.586983208354394,-1.2269222250376137,0,1,0,0,0,0.0,Low,1.0,0.0,-1.0548009926097988,0,0,0,0.0
3609,1.5011589363788942,1.3144290084215626,-0.4455760852168057,0,1,0,0,0,0.0,Low,1.0,0.0,-0.6409193262589525,0,0,0,0.0
3610,-0.6222382356985884,0.1985012327385024,-1.107022597761062,0,3,0,0,0,0.0,Low,1.0,0.0,-1.0460385937329797,0,0,0,0.0
3611,-0.6740284106273075,-1.3637976532177818,-0.0554538558605053,0,1,0,0,0,0.0,Low,0.0,1.0,0.3745947501376865,0,0,0,0.0
3612,0.051034038374759706,-0.024684322398109648,0.379540692480081,0,2,0,0,0,0.0,Low,1.0,0.0,0.2773825671187845,0,0,0,0.0
3613,-1.5026712094868129,-0.2478698775347217,-0.5796280774987884,0,3,0,0,0,0.0,Low,0.0,1.0,-0.5314765283472399,0,0,0,0.0
3614,1.3457884115927368,-0.9174265429445578,1.098316995001428,0,2,0,0,0,0.0,Low,1.0,0.0,1.4334741103874455,0,0,0,0.0
3615,0.6207259625906697,-0.9174265429445578,-0.03737498639248957,0,1,0,1,0,0.2,Low,0.0,1.0,0.19630647406213161,0,0,1,0.0
3616,0.827886662305546,-0.024684322398109648,-0.25772533215070403,0,1,0,0,0,0.0,Low,1.0,0.0,-0.28459422737048146,0,0,0,0.0
3617,0.7243063124481078,-0.6942409878079457,-0.24299387835762556,0,1,0,0,0,0.0,Low,1.0,0.0,-0.09882763455126664,0,0,0,0.0
3618,-1.4508810345580938,-0.9174265429445578,-0.44584444343547164,0,2,0,0,0,0.0,Low,0.0,1.0,-0.24866029594244607,0,0,0,0.0
3619,1.1386277118778605,2.207171228968011,-0.4739514358115274,0,2,0,0,0,0.0,Low,0.0,1.0,-0.7439784121338621,0,0,0,0.0
3620,1.2939982366640177,-0.2478698775347217,-1.012009664236576,0,2,0,0,0,0.0,Low,1.0,0.0,-0.9318396877741977,0,0,0,0.0
3621,-0.2597070111975548,0.42168678787511443,1.4663773539600402,0,1,0,0,0,0.0,Low,1.0,0.0,1.0145921760055578,0,0,0,0.0
3622,-0.8293989354134648,1.3144290084215626,-0.45519460873846107,0,1,0,0,0,0.0,Low,1.0,0.0,-0.6475165552640535,0,0,0,0.0
3623,-1.65804173427297,1.3144290084215626,1.747899249457299,0,1,0,1,1,0.6000000000000001,High,0.0,0.0,0.8635588888543682,0,0,1,0.0
3624,-1.3473006847006557,-0.6942409878079457,0.35722458798049905,0,1,0,0,0,0.0,Low,0.0,1.0,0.5186962504724523,0,0,0,0.0
3625,1.0350473620204224,-0.024684322398109648,-0.38540734776856556,0,2,0,0,0,0.0,Low,0.0,1.0,-0.39719136432349383,0,0,0,0.0
3626,0.20640456316091696,2.207171228968011,-0.162698274509446,0,1,0,0,0,0.0,Low,1.0,0.0,-0.5580400548411694,0,0,0,0.0
3627,0.7243063124481078,1.3144290084215626,0.37949832012976537,0,1,0,0,0,0.0,Low,1.0,0.0,-0.07501076596236694,0,0,0,0.0
3628,-0.363287361054993,0.42168678787511443,0.7439287810780025,0,2,0,0,0,0.0,Low,1.0,0.0,0.4328962609513145,0,0,0,0.0
3629,-0.7258185855560266,0.8680578981483386,-0.272146055374801,0,1,0,0,0,0.0,Low,0.0,1.0,-0.45906249464433385,0,0,0,0.0
3630,-1.1401399849857792,3.323099004651071,0.6193399470331843,0,3,0,0,0,0.0,Low,1.0,0.0,-0.259943882555796,0,0,0,0.0
3631,0.4653554378045124,-1.3637976532177818,0.33579830283754586,0,1,0,0,0,0.0,Low,0.0,1.0,0.8576339765790084,0,0,0,0.0
3632,1.3975785865214558,-0.4710554326713337,0.3905010070950655,0,3,0,0,0,0.0,Low,1.0,0.0,0.45497478872680014,0,0,0,0.0
3633,-0.15612666134011663,-0.6942409878079457,0.6232805756125408,0,1,0,1,0,0.2,Low,1.0,0.0,0.7924231288184561,0,0,1,0.0
3634,1.3975785865214558,-0.6942409878079457,-0.6912368482302423,0,1,0,0,0,0.0,Low,1.0,0.0,-0.5599942858858096,0,0,0,0.0
3635,1.7083196360937705,-2.033354318627618,1.2588234579971556,0,1,0,0,0,0.0,Low,1.0,0.0,2.823563172940675,0,0,0,0.0
3636,0.051034038374759706,0.6448723430117265,0.055618198433616754,0,2,0,0,0,0.0,Low,1.0,0.0,-0.17076867309092136,0,0,0,0.0
3637,-0.984769460199622,-0.9174265429445578,0.739988152498646,0,1,0,0,0,0.0,Low,1.0,0.0,1.0431280884297642,0,0,0,0.0
3638,-0.9329792852709029,-1.586983208354394,-0.2744906587589343,0,1,0,0,0,0.0,Low,1.0,0.0,0.20506008086683042,0,0,0,0.0
3639,-1.08834981005706,0.6448723430117265,-0.0680666921378008,0,3,0,0,0,0.0,Low,0.0,1.0,-0.26620689070821557,0,0,0,0.0
3640,0.051034038374759706,-0.6942409878079457,-0.693270721045394,0,1,0,0,0,0.0,Low,1.0,0.0,-0.562086799050423,0,0,0,0.0
3641,1.2939982366640177,0.42168678787511443,-0.9419257968144706,0,2,0,0,0,0.0,Low,1.0,0.0,-0.9245079310501415,0,0,0,0.0
3642,-0.6740284106273075,1.0912434532849506,-0.41498324828889777,0,1,0,0,0,0.0,Low,1.0,0.0,-0.5934622007691924,0,0,0,0.0
3643,1.0350473620204224,-0.4710554326713337,0.433833797351216,0,1,0,0,0,0.0,Low,1.0,0.0,0.49721051497044666,0,0,0,0.0
3644,-0.20791683626883573,1.9839856738313988,-0.6761099191675509,0,1,0,0,0,0.0,Low,0.0,1.0,-0.8499613914038417,0,0,0,0.0
3645,0.7243063124481078,-0.6942409878079457,-1.1453130783296483,0,1,0,0,0,0.0,Low,1.0,0.0,-1.0271623812271953,0,0,0,0.0
3646,0.051034038374759706,-0.024684322398109648,0.9720473910607551,0,1,0,0,0,0.0,Low,0.0,1.0,0.7998880864969782,0,0,0,0.0
3647,0.20640456316091696,-0.6942409878079457,-0.9957810540656773,0,1,0,0,0,0.0,Low,1.0,0.0,-0.87331906960384,0,0,0,0.0
3648,-0.15612666134011663,0.42168678787511443,0.023429336310485386,0,1,0,0,0,0.0,Low,1.0,0.0,-0.14723026922946858,0,0,0,0.0
3649,-0.5186578858411502,-1.3637976532177818,1.996978048729532,0,1,0,0,0,0.0,Low,1.0,0.0,2.9085235668264096,0,0,0,0.0
3650,0.7760964873768269,-0.4710554326713337,5.269776014760952,0,1,0,0,0,0.0,Low,1.0,0.0,5.210720317068166,0,0,0,0.0
3651,-0.10433648641139755,1.7608001186947866,-0.3783029170323063,0,1,0,0,0,0.0,Low,1.0,0.0,-0.6439829338950749,0,0,0,0.0
3652,1.0868375369491414,-0.024684322398109648,0.9955922937194913,0,1,0,0,0,0.0,Low,1.0,0.0,0.8206512974815658,0,0,0,0.0
3653,1.2422080617352986,-0.2478698775347217,0.03786418365135445,0,3,0,0,0,0.0,Low,1.0,0.0,0.04028961567612135,0,0,0,0.0
3654,-1.606251559344251,0.6448723430117265,-0.8805282612070764,0,1,0,0,0,0.0,Low,1.0,0.0,-0.8931216551252082,0,0,0,0.0
3655,-1.2437203348432175,-0.4710554326713337,-0.44210155249092137,0,1,0,0,0,0.0,Low,1.0,0.0,-0.35654862272584087,0,0,0,0.0
3656,-0.4668677109124311,-0.2478698775347217,-0.6245003964830746,0,1,0,0,0,0.0,Low,1.0,0.0,-0.573025992872097,0,0,0,0.0
3657,1.3975785865214558,0.42168678787511443,0.9349998327680945,0,2,0,0,0,0.0,Low,1.0,0.0,0.5867414679670291,0,0,0,0.0
3658,-0.2597070111975548,-0.9174265429445578,1.9089706771239021,0,1,0,0,0,0.0,Low,1.0,0.0,2.3165608242329756,0,0,0,0.0
3659,-0.7776087604847457,0.6448723430117265,-0.5494307158404933,0,1,0,0,0,0.0,Low,1.0,0.0,-0.6376388759331783,0,0,0,0.0
3660,0.4653554378045124,-0.2478698775347217,-1.1364431329969031,0,2,0,0,0,0.0,Low,1.0,0.0,-1.0470586939007285,0,0,0,0.0
3661,1.6565294611650514,-0.024684322398109648,-0.10165384182134886,0,1,0,0,0,0.0,Low,1.0,0.0,-0.14696166505512898,0,0,0,0.0
3662,1.3975785865214558,-0.9174265429445578,-0.8494128319586086,0,1,0,0,0,0.0,Low,0.0,1.0,-0.688288080152017,0,0,0,0.0
3663,0.4653554378045124,0.42168678787511443,-0.9518832991386513,0,3,0,0,0,0.0,Low,1.0,0.0,-0.9325254407297748,0,0,0,0.0
3664,-0.4668677109124311,-0.2478698775347217,-0.7381430400296801,0,1,0,0,0,0.0,Low,1.0,0.0,-0.6782532486375985,0,0,0,0.0
3665,-0.7258185855560266,-2.033354318627618,-0.7793854610035912,0,1,0,0,1,0.4,Medium,0.0,0.0,-0.32189825670391864,0,0,0,0.0
3666,0.7243063124481078,0.1985012327385024,0.13522172055997367,0,1,0,0,0,0.0,Low,1.0,0.0,-0.0003526968347583563,0,0,0,0.0
3667,-0.5186578858411502,3.099913449514459,0.38678636438405933,0,1,0,0,0,0.0,Low,1.0,0.0,-0.35303933655014896,0,0,0,0.0
3668,-1.1919301599144982,1.5376145635581746,0.01194642937494098,0,1,0,0,0,0.0,Low,1.0,0.0,-0.36215111039284537,0,0,0,0.0
3669,1.0868375369491414,-0.6942409878079457,-0.8516303182917949,0,1,0,0,0,0.0,Low,1.0,0.0,-0.7250121990618578,0,0,0,0.0
3670,-0.3114971861262739,-0.2478698775347217,-0.8380287938404675,0,1,0,0,0,0.0,Low,1.0,0.0,-0.7707423305135154,0,0,0,0.0
3671,1.5011589363788942,-0.4710554326713337,-0.3136003381002904,0,1,0,0,1,0.4,Medium,0.0,0.0,-0.2313006965965407,0,0,0,0.0
3672,1.2939982366640177,0.42168678787511443,-0.5125243987155517,0,3,0,0,0,0.0,Low,1.0,0.0,-0.5787656200143819,0,0,0,0.0
3673,-1.5026712094868129,0.42168678787511443,-0.23009855974489243,0,2,1,0,0,0.3,Medium,0.0,1.0,-0.35136402632084046,0,0,1,0.0
3674,0.879676837234265,-0.2478698775347217,0.09968544276190533,0,1,0,0,0,0.0,Low,1.0,0.0,0.09753292893557965,0,0,0,0.0
3675,-0.6740284106273075,-0.024684322398109648,-0.3232329857387175,0,1,0,0,0,0.0,Low,1.0,0.0,-0.34236253723641863,0,0,0,0.0
3676,-1.1401399849857792,-0.024684322398109648,0.2922112784795016,0,1,0,0,0,0.0,Low,1.0,0.0,0.2003706093997056,0,0,0,0.0
3677,0.827886662305546,0.42168678787511443,-0.06717687278117189,0,1,0,0,0,0.0,Low,0.0,1.0,-0.22018392113705365,0,0,0,0.0
3678,-1.554461384415532,-0.4710554326713337,0.34695635508733697,0,3,0,0,1,0.4,Medium,0.0,0.0,0.4125325644734882,0,0,0,0.0
3679,0.4135652628757933,0.42168678787511443,-0.9768123652410324,0,3,0,0,0,0.0,Low,1.0,0.0,-0.9525976458142468,0,0,0,0.0
3680,0.20640456316091696,-0.6942409878079457,-1.1770640928328513,0,1,0,0,0,0.0,Low,0.0,1.0,-1.0598288367414395,0,0,0,0.0
3681,-0.4668677109124311,-1.3637976532177818,-0.8673080879085899,0,1,0,0,0,0.0,Low,1.0,0.0,-0.6277190557121824,0,0,0,0.0
3682,-1.036559635128341,0.42168678787511443,0.8294644322485523,0,3,0,0,0,0.0,Low,1.0,0.0,0.5017672377170721,0,0,0,0.0
3683,-0.10433648641139755,1.3144290084215626,-0.06056678613192853,0,2,0,0,0,0.0,Low,1.0,0.0,-0.3768461023969177,0,0,0,0.0
3684,-1.1919301599144982,-0.2478698775347217,-0.6872397231837982,0,1,0,0,0,0.0,Low,1.0,0.0,-0.6311193896046794,0,0,0,0.0
3685,1.3975785865214558,-0.4710554326713337,-0.7701059162844613,0,1,0,0,0,0.0,Low,1.0,0.0,-0.6762488412904425,0,0,0,0.0
3686,-0.8293989354134648,1.5376145635581746,0.4201899005495727,0,1,0,0,0,0.0,Low,1.0,0.0,-0.0921421795446815,0,0,0,0.0
3687,-0.363287361054993,1.0912434532849506,-0.03748797932666472,0,3,0,0,0,0.0,Low,1.0,0.0,-0.32458431927580234,0,0,0,0.0
3688,1.0868375369491414,-0.9174265429445578,-1.0378850461626734,0,1,0,1,0,0.2,Low,1.0,0.0,-0.8936005483035069,0,0,1,0.0
3689,1.0350473620204224,-0.4710554326713337,-1.0412748341879263,0,2,0,0,0,0.0,Low,1.0,0.0,-0.9405525271286967,0,0,0,0.0
3690,-0.6740284106273075,-0.4710554326713337,0.3081150339646468,0,1,0,1,1,0.6000000000000001,High,0.0,0.0,0.37467459603475706,0,0,1,0.0
3691,0.5171456127332315,-2.033354318627618,-0.7084541465751729,0,3,0,0,0,0.0,Low,1.0,0.0,-0.21243366178007464,0,0,0,0.0
3692,-1.5026712094868129,0.8680578981483386,-1.121697555087053,0,1,0,0,0,0.0,Low,1.0,0.0,-1.0883753663360223,0,0,0,0.0
3693,0.36177508794707425,0.6448723430117265,-1.1267539888913884,0,1,0,0,0,0.0,Low,1.0,0.0,-1.083115311368475,0,0,0,0.0
3694,1.2939982366640177,-1.3637976532177818,0.13640814636881243,0,1,0,0,0,0.0,Low,1.0,0.0,0.6114672403719351,0,0,0,0.0
3695,1.0350473620204224,0.8680578981483386,-0.6789488666387002,0,1,1,0,0,0.3,Medium,0.0,1.0,-0.7604053154803248,0,0,1,0.0
3696,-0.6222382356985884,-0.4710554326713337,0.5157677987449345,0,1,0,0,0,0.0,Low,1.0,0.0,0.5770701785752028,0,0,0,0.0
3697,1.6047392862363323,-0.2478698775347217,-0.20299437965964054,0,1,0,0,0,0.0,Low,0.0,1.0,-0.1827330530498417,0,0,0,0.0
3698,1.5529491113076133,-0.4710554326713337,-0.5767608817940953,0,1,0,0,0,0.0,Low,1.0,0.0,-0.48779875766942754,0,0,0,0.0
3699,-1.554461384415532,-0.9174265429445578,-0.25563496286846465,0,1,0,0,0,0.0,Low,1.0,0.0,-0.04145533426707775,0,0,0,0.0
3700,1.6047392862363323,-1.3637976532177818,2.2087974279575264,0,1,0,0,0,0.0,Low,1.0,0.0,3.1700353995739823,0,0,0,0.0
3701,-0.984769460199622,1.7608001186947866,-0.896135410240012,0,1,0,0,0,0.0,Low,1.0,0.0,-0.9746631500770789,0,0,0,0.0
3702,-0.6222382356985884,1.7608001186947866,1.0670603245852412,0,1,0,0,0,0.0,Low,1.0,0.0,0.2790047802186913,0,0,0,0.0
3703,0.6725161375193888,-0.4710554326713337,0.32239451602102476,0,1,0,0,0,0.0,Low,1.0,0.0,0.38859256188623226,0,0,0,0.0
3704,0.6207259625906697,0.6448723430117265,-0.6501921648911376,0,1,0,0,0,0.0,Low,1.0,0.0,-0.7153888182058488,0,0,0,0.0
3705,-1.036559635128341,1.7608001186947866,0.321504696664396,0,1,0,1,0,0.2,Low,1.0,0.0,-0.1970960814506555,0,0,1,0.0
3706,0.827886662305546,0.6448723430117265,-0.09781208205939546,0,1,0,0,1,0.4,Medium,0.0,0.0,-0.2891591444825699,0,0,0,0.0
3707,-0.7258185855560266,-1.1406120980811698,-0.33824692186723376,0,1,0,0,0,0.0,Low,1.0,0.0,-0.05789829502154767,0,0,0,0.0
3708,0.827886662305546,-0.024684322398109648,-0.5179198113224127,0,1,0,0,0,0.0,Low,1.0,0.0,-0.5140482602187553,0,0,0,0.0
3709,-0.052546311482678465,-0.9174265429445578,0.7471773279355366,0,1,0,0,0,0.0,Low,1.0,0.0,1.0509596266708545,0,0,0,0.0
3710,1.2939982366640177,-0.2478698775347217,-0.22740085344146185,0,1,0,0,0,0.0,Low,1.0,0.0,-0.20533219522766766,0,0,0,0.0
3711,0.4653554378045124,-1.3637976532177818,-0.8613194623973097,0,1,0,0,0,0.0,Low,1.0,0.0,-0.6203255091972147,0,0,0,0.0
3712,-1.1401399849857792,0.42168678787511443,-0.28509787045462165,0,2,0,0,0,0.0,Low,0.0,1.0,-0.3956479734023893,0,0,0,0.0
3713,0.3099849130183551,-1.3637976532177818,-1.1094801940793704,0,1,0,0,1,0.4,Medium,0.0,0.0,-0.926704311716042,0,0,0,0.0
3714,-0.7258185855560266,0.42168678787511443,-0.7052338479511827,0,1,0,1,0,0.2,Low,1.0,0.0,-0.7339300201121355,0,0,1,0.0
3715,0.20640456316091696,1.5376145635581746,0.28314359551194984,0,1,0,0,0,0.0,Low,1.0,0.0,-0.18278349756363169,0,0,0,0.0
3716,-1.606251559344251,-2.25653987376423,-0.9196803128987481,0,2,0,0,0,0.0,Low,1.0,0.0,-0.46842173534424153,0,0,0,0.0
3717,-0.3114971861262739,-2.033354318627618,3.065622847807301,0,1,0,0,0,0.0,Low,1.0,0.0,5.611902355824563,0,0,0,0.0
3718,1.1386277118778605,-0.2478698775347217,-1.2806786134714168,0,2,0,0,0,0.0,Low,1.0,0.0,-1.1806133466321855,0,0,0,0.0
3719,-1.08834981005706,-1.1406120980811698,-0.5327501339328944,0,2,0,0,0,0.0,Low,1.0,0.0,-0.28302328556758344,0,0,0,0.0
3720,1.6565294611650514,-0.4710554326713337,0.3994133247781264,0,2,0,0,0,0.0,Low,1.0,0.0,0.4636614716667418,0,0,0,0.0
3721,0.1546143882321979,-0.2478698775347217,-1.0961752760802523,0,2,0,0,0,0.0,Low,1.0,0.0,-1.0097727249487718,0,0,0,0.0
3722,0.7760964873768269,1.9839856738313988,0.421687056927393,0,1,0,0,0,0.0,Low,1.0,0.0,-0.17229228423890558,0,0,0,0.0
3723,1.6565294611650514,-0.024684322398109648,0.3373237074489099,0,1,0,0,0,0.0,Low,1.0,0.0,0.24015327039836945,0,0,0,0.0
3724,0.1028242133034788,-0.9174265429445578,-0.48268013997655373,0,3,0,0,0,0.0,Low,1.0,0.0,-0.288787313099152,0,0,0,0.0
3725,1.0350473620204224,1.7608001186947866,-0.84598067158304,0,3,0,0,0,0.0,Low,1.0,0.0,-0.9426350714238781,0,0,0,0.0
3726,-0.41507753598371205,0.8680578981483386,-0.2379091963197461,0,1,0,0,0,0.0,Low,0.0,1.0,-0.4337012350892182,0,0,0,0.0
3727,0.3099849130183551,-1.3637976532177818,0.2863921423694839,0,1,0,0,0,0.0,Low,1.0,0.0,0.796637217830525,0,0,0,0.0
3728,0.4653554378045124,0.1985012327385024,-0.8076901910144534,0,2,0,0,0,0.0,Low,0.0,1.0,-0.7940690965872181,0,0,0,0.0
3729,-0.6222382356985884,0.42168678787511443,-0.3466366472297349,0,1,0,0,0,0.0,Low,1.0,0.0,-0.4451973204579384,0,0,0,0.0
3730,-0.7258185855560266,-1.586983208354394,-1.0808788576162984,0,1,0,0,0,0.0,Low,1.0,0.0,-0.8616171879481591,0,0,0,0.0
3731,-1.3473006847006557,1.7608001186947866,0.5995238112022264,0,1,0,0,0,0.0,Low,1.0,0.0,-0.01955716277715459,0,0,0,0.0
3732,-0.2597070111975548,0.1985012327385024,1.8340139894154959,0,1,0,0,0,0.0,Low,1.0,0.0,1.429642265591684,0,0,0,0.0
3733,0.3099849130183551,-0.2478698775347217,-0.6033283454420155,0,1,0,0,0,0.0,Low,0.0,1.0,-0.5534217601611241,0,0,0,0.0
3734,-0.20791683626883573,-0.4710554326713337,-0.7476203223836165,0,2,0,0,0,0.0,Low,1.0,0.0,-0.6543325191979116,0,0,0,0.0
3735,1.0868375369491414,-0.024684322398109648,0.8831643242152679,0,1,0,0,0,0.0,Low,1.0,0.0,0.7215060308724973,0,0,0,0.0
3736,-0.9329792852709029,-0.024684322398109648,0.8559330270790692,0,3,0,0,0,0.0,Low,1.0,0.0,0.6974919512214567,0,0,0,0.0
3737,0.6207259625906697,-0.4710554326713337,0.4565877494707264,0,3,0,0,1,0.4,Medium,0.0,0.0,0.5193884012085539,0,0,0,0.0
3738,1.4493687614501751,-0.6942409878079457,-0.9929562307112998,0,2,1,0,0,0.3,Medium,1.0,0.0,-0.8704128013196545,0,0,1,0.0
3739,-1.3990908596293747,0.1985012327385024,-1.3575703051775716,0,3,0,0,1,0.4,Medium,0.0,0.0,-1.256942520023201,0,0,0,0.0
3740,0.5689357876619505,-1.1406120980811698,-0.3815373397730684,0,1,0,1,0,0.2,Low,0.0,1.0,-0.10800417665858193,0,0,1,0.0
3741,1.2939982366640177,1.0912434532849506,0.1387668738697174,0,1,0,0,0,0.0,Low,1.0,0.0,-0.19904358955843748,0,0,0,0.0
3742,1.1386277118778605,1.7608001186947866,-0.5997690680154998,0,2,0,0,0,0.0,Low,0.0,1.0,-0.7854079615724014,0,0,0,0.0
3743,0.7243063124481078,-0.9174265429445578,0.8255379277859676,0,1,0,0,1,0.4,Medium,0.0,0.0,1.1363218548861171,0,0,0,0.0
3744,-0.363287361054993,-0.4710554326713337,-0.7237646891558989,0,1,0,0,0,0.0,Low,1.0,0.0,-0.6310808433095417,0,0,0,0.0
3745,0.9832571870917033,-0.6942409878079457,-1.1692252080244538,0,1,0,0,0,0.0,Low,1.0,0.0,-1.0517639422528249,0,0,0,0.0
3746,0.051034038374759706,-0.6942409878079457,-0.6021842919834925,0,1,0,0,0,0.0,Low,1.0,0.0,-0.468374178226864,0,0,0,0.0
3747,0.879676837234265,1.5376145635581746,0.04498273850438562,0,2,0,0,0,0.0,Low,1.0,0.0,-0.3403011626605642,0,0,0,0.0
3748,0.1546143882321979,0.42168678787511443,-0.9263610201318508,0,1,0,0,0,0.0,Low,1.0,0.0,-0.9119755967707713,0,0,0,0.0
3749,1.1904178868065796,-1.3637976532177818,-0.05675327460351904,0,2,0,0,0,0.0,Low,1.0,0.0,0.37299049004481605,0,0,0,0.0
3750,-1.3473006847006557,-0.6942409878079457,-0.38576045068786274,0,1,0,0,0,0.0,Low,1.0,0.0,-0.24571043363399783,0,0,0,0.0
3751,-0.7258185855560266,-0.024684322398109648,1.7882377269578091,0,1,0,0,0,0.0,Low,1.0,0.0,1.5196503379465056,0,0,0,0.0
3752,0.9832571870917033,-1.586983208354394,0.6456673006959824,0,1,0,0,0,0.0,Low,1.0,0.0,1.4222301491546927,0,0,0,0.0
3753,-1.1401399849857792,2.4303567841046227,3.3472577362387343,0,2,0,0,0,0.0,Low,0.0,1.0,1.4497901356006793,0,0,0,0.0
3754,0.7760964873768269,-0.6942409878079457,-1.0169531051067364,0,1,0,0,0,0.0,Low,1.0,0.0,-0.8951015503938098,0,0,0,0.0
3755,-0.8811891103421838,-1.3637976532177818,1.1345594786380908,0,3,0,0,0,0.0,Low,1.0,0.0,1.8437831182322377,0,0,0,0.0
3756,1.5529491113076133,0.42168678787511443,-1.2505377482802091,0,2,0,0,0,0.0,Low,1.0,0.0,-1.172993869347995,0,0,0,0.0
3757,0.4135652628757933,0.1985012327385024,0.7623466293485436,0,1,0,0,0,0.0,Low,1.0,0.0,0.5275431953357202,0,0,0,0.0
3758,-0.2597070111975548,0.8680578981483386,-1.1822758919216776,0,3,0,0,1,0.4,Medium,0.0,0.0,-1.1332493111511588,0,0,0,0.0
3759,-0.7776087604847457,-1.810168763491006,0.4033398292407113,0,1,0,0,0,0.0,Low,1.0,0.0,1.2870632840138518,0,0,0,0.0
3760,-1.1919301599144982,-0.9174265429445578,-0.04447941712874886,0,1,0,0,0,0.0,Low,1.0,0.0,0.1885672525783037,0,0,0,0.0
3761,0.827886662305546,-1.1406120980811698,0.0645305161166776,0,1,0,0,0,0.0,Low,0.0,1.0,0.40829075119160313,0,0,0,0.0
3762,1.2422080617352986,-0.024684322398109648,-1.2772323289790763,0,1,0,0,0,0.0,Low,0.0,1.0,-1.1836524728950766,0,0,0,0.0
3763,-0.0007561365539593763,0.6448723430117265,0.316871986363217,0,1,0,0,0,0.0,Low,1.0,0.0,0.030820993606245187,0,0,0,0.0
3764,-0.7258185855560266,1.0912434532849506,-1.1708636055699926,0,1,0,0,0,0.0,Low,0.0,1.0,-1.1318517538010238,0,0,0,0.0
3765,0.827886662305546,1.0912434532849506,1.7948195653735084,0,2,0,0,0,0.0,Low,1.0,0.0,0.9805101053979731,0,0,0,0.0
3766,-1.2437203348432175,-1.1406120980811698,-0.7567021294679402,0,1,0,0,0,0.0,Low,1.0,0.0,-0.5422333538340813,0,0,0,0.0
3767,-0.10433648641139755,-0.024684322398109648,-0.5511256098531199,0,1,0,0,0,0.0,Low,1.0,0.0,-0.5433309890878406,0,0,0,0.0
3768,0.9314670121629842,-1.1406120980811698,1.1106332248265138,0,1,1,0,0,0.3,Medium,1.0,0.0,1.619087528825191,0,0,1,0.0
3769,-0.984769460199622,-0.024684322398109648,-0.2092654875063586,0,1,0,0,0,0.0,Low,0.0,1.0,-0.24185962815745224,0,0,0,0.0
3770,-1.606251559344251,1.3144290084215626,-0.1944351648958769,0,1,0,0,0,0.0,Low,1.0,0.0,-0.46866480505528263,0,0,0,0.0
3771,0.1546143882321979,-0.2478698775347217,0.19113909885987587,0,1,0,0,0,0.0,Low,1.0,0.0,0.18221432106603233,0,0,0,0.0
3772,0.3099849130183551,-0.2478698775347217,-0.897138222530816,0,2,0,0,0,0.0,Low,0.0,1.0,-0.8254746279754374,0,0,0,0.0
3773,0.3099849130183551,0.42168678787511443,-0.7640890425396372,0,1,0,0,0,0.0,Low,1.0,0.0,-0.781318619878138,0,0,0,0.0
3774,1.1386277118778605,-0.024684322398109648,-0.16649766192108362,0,1,0,1,1,0.6000000000000001,High,0.0,0.0,-0.20414456945239445,0,0,1,0.0
3775,-0.5704480607698693,1.3144290084215626,1.9446481960896893,0,1,0,0,1,0.4,Medium,0.0,0.0,0.9985066128500446,0,0,0,0.0
3776,-1.1919301599144982,0.42168678787511443,0.5141717735497111,0,1,0,0,0,0.0,Low,1.0,0.0,0.24790217590366287,0,0,0,0.0
3777,1.5529491113076133,-0.6942409878079457,0.6008232299452401,0,2,0,0,0,0.0,Low,1.0,0.0,0.7693182959591822,0,0,0,0.0
3778,-1.3473006847006557,-0.024684322398109648,1.2653770481793114,0,3,0,0,0,0.0,Low,1.0,0.0,1.058562571036819,0,0,0,0.0
3779,1.1386277118778605,-1.1406120980811698,0.831399436246301,0,2,0,0,0,0.0,Low,1.0,0.0,1.2958923314469957,0,0,0,0.0
3780,1.3457884115927368,-0.4710554326713337,0.45175730153474114,0,1,1,0,0,0.3,Medium,1.0,0.0,0.5146802465881738,0,0,1,0.0
3781,-1.2437203348432175,-0.4710554326713337,-0.3944044101522578,0,1,0,0,0,0.0,Low,1.0,0.0,-0.3100590374830791,0,0,0,0.0
3782,0.25819473808963606,0.6448723430117265,-0.9335643196855135,0,1,1,0,1,0.7,High,0.0,0.0,-0.9340455454018943,0,1,1,0.0
3783,-0.3114971861262739,-0.024684322398109648,-0.8722232805452067,0,1,0,0,0,0.0,Low,1.0,0.0,-0.8264928598278609,0,0,0,0.0
3784,0.7760964873768269,1.5376145635581746,0.9806489781748347,0,1,0,0,0,0.0,Low,1.0,0.0,0.2785409226206243,0,0,0,0.0
3785,0.1028242133034788,0.42168678787511443,0.285897798282468,0,1,0,0,0,0.0,Low,1.0,0.0,0.06410218804233991,0,0,0,0.0
3786,-1.08834981005706,-0.024684322398109648,-1.3657340446717223,0,1,0,1,0,0.2,Low,1.0,0.0,-1.2616982317609589,0,0,1,0.0
3787,0.1028242133034788,1.3144290084215626,-0.23220305314390366,0,1,0,0,0,0.0,Low,0.0,1.0,-0.494569343028322,0,0,0,0.0
3788,-0.41507753598371205,2.207171228968011,-1.3042941367140124,0,1,0,1,0,0.2,Low,1.0,0.0,-1.2400137203373431,0,0,1,0.0
3789,-1.554461384415532,0.8680578981483386,-0.3984862798993332,0,2,0,0,0,0.0,Low,1.0,0.0,-0.5526501459316728,0,0,0,0.0
3790,1.5529491113076133,-0.6942409878079457,0.8710317079082168,0,1,0,0,0,0.0,Low,1.0,0.0,1.0473173886829388,0,0,0,0.0
3791,0.20640456316091696,-1.3637976532177818,0.28342607784738766,0,1,0,0,0,0.0,Low,1.0,0.0,0.7929753197924513,0,0,0,0.0
3792,-0.6222382356985884,1.3144290084215626,-0.539572082333716,0,1,1,0,0,0.3,Medium,1.0,0.0,-0.7053900443631326,0,0,1,0.0
3793,-1.65804173427297,-1.1406120980811698,-0.09751547560718593,0,1,0,0,0,0.0,Low,1.0,0.0,0.2207329110540192,0,0,0,0.0
3794,-0.15612666134011663,-1.1406120980811698,-0.7540467955148252,0,1,0,0,0,0.0,Low,1.0,0.0,-0.5391599751235553,0,0,0,0.0
3795,-1.1919301599144982,1.5376145635581746,-1.0497775524846027,0,1,0,0,1,0.4,Medium,0.0,0.0,-1.0643667670766033,0,0,0,0.0
3796,0.6207259625906697,0.42168678787511443,-0.7935378260090223,0,1,0,0,0,0.0,Low,0.0,1.0,-0.8050299782923726,0,0,0,0.0
3797,1.4493687614501751,-2.479725428900842,0.7187313567569557,0,1,1,0,0,0.3,Medium,1.0,0.0,2.6497320011928345,0,0,1,0.0
3798,1.5529491113076133,-0.2478698775347217,1.1742199985335506,0,1,0,0,0,0.0,Low,0.0,1.0,1.0924967822947433,0,0,0,0.0
3799,-1.2437203348432175,1.7608001186947866,0.7971343289577023,0,2,0,0,0,0.0,Low,1.0,0.0,0.10663400828365396,0,0,0,0.0
3800,0.3099849130183551,-0.2478698775347217,0.6280968994317545,0,1,0,0,0,0.0,Low,1.0,0.0,0.5868148196513321,0,0,0,0.0
3801,-0.5186578858411502,0.1985012327385024,-0.9689876045494069,0,1,0,0,0,0.0,Low,1.0,0.0,-0.929844666700208,0,0,0,0.0
3802,0.5171456127332315,0.6448723430117265,-0.47554746100675066,0,1,0,0,0,0.0,Low,1.0,0.0,-0.580628790703526,0,0,0,0.0
3803,1.3457884115927368,0.42168678787511443,-0.3995738368907687,0,1,0,0,0,0.0,Low,1.0,0.0,-0.487820903832783,0,0,0,0.0
3804,1.4493687614501751,1.3144290084215626,-0.6364635233888631,0,1,0,0,0,0.0,Low,1.0,0.0,-0.7718467124615058,0,0,0,0.0
3805,-0.8811891103421838,2.207171228968011,-0.9291999676030002,0,1,0,0,0,0.0,Low,1.0,0.0,-1.0159376231089527,0,0,0,0.0
3806,1.6047392862363323,-0.024684322398109648,-0.048151687489439605,0,2,0,0,0,0.0,Low,0.0,1.0,-0.09978047536729585,0,0,0,0.0
3807,1.1904178868065796,-0.4710554326713337,-0.08580658280329122,0,1,0,0,0,0.0,Low,1.0,0.0,-0.009274036603865481,0,0,0,0.0
3808,1.0868375369491414,0.8680578981483386,-0.49858389546169884,0,1,0,0,0,0.0,Low,1.0,0.0,-0.6267983499197525,0,0,0,0.0
3809,0.9832571870917033,0.6448723430117265,1.5830566826126018,0,1,0,0,0,0.0,Low,0.0,1.0,1.0078393668776349,0,0,0,0.0
3810,1.1386277118778605,-0.6942409878079457,-0.6038650618793472,0,1,0,0,0,0.0,Low,1.0,0.0,-0.4701034078559544,0,0,0,0.0
3811,-1.2955105097719366,1.5376145635581746,-0.3465660266458754,0,3,0,0,0,0.0,Low,1.0,0.0,-0.5992683499347409,0,0,0,0.0
3812,-0.6222382356985884,1.0912434532849506,-1.10199441219027,0,1,0,0,0,0.0,Low,0.0,1.0,-1.0827984163459494,0,0,0,0.0
3813,-1.08834981005706,-0.9174265429445578,0.46829664227462126,0,1,0,1,0,0.2,Low,1.0,0.0,0.7471605646466369,0,0,1,0.0
3814,0.7243063124481078,-0.2478698775347217,1.1135427928815225,0,3,0,0,0,0.0,Low,1.0,0.0,1.0363128038248706,0,0,0,0.0
3815,-0.8293989354134648,-1.810168763491006,-1.1432368331641811,0,2,0,0,0,0.0,Low,1.0,0.0,-0.9160915141785918,0,0,0,0.0
3816,0.3099849130183551,-1.586983208354394,0.19625202913129894,0,1,0,0,0,0.0,Low,0.0,1.0,0.8277508957186471,0,0,0,0.0
3817,-0.8811891103421838,0.1985012327385024,-0.5389364970789811,0,1,0,1,0,0.2,Low,1.0,0.0,-0.5678398892220718,0,0,1,0.0
3818,-0.984769460199622,-0.024684322398109648,0.5447081140105317,0,2,0,1,0,0.2,Low,0.0,1.0,0.4230364298984889,0,0,1,0.0
3819,-0.984769460199622,0.1985012327385024,-0.020115315697243192,0,2,0,0,0,0.0,Low,1.0,0.0,-0.13111099106441343,0,0,0,0.0
3820,1.5011589363788942,1.0912434532849506,-0.01818031169949462,0,1,0,0,0,0.0,Low,1.0,0.0,-0.3108320813141356,0,0,0,0.0
3821,0.25819473808963606,0.8680578981483386,-0.08892801260987837,0,1,0,0,0,0.0,Low,0.0,1.0,-0.323342090787502,0,0,0,0.0
3822,-1.08834981005706,-1.1406120980811698,2.0896887512202005,0,1,0,0,0,0.0,Low,1.0,0.0,2.7522814940179945,0,0,0,0.0
3823,-0.10433648641139755,-0.9174265429445578,-1.0465148815102965,0,1,0,0,0,0.0,Low,1.0,0.0,-0.9030014714180572,0,0,0,0.0
3824,-1.2955105097719366,-2.926096539174066,-1.3016670509944415,0,1,0,0,0,0.0,Low,1.0,0.0,-1.0377339321109198,0,0,0,0.0
3825,0.3099849130183551,-1.810168763491006,0.48506196888285136,0,1,0,0,0,0.0,Low,0.0,1.0,1.4034794491143685,0,0,0,0.0
3826,-0.7258185855560266,-0.6942409878079457,-0.965950919443451,0,1,0,0,0,0.0,Low,1.0,0.0,-0.8426288765228419,0,0,0,0.0
3827,1.5011589363788942,0.6448723430117265,0.5773348237535912,0,1,0,0,0,0.0,Low,1.0,0.0,0.23180034396373278,0,0,0,0.0
3828,0.5171456127332315,-0.4710554326713337,0.4259666643092748,0,1,0,0,0,0.0,Low,1.0,0.0,0.48954255554485654,0,0,0,0.0
3829,0.20640456316091696,2.4303567841046227,-0.8051478499955137,0,1,0,0,0,0.0,Low,0.0,1.0,-0.9532814086078466,0,0,0,0.0
3830,1.3457884115927368,0.8680578981483386,4.043915671895305,0,2,0,0,0,0.0,Low,1.0,0.0,2.7380988321344626,0,0,0,0.0
3831,0.7243063124481078,-0.4710554326713337,1.4382138651168968,0,2,0,0,0,0.0,Low,1.0,0.0,1.4761625126601234,0,0,0,0.0
3832,-0.8293989354134648,0.6448723430117265,-0.31985732183023646,0,3,0,0,0,0.0,Low,1.0,0.0,-0.4604945583413662,0,0,0,0.0
3833,-0.9329792852709029,0.8680578981483386,-0.06741698276629392,0,1,0,0,0,0.0,Low,1.0,0.0,-0.3074076030389701,0,0,0,0.0
3834,1.0868375369491414,-0.6942409878079457,1.021834902681658,0,1,0,0,0,0.0,Low,1.0,0.0,1.2024685210341772,0,0,0,0.0
3835,0.25819473808963606,0.1985012327385024,-1.017857048580137,0,2,0,0,0,0.0,Low,1.0,0.0,-0.9709815732318147,0,0,0,0.0
3836,1.2939982366640177,1.5376145635581746,0.20281974343022668,0,2,0,1,0,0.2,Low,1.0,0.0,-0.23590904384558242,0,0,1,0.0
3837,1.4493687614501751,-0.2478698775347217,-0.336834510190045,0,2,0,0,0,0.0,Low,0.0,1.0,-0.3066621452240765,0,0,0,0.0
3838,-1.08834981005706,-0.2478698775347217,1.5024644723122127,0,1,0,0,0,0.0,Low,0.0,1.0,1.3964343194548552,0,0,0,0.0
3839,-1.4508810345580938,-1.3637976532177818,-1.2117529236246065,0,1,0,0,0,0.0,Low,1.0,0.0,-1.0529700435907619,0,0,0,0.0
3840,1.3457884115927368,0.8680578981483386,0.0018053135327259385,0,2,0,0,0,0.0,Low,0.0,1.0,-0.2561305679401162,0,0,0,0.0
3841,-1.036559635128341,-0.4710554326713337,-1.0200604107965516,0,2,0,0,0,0.0,Low,1.0,0.0,-0.9198751930941608,0,0,0,0.0
3842,1.0350473620204224,0.6448723430117265,0.22027715176027932,0,2,0,0,0,0.0,Low,0.0,1.0,-0.04371388937704526,0,0,0,0.0
3843,-1.554461384415532,0.1985012327385024,-0.20481639072321398,0,1,1,0,0,0.3,Medium,1.0,0.0,-0.2865870970510657,0,0,1,0.0
3844,0.25819473808963606,0.8680578981483386,-0.10348997700169431,0,1,0,0,0,0.0,Low,1.0,0.0,-0.3341289961510847,0,0,0,0.0
3845,-0.4668677109124311,-1.3637976532177818,0.6564440017929323,0,1,0,0,0,0.0,Low,0.0,1.0,1.2535025921044736,0,0,0,0.0
3846,-0.10433648641139755,-0.024684322398109648,0.33437176704358523,0,2,0,0,0,0.0,Low,0.0,1.0,0.23755008437810604,0,0,0,0.0
3847,1.2939982366640177,0.1985012327385024,-0.7438915555558383,0,2,0,0,0,0.0,Low,1.0,0.0,-0.7403652217885864,0,0,0,0.0
3848,1.5011589363788942,-0.024684322398109648,-1.2725289980940377,0,1,0,0,0,0.0,Low,1.0,0.0,-1.1795048128723606,0,0,0,0.0
3849,0.20640456316091696,-0.024684322398109648,-1.1835753106646913,0,1,0,0,0,0.0,Low,1.0,0.0,-1.1010604800703614,0,0,0,0.0
3850,0.9832571870917033,-0.6942409878079457,-0.7187506277018788,0,1,0,0,0,0.0,Low,1.0,0.0,-0.5883013389737756,0,0,0,0.0
3851,1.7083196360937705,-1.1406120980811698,-0.08316537296694827,0,1,0,0,0,0.0,Low,1.0,0.0,0.23734223429813903,0,0,0,0.0
3852,-0.3114971861262739,1.7608001186947866,-0.28751309442261447,0,1,0,0,0,0.0,Low,1.0,0.0,-0.5860058881100076,0,0,0,0.0
3853,-1.606251559344251,1.3144290084215626,-0.05100475907736082,0,2,0,0,0,0.0,Low,0.0,1.0,-0.37028762363560597,0,0,0,0.0
3854,-0.6222382356985884,-0.024684322398109648,1.0808172143210595,0,2,0,0,0,0.0,Low,1.0,0.0,0.8958073953106006,0,0,0,0.0
3855,0.20640456316091696,-0.4710554326713337,-0.6869713649651322,0,1,0,0,0,0.0,Low,1.0,0.0,-0.59521902229758,0,0,0,0.0
3856,1.4493687614501751,1.9839856738313988,0.5631259622810727,0,1,0,0,0,0.0,Low,1.0,0.0,-0.08498217244540728,0,0,0,0.0
3857,1.1904178868065796,-0.4710554326713337,-0.12017055890929318,0,1,0,0,0,0.0,Low,1.0,0.0,-0.04276801377165944,0,0,0,0.0
3858,-1.4508810345580938,-0.2478698775347217,1.2478490192653993,0,1,0,0,0,0.0,Low,1.0,0.0,1.1606734768393068,0,0,0,0.0
3859,-0.10433648641139755,-0.2478698775347217,-0.012883767910036868,0,3,0,0,0,0.0,Low,1.0,0.0,-0.006700383076730714,0,0,0,0.0
3860,-1.2437203348432175,-0.024684322398109648,1.8501013584186754,0,2,0,0,0,0.0,Low,0.0,1.0,1.5742051454525001,0,0,0,0.0
3861,-1.606251559344251,-1.1406120980811698,0.44411615436115,0,1,0,0,0,0.0,Low,0.0,1.0,0.8476367769649463,0,0,0,0.0
3862,1.2939982366640177,-0.9174265429445578,0.8941105147134806,0,1,1,0,0,0.3,Medium,1.0,0.0,1.2110214976375773,0,0,1,0.0
3863,0.7760964873768269,1.7608001186947866,-0.712211161636495,0,1,0,0,0,0.0,Low,1.0,0.0,-0.8572118292598501,0,0,0,0.0
3864,1.2939982366640177,-1.1406120980811698,1.2109144539069139,0,1,0,0,0,0.0,Low,1.0,0.0,1.7351566184248461,0,0,0,0.0
3865,-0.15612666134011663,-0.4710554326713337,1.8870359237771608,0,1,0,0,0,0.0,Low,0.0,1.0,1.9136216628701452,0,0,0,0.0
3866,1.4493687614501751,-0.2478698775347217,0.29852475867653533,0,1,0,0,0,0.0,Low,0.0,1.0,0.28164793100701024,0,0,0,0.0
3867,0.9314670121629842,0.1985012327385024,-0.46645152980565513,0,2,0,0,0,0.0,Low,1.0,0.0,-0.5068241076266371,0,0,0,0.0
3868,0.36177508794707425,-1.810168763491006,0.9423020011391604,0,1,1,0,0,0.3,Medium,1.0,0.0,2.0548345325569937,0,0,1,0.0
3869,-0.15612666134011663,-0.9174265429445578,0.5483238879041348,0,3,0,0,0,0.0,Low,0.0,1.0,0.8343383557547255,0,0,0,0.0
3870,-0.6222382356985884,-0.4710554326713337,2.5322397020337464,0,1,0,0,0,0.0,Low,1.0,0.0,2.5424907015063924,0,0,0,0.0
3871,-1.554461384415532,0.6448723430117265,0.25708460006781764,0,2,0,0,0,0.0,Low,1.0,0.0,-0.015312382569843215,0,0,0,0.0
3872,-1.08834981005706,1.0912434532849506,-0.3278233236895809,0,2,0,0,0,0.0,Low,0.0,1.0,-0.5313809568325101,0,0,0,0.0
3873,0.5689357876619505,1.3144290084215626,-0.13412518627991787,0,1,0,0,0,0.0,Low,1.0,0.0,-0.4272989198103767,0,0,0,0.0
3874,0.4135652628757933,-0.2478698775347217,-0.8234950776821954,0,1,0,0,0,0.0,Low,1.0,0.0,-0.7572848552235948,0,0,0,0.0
3875,0.7760964873768269,-1.3637976532177818,-0.48841453138594004,0,2,0,0,0,0.0,Low,1.0,0.0,-0.1599377377628334,0,0,0,0.0
3876,-0.7258185855560266,-0.6942409878079457,-1.228136899079996,0,1,0,0,0,0.0,Low,1.0,0.0,-1.112374167319512,0,0,0,0.0
3877,1.0350473620204224,-1.1406120980811698,-0.3605912746003596,0,1,0,1,0,0.2,Low,1.0,0.0,-0.08376044991544278,0,0,1,0.0
3878,0.1028242133034788,-0.6942409878079457,0.9771320730986347,0,3,0,1,0,0.2,Low,1.0,0.0,1.156476825436943,0,0,1,0.0
3879,-1.7098319092016891,-0.4710554326713337,2.7964171821351274,0,1,0,0,0,0.0,Low,1.0,0.0,2.799979953025675,0,0,0,0.0
3880,-0.984769460199622,-0.9174265429445578,-0.5291767323896069,0,1,0,0,0,0.0,Low,1.0,0.0,-0.3394384405837672,0,0,0,0.0
3881,-0.8811891103421838,3.099913449514459,0.38972418067261183,0,1,0,0,0,0.0,Low,0.0,1.0,-0.3514848981992931,0,0,0,0.0
3882,-0.5186578858411502,-0.024684322398109648,-0.3280634336747031,0,1,0,0,0,0.0,Low,1.0,0.0,-0.3466222961786675,0,0,0,0.0
3883,1.2422080617352986,1.0912434532849506,-0.5427923809577063,0,1,0,0,0,0.0,Low,1.0,0.0,-0.6844965835893252,0,0,0,0.0
3884,-0.5704480607698693,-0.2478698775347217,-0.946403141831159,0,1,0,0,0,0.0,Low,1.0,0.0,-0.8710914149640119,0,0,0,0.0
3885,0.6207259625906697,-0.2478698775347217,1.680640205389571,0,2,0,0,0,0.0,Low,1.0,0.0,1.5614159042773506,0,0,0,0.0
3886,-1.3473006847006557,-1.1406120980811698,-1.1464712559049433,0,1,0,0,0,0.0,Low,1.0,0.0,-0.993366113917474,0,0,0,0.0
3887,1.2939982366640177,0.42168678787511443,0.1777211879265829,0,1,0,0,0,0.0,Low,1.0,0.0,-0.022998672434697175,0,0,0,0.0
3888,1.2939982366640177,-0.4710554326713337,-1.074410012134774,0,1,0,0,0,0.0,Low,0.0,1.0,-0.972848815840429,0,0,0,0.0
3889,-1.08834981005706,0.1985012327385024,-0.6665620162297551,0,2,0,0,0,0.0,Low,1.0,0.0,-0.6752714173780243,0,0,0,0.0
3890,0.25819473808963606,0.42168678787511443,1.5722941056324238,0,1,0,0,0,0.0,Low,0.0,1.0,1.0998734598177136,0,0,0,0.0
3891,-0.3114971861262739,1.0912434532849506,-0.9611204715074656,0,3,1,0,1,0.7,High,0.0,0.0,-0.9824583860389537,0,1,1,0.0
3892,1.3975785865214558,-0.9174265429445578,0.0708298721969394,0,1,0,0,0,0.0,Low,1.0,0.0,0.31417958695995557,0,0,0,0.0
3893,-0.9329792852709029,1.5376145635581746,1.2172138099871759,0,1,0,0,0,0.0,Low,1.0,0.0,0.4350029895586226,0,0,0,0.0
3894,-1.65804173427297,-0.2478698775347217,0.14161994545763862,0,1,1,0,1,0.7,High,0.0,0.0,0.13636212634643874,0,1,1,0.0
3895,-0.8811891103421838,0.6448723430117265,0.19492436215474146,0,1,0,0,1,0.4,Medium,0.0,0.0,-0.06327670776496844,0,0,0,0.0
3896,-0.20791683626883573,0.1985012327385024,0.1256031970383185,0,1,0,1,0,0.2,Low,1.0,0.0,-0.008449296068291177,0,0,1,0.0
3897,-1.08834981005706,1.7608001186947866,0.8601420138770917,0,2,0,0,0,0.0,Low,1.0,0.0,0.14686978943598497,0,0,0,0.0
3898,-1.08834981005706,0.8680578981483386,1.1671296919140632,0,2,0,0,0,0.0,Low,1.0,0.0,0.6070938878578928,0,0,0,0.0
3899,0.4653554378045124,-0.4710554326713337,0.003486083428580449,0,1,0,0,1,0.4,Medium,0.0,0.0,0.07775799120328289,0,0,0,0.0
3900,-0.6740284106273075,-0.024684322398109648,-0.16154009693415117,0,1,0,0,0,0.0,Low,1.0,0.0,-0.19977271159061266,0,0,0,0.0
3901,1.0868375369491414,-0.6942409878079457,-1.0927431157046839,0,2,0,0,0,0.0,Low,1.0,0.0,-0.9730767284585045,0,0,0,0.0
3902,0.3099849130183551,1.7608001186947866,-0.8095545744283424,0,1,0,0,0,0.0,Low,0.0,1.0,-0.9193739013741444,0,0,0,0.0
3903,-0.984769460199622,-1.586983208354394,0.10219953554730124,0,1,0,0,0,0.0,Low,1.0,0.0,0.7033397781904213,0,0,0,0.0
3904,0.9314670121629842,0.1985012327385024,-1.212063654193588,0,1,0,0,0,0.0,Low,1.0,0.0,-1.1344591642172446,0,0,0,0.0
3905,0.9832571870917033,1.3144290084215626,-0.8604437671574526,0,1,0,0,0,0.0,Low,1.0,0.0,-0.9254720539635475,0,0,0,0.0
3906,0.9314670121629842,0.1985012327385024,-0.516747509630346,0,1,0,0,0,0.0,Low,0.0,1.0,-0.5491618313720273,0,0,0,0.0
3907,-0.20791683626883573,1.3144290084215626,-1.0082385250584818,0,1,0,0,0,0.0,Low,1.0,0.0,-1.0268426917159348,0,0,0,0.0
3908,-0.052546311482678465,1.7608001186947866,-0.8455004516127957,0,1,0,0,0,0.0,Low,1.0,0.0,-0.9423284100118229,0,0,0,0.0
3909,1.1904178868065796,0.6448723430117265,0.19048938948836902,0,2,0,1,0,0.2,Low,1.0,0.0,-0.06669883866959664,0,0,1,0.0
3910,0.9314670121629842,0.6448723430117265,-0.34174970282666184,0,1,0,0,0,0.0,Low,1.0,0.0,-0.47738724274319405,0,0,0,0.0
3911,-1.2955105097719366,-0.4710554326713337,0.502547625446448,0,1,0,0,0,0.0,Low,1.0,0.0,0.5641847027720566,0,0,0,0.0
3912,1.0350473620204224,-1.3637976532177818,-0.5525521456470804,0,1,0,0,0,0.0,Low,1.0,0.0,-0.23912192343374938,0,0,0,0.0
3913,-1.7098319092016891,-0.4710554326713337,-0.3539811879511162,0,3,0,0,0,0.0,Low,1.0,0.0,-0.2706592172388433,0,0,0,0.0
3914,0.5171456127332315,-0.4710554326713337,-0.020595535667487407,0,1,0,0,0,0.0,Low,0.0,1.0,0.05428605077126971,0,0,0,0.0
3915,-1.2955105097719366,-1.810168763491006,-0.8166448810478301,0,1,0,0,0,0.0,Low,0.0,1.0,-0.45084938047322587,0,0,0,0.0
3916,-0.10433648641139755,1.0912434532849506,0.25990942342219514,0,1,0,0,0,0.0,Low,1.0,0.0,-0.11275760199646613,0,0,0,0.0
3917,-0.984769460199622,0.8680578981483386,-0.9409653568739824,0,1,0,0,0,0.0,Low,1.0,0.0,-0.9544963740640503,0,0,0,0.0
3918,-1.1401399849857792,0.1985012327385024,-0.7564478953660462,0,1,0,0,0,0.0,Low,1.0,0.0,-0.7509347911257535,0,0,0,0.0
3919,1.1904178868065796,-0.4710554326713337,-0.6519153071373079,0,1,0,0,0,0.0,Low,0.0,1.0,-0.561050484964878,0,0,0,0.0
3920,-1.3473006847006557,0.6448723430117265,-0.7194992058907889,0,1,0,0,0,0.0,Low,1.0,0.0,-0.7688677874702158,0,0,0,0.0
3921,-0.363287361054993,0.6448723430117265,-0.1938843243417733,0,3,0,0,0,0.0,Low,1.0,0.0,-0.3632907827414296,0,0,0,0.0
3922,1.4493687614501751,-1.586983208354394,-0.7177336912943029,0,1,0,0,0,0.0,Low,1.0,0.0,-0.3812546345965714,0,0,0,0.0
3923,-1.1401399849857792,0.1985012327385024,-0.4152798547411074,0,2,0,0,0,0.0,Low,1.0,0.0,-0.46374924856189453,0,0,0,0.0
3924,1.6047392862363323,0.8680578981483386,1.0571451946113763,0,1,0,0,0,0.0,Low,1.0,0.0,0.5256218877936658,0,0,0,0.0
3925,0.4135652628757933,-1.1406120980811698,1.2038665196377423,0,1,0,0,0,0.0,Low,1.0,0.0,1.7269990866346732,0,0,0,0.0
3926,1.4493687614501751,-0.6942409878079457,-1.4046177381447282,0,3,0,0,0,0.0,Low,1.0,0.0,-1.2939432783739961,0,0,0,0.0
3927,-1.1919301599144982,0.6448723430117265,0.18923234309567089,0,2,0,0,0,0.0,Low,1.0,0.0,-0.06766880570944357,0,0,0,0.0
3928,0.4653554378045124,-0.9174265429445578,-1.2623031375511913,0,1,0,1,0,0.2,Low,1.0,0.0,-1.1380707076604477,0,0,1,0.0
3929,-0.8811891103421838,0.1985012327385024,0.26827090055115255,0,1,0,0,0,0.0,Low,1.0,0.0,0.1116443145894417,0,0,0,0.0
3930,-0.10433648641139755,1.5376145635581746,0.7909197175780718,0,3,0,0,0,0.0,Low,1.0,0.0,0.15305552378020804,0,0,0,0.0
3931,0.3099849130183551,0.6448723430117265,-0.6196558244303172,0,1,0,0,0,0.0,Low,1.0,0.0,-0.6918262480918155,0,0,0,0.0
3932,-0.5704480607698693,-2.25653987376423,1.2517049031441245,0,1,0,0,0,0.0,Low,1.0,0.0,3.187198763235551,0,0,0,0.0
3933,1.1386277118778605,0.6448723430117265,-0.7996535685712495,0,1,1,0,0,0.3,Medium,1.0,0.0,-0.8307168093930368,0,0,1,0.0
3934,-1.4508810345580938,0.1985012327385024,0.9710728270034947,0,1,0,0,0,0.0,Low,1.0,0.0,0.7032429654871879,0,0,0,0.0
3935,0.827886662305546,0.8680578981483386,0.7513863147335591,0,1,0,0,0,0.0,Low,1.0,0.0,0.29912826285590016,0,0,0,0.0
3936,0.1546143882321979,0.8680578981483386,-1.1128558579878514,0,2,0,0,0,0.0,Low,1.0,0.0,-1.0818258001307821,0,0,0,0.0
3937,1.5529491113076133,-0.6942409878079457,-0.5629616197079614,0,1,0,0,0,0.0,Low,1.0,0.0,-0.4280206431009494,0,0,0,0.0
3938,1.0350473620204224,-1.1406120980811698,-1.165552937663763,0,3,0,0,0,0.0,Low,0.0,1.0,-1.0154519364596055,0,0,0,0.0
3939,0.7760964873768269,-1.1406120980811698,-0.9979844162820916,0,1,0,0,0,0.0,Low,1.0,0.0,-0.8215021225144914,0,0,0,0.0
3940,-1.1919301599144982,0.6448723430117265,1.3105318494990355,0,1,0,0,0,0.0,Low,1.0,0.0,0.7975526923400437,0,0,0,0.0
3941,0.7760964873768269,-0.2478698775347217,0.2617031862522248,0,1,0,0,0,0.0,Low,1.0,0.0,0.24755304463108876,0,0,0,0.0
3942,-0.6740284106273075,1.5376145635581746,-0.724357902060318,0,3,0,0,0,0.0,Low,1.0,0.0,-0.8491368415734999,0,0,0,0.0
3943,1.6565294611650514,-0.2478698775347217,-1.2511309611846284,0,1,0,0,0,0.0,Low,1.0,0.0,-1.1532537370048639,0,0,0,0.0
3944,1.5011589363788942,-1.1406120980811698,-1.1796488062021067,0,1,0,0,0,0.0,Low,1.0,0.0,-1.0317670000399515,0,0,0,0.0
3945,-0.3114971861262739,-0.2478698775347217,-0.4031048660837405,0,3,0,0,0,0.0,Low,1.0,0.0,-0.3680250937763676,0,0,0,0.0
3946,-0.8811891103421838,-0.024684322398109648,1.405488286556434,0,3,0,0,0,0.0,Low,1.0,0.0,1.182120491233045,0,0,0,0.0
3947,-1.4508810345580938,0.1985012327385024,0.58203815463863,0,1,0,0,0,0.0,Low,1.0,0.0,0.37576465522517494,0,0,0,0.0
3948,-0.7776087604847457,-0.6942409878079457,-0.3719894368352726,0,3,0,0,0,0.0,Low,0.0,1.0,-0.23154237574859377,0,0,0,0.0
3949,1.1386277118778605,0.6448723430117265,-0.3699696881368928,0,2,0,0,0,0.0,Low,0.0,1.0,-0.49916245786245333,0,0,0,0.0
3950,-0.3114971861262739,-0.024684322398109648,-0.0053273654370772664,0,1,0,0,0,0.0,Low,1.0,0.0,-0.06201559492022365,0,0,0,0.0
3951,1.6565294611650514,-0.2478698775347217,1.080859586671375,0,1,0,0,0,0.0,Low,1.0,0.0,1.0060498321816478,0,0,0,0.0
3952,0.20640456316091696,1.3144290084215626,-0.9121521586593323,0,1,0,1,0,0.2,Low,1.0,0.0,-0.9609382145915568,0,0,1,0.0
3953,0.1546143882321979,3.099913449514459,-0.02390057899210909,0,1,0,0,0,0.0,Low,1.0,0.0,-0.5703393554339593,0,0,0,0.0
3954,0.7760964873768269,0.1985012327385024,-1.0185067579516438,0,2,0,0,0,0.0,Low,1.0,0.0,-0.9715284800816566,0,0,0,0.0
3955,0.4653554378045124,-0.024684322398109648,-0.10248716471089026,0,1,0,0,0,0.0,Low,1.0,0.0,-0.14769653574984448,0,0,0,0.0
3956,0.1028242133034788,-1.1406120980811698,-0.38255427618064436,0,2,0,0,0,0.0,Low,1.0,0.0,-0.10918121531367708,0,0,0,0.0
3957,1.2422080617352986,1.3144290084215626,-1.154423133647516,0,2,0,0,0,0.0,Low,1.0,0.0,-1.127108947520332,0,0,0,0.0
3958,-1.08834981005706,0.42168678787511443,-0.00474827664942977,0,1,0,0,0,0.0,Low,1.0,0.0,-0.1699181157697074,0,0,0,0.0
3959,0.9314670121629842,-0.9174265429445578,-0.6491893526003336,0,3,0,1,0,0.2,Low,1.0,0.0,-0.47017435499347987,0,0,1,0.0
3960,1.2422080617352986,0.6448723430117265,-0.5659841806971453,0,2,0,0,0,0.0,Low,0.0,1.0,-0.6504119250421732,0,0,0,0.0
3961,-0.10433648641139755,1.0912434532849506,-0.8619832958855884,0,1,0,0,0,0.0,Low,1.0,0.0,-0.9118461268926933,0,0,0,0.0
3962,1.3457884115927368,-1.586983208354394,-0.12646991498955498,0,2,0,0,0,0.0,Low,1.0,0.0,0.400859526984237,0,0,0,0.0
3963,1.2422080617352986,-0.2478698775347217,-0.19131373508928975,0,3,0,0,0,0.0,Low,1.0,0.0,-0.17191737563024567,0,0,0,0.0
3964,1.1386277118778605,1.0912434532849506,0.513846918863958,0,1,0,0,0,0.0,Low,1.0,0.0,0.06811400466981384,0,0,0,0.0
3965,-0.3114971861262739,-2.033354318627618,0.11046214385885521,0,3,0,0,0,0.0,Low,1.0,0.0,1.0513571015979564,0,0,0,0.0
3966,-1.7098319092016891,0.6448723430117265,-0.8564325179942366,0,1,0,0,0,0.0,Low,1.0,0.0,-0.8745288037771322,0,0,0,0.0
3967,0.4135652628757933,0.42168678787511443,0.5857245491160925,0,1,0,0,0,0.0,Low,1.0,0.0,0.3055145220554675,0,0,0,0.0
3968,0.7243063124481078,-0.9174265429445578,0.9299010266134433,0,2,0,0,0,0.0,Low,1.0,0.0,1.2500099414547143,0,0,0,0.0
3969,0.3099849130183551,0.42168678787511443,-0.787068980527498,0,2,0,0,0,0.0,Low,1.0,0.0,-0.7998214400891499,0,0,0,0.0
3970,1.5011589363788942,-0.4710554326713337,-0.5157870696898578,0,2,0,1,0,0.2,Low,1.0,0.0,-0.4283686304876086,0,0,1,0.0
3971,-1.554461384415532,-0.4710554326713337,-0.6648953704506724,0,1,0,0,0,0.0,Low,1.0,0.0,-0.5737019296904029,0,0,0,0.0
3972,0.20640456316091696,-1.810168763491006,-0.2294912227237012,0,1,0,0,0,0.0,Low,1.0,0.0,0.38557239612435107,0,0,0,0.0
3973,-0.363287361054993,-0.4710554326713337,-0.8321955336136779,0,1,0,0,0,0.0,Low,1.0,0.0,-0.7367665246565015,0,0,0,0.0
3974,-1.2955105097719366,-0.2478698775347217,0.4876325581353348,0,1,0,1,0,0.2,Low,1.0,0.0,0.456752048263324,0,0,1,0.0
3975,-0.9329792852709029,-0.2478698775347217,-0.9406405021882289,0,1,0,0,1,0.4,Medium,0.0,0.0,-0.8657555063942473,0,0,0,0.0
3976,1.1386277118778605,1.5376145635581746,-0.5789783681272818,0,2,0,0,0,0.0,Low,1.0,0.0,-0.7529839933441839,0,0,0,0.0
3977,-0.15612666134011663,-0.024684322398109648,0.07248239385925032,0,1,0,0,0,0.0,Low,1.0,0.0,0.006601399269394413,0,0,0,0.0
3978,-1.036559635128341,-0.024684322398109648,-0.22967483624173574,0,1,0,0,0,0.0,Low,1.0,0.0,-0.25985773246022886,0,0,0,0.0
3979,-0.4668677109124311,-0.6942409878079457,-0.1842940490536617,0,1,0,0,0,0.0,Low,0.0,1.0,-0.0384353796058934,0,0,0,0.0
3980,-0.0007561365539593763,-1.3637976532177818,-0.9883376445268927,0,1,0,0,0,0.0,Low,0.0,1.0,-0.7771419332752917,0,0,0,0.0
3981,1.7083196360937705,0.8680578981483386,-0.3749131290070533,0,1,0,0,0,0.0,Low,1.0,0.0,-0.5351881235729733,0,0,0,0.0
3982,-0.5186578858411502,-0.024684322398109648,0.8597324144907069,0,1,0,1,0,0.2,Low,1.0,0.0,0.7008424633719391,0,0,1,0.0
3983,-0.41507753598371205,-0.024684322398109648,0.4191588400252249,0,1,0,0,0,0.0,Low,1.0,0.0,0.31232006370652793,0,0,0,0.0
3984,-0.7258185855560266,-0.4710554326713337,-0.5031601092957904,0,1,0,0,0,0.0,Low,1.0,0.0,-0.4160613491115264,0,0,0,0.0
3985,1.5529491113076133,-0.024684322398109648,-0.24547972290947773,0,1,0,1,0,0.2,Low,1.0,0.0,-0.27379536478881533,0,0,1,0.0
3986,-1.2437203348432175,0.6448723430117265,-0.07233217540291074,0,1,0,0,0,0.0,Low,1.0,0.0,-0.2694982395400556,0,0,0,0.0
3987,1.7083196360937705,-0.2478698775347217,1.274585972314582,0,1,0,0,0,0.0,Low,1.0,0.0,1.1854305232181406,0,0,0,0.0
3988,-0.5186578858411502,-0.024684322398109648,-0.6182151645195847,0,1,0,0,0,0.0,Low,1.0,0.0,-0.6024943077301866,0,0,0,0.0
3989,-1.5026712094868129,1.3144290084215626,0.39924383537686386,0,3,0,0,0,0.0,Low,0.0,1.0,-0.06146755575806299,0,0,0,0.0
3990,1.7083196360937705,1.5376145635581746,-0.23173695729043134,0,1,0,0,0,0.0,Low,1.0,0.0,-0.523321331951224,0,0,0,0.0
3991,1.2422080617352986,2.653542339241235,0.855721165327491,0,2,0,1,0,0.2,Low,1.0,0.0,-0.031990069170193064,0,0,1,0.0
3992,-0.363287361054993,-0.9174265429445578,1.0147445960621706,0,2,0,0,0,0.0,Low,1.0,0.0,1.3424344016005476,0,0,0,0.0
3993,-0.984769460199622,0.42168678787511443,-0.17439304319656868,0,1,0,0,0,0.0,Low,0.0,1.0,-0.3065114615315161,0,0,0,0.0
3994,0.051034038374759706,1.5376145635581746,-0.7204172734809615,0,1,0,0,0,0.0,Low,0.0,1.0,-0.8465305416943607,0,0,0,0.0
3995,0.9832571870917033,-0.4710554326713337,0.8098036617020853,0,3,0,0,0,0.0,Low,1.0,0.0,0.8636618829233867,0,0,0,0.0
3996,0.5171456127332315,-0.2478698775347217,-0.2647732664198758,0,1,0,0,0,0.0,Low,1.0,0.0,-0.2399371316874635,0,0,0,0.0
3997,-0.41507753598371205,0.8680578981483386,-1.0644525098105935,0,1,0,0,0,0.0,Low,0.0,1.0,-1.0459705870551297,0,0,0,0.0
3998,0.6725161375193888,0.6448723430117265,-1.1477141781808693,0,1,0,0,0,0.0,Low,1.0,0.0,-1.099288694369967,0,0,0,0.0
3999,-0.0007561365539593763,-0.4710554326713337,-0.2605501555050815,0,1,0,0,0,0.0,Low,1.0,0.0,-0.17959359497622254,0,0,0,0.0
4000,0.827886662305546,-0.4710554326713337,-1.3564121276022767,0,2,0,0,0,0.0,Low,0.0,1.0,-1.247711433239595,0,0,0,0.0
4001,-1.1401399849857792,-1.586983208354394,-0.6535537046828468,0,3,0,0,0,0.0,Low,1.0,0.0,-0.29635838620368066,0,0,0,0.0
4002,-1.554461384415532,-0.6942409878079457,0.9171751974019728,0,1,0,0,0,0.0,Low,1.0,0.0,1.0947912811051075,0,0,0,0.0
4003,0.7243063124481078,0.1985012327385024,1.2124681067518215,0,1,0,0,0,0.0,Low,0.0,1.0,0.9064426387622417,0,0,0,0.0
4004,1.0868375369491414,-0.2478698775347217,0.9181921338095488,0,1,0,0,0,0.0,Low,1.0,0.0,0.8554281189513121,0,0,0,0.0
4005,-1.7098319092016891,1.5376145635581746,-0.24271139602218778,0,3,0,0,0,0.0,Low,1.0,0.0,-0.530579736990977,0,0,0,0.0
4006,1.6565294611650514,-1.3637976532177818,-0.8604578912742246,0,1,0,0,0,0.0,Low,1.0,0.0,-0.6192618150052027,0,0,0,0.0
4007,-0.20791683626883573,-0.024684322398109648,1.0855064210893264,0,2,0,0,0,0.0,Low,1.0,0.0,0.8999425998978134,0,0,0,0.0
4008,-1.606251559344251,0.1985012327385024,-0.10710575089529739,0,1,0,0,0,0.0,Low,1.0,0.0,-0.20433706254654183,0,0,0,0.0
4009,-0.6740284106273075,0.6448723430117265,-1.076683994935048,0,2,0,0,0,0.0,Low,1.0,0.0,-1.0444801073655852,0,0,0,0.0
4010,0.7760964873768269,1.3144290084215626,-0.19204818916142785,0,1,0,0,0,0.0,Low,1.0,0.0,-0.46702760725519143,0,0,0,0.0
4011,1.4493687614501751,1.9839856738313988,0.826385374792281,0,3,0,0,0,0.0,Low,1.0,0.0,0.07752763120138924,0,0,0,0.0
4012,0.20640456316091696,-0.024684322398109648,-1.285155958488105,0,1,0,0,0,0.0,Low,1.0,0.0,-1.1906399722126253,0,0,0,0.0
4013,-0.984769460199622,-0.9174265429445578,-0.4049127530305421,0,2,0,0,0,0.0,Low,1.0,0.0,-0.204071302184726,0,0,0,0.0
4014,0.9314670121629842,0.42168678787511443,1.4275077846038062,0,1,0,0,1,0.4,Medium,0.0,0.0,0.9832954573695993,0,0,0,0.0
4015,0.6207259625906697,0.1985012327385024,-0.2476830851258921,0,1,0,0,0,0.0,Low,1.0,0.0,-0.32267105986130434,0,0,0,0.0
4016,-0.4668677109124311,1.5376145635581746,-0.9850890976693585,0,1,0,0,0,0.0,Low,1.0,0.0,-1.0215823461215592,0,0,0,0.0
4017,-0.6740284106273075,-0.024684322398109648,0.658266012856506,0,1,0,0,0,0.0,Low,1.0,0.0,0.5231781313478496,0,0,0,0.0
4018,-1.5026712094868129,-0.4710554326713337,0.2852480889109611,0,1,0,0,0,0.0,Low,1.0,0.0,0.3523865775248277,0,0,0,0.0
4019,0.6725161375193888,-0.024684322398109648,-0.1068091444430877,0,1,0,0,0,0.0,Low,1.0,0.0,-0.15150789901396192,0,0,0,0.0
4020,-0.8293989354134648,1.9839856738313988,-0.9703858921098238,0,1,0,0,0,0.0,Low,1.0,0.0,-1.0316176905068515,0,0,0,0.0
4021,-0.6740284106273075,-0.2478698775347217,0.026014049679740827,0,1,0,0,0,0.0,Low,1.0,0.0,0.029316999769179296,0,0,0,0.0
4022,-0.5704480607698693,-0.6942409878079457,0.399865296514827,0,1,0,0,0,0.0,Low,1.0,0.0,0.562566370222231,0,0,0,0.0
4023,1.5529491113076133,1.7608001186947866,-1.078915605385006,0,1,0,0,0,0.0,Low,1.0,0.0,-1.091383895177352,0,0,0,0.0
4024,1.7083196360937705,1.0912434532849506,-0.015115378359995124,0,1,0,0,0,0.0,Low,1.0,0.0,-0.3086490267145149,0,0,0,0.0
4025,0.3099849130183551,-0.6942409878079457,-0.47769432675607754,0,1,0,0,0,0.0,Low,1.0,0.0,-0.3402949349428124,0,0,0,0.0
4026,-1.2437203348432175,-0.024684322398109648,-1.196640118678687,0,1,0,0,0,0.0,Low,1.0,0.0,-1.1125817579112394,0,0,0,0.0
4027,0.9314670121629842,-1.1406120980811698,-0.4411411125504331,0,1,0,0,0,0.0,Low,1.0,0.0,-0.1769917200544335,0,0,0,0.0
4028,1.3975785865214558,0.6448723430117265,-0.5998114403658156,0,2,0,0,0,0.0,Low,1.0,0.0,-0.6765138470695136,0,0,0,0.0
4029,1.5529491113076133,-1.1406120980811698,-0.35972970347727445,0,1,0,0,0,0.0,Low,1.0,0.0,-0.08276323661043164,0,0,0,0.0
4030,-1.5026712094868129,-0.4710554326713337,-0.6813640906066931,0,1,0,0,0,0.0,Low,1.0,0.0,-0.5897537083084251,0,0,0,0.0
4031,0.9832571870917033,-2.033354318627618,-1.1504260086010718,0,1,0,0,0,0.0,Low,1.0,0.0,-0.8945057653955516,0,0,0,0.0
4032,1.0868375369491414,-0.6942409878079457,1.3238226433813811,0,3,0,0,0,0.0,Low,1.0,0.0,1.5131631319550198,0,0,0,0.0
4033,0.1546143882321979,2.207171228968011,3.6772394763803384,0,1,0,0,1,0.4,Medium,0.0,0.0,1.7358859394194681,0,0,0,0.0
4034,1.1386277118778605,0.8680578981483386,-0.5760123036051853,0,2,0,0,0,0.0,Low,0.0,1.0,-0.6841541357618086,0,0,0,0.0
4035,1.2939982366640177,-0.4710554326713337,-0.2621744289338485,0,1,0,0,0,0.0,Low,1.0,0.0,-0.1811767463836604,0,0,0,0.0
4036,1.2939982366640177,0.42168678787511443,3.6007432599437967,0,1,0,0,0,0.0,Low,1.0,0.0,2.733125474215176,0,0,0,0.0
4037,-1.65804173427297,0.6448723430117265,-0.9780835357505024,0,1,0,0,0,0.0,Low,1.0,0.0,-0.968397636520966,0,0,0,0.0
4038,1.6047392862363323,-0.4710554326713337,-0.7185246418335286,0,1,0,0,0,0.0,Low,1.0,0.0,-0.6259734592038074,0,0,0,0.0
4039,1.3457884115927368,-0.6942409878079457,0.15500960815738785,0,1,0,0,0,0.0,Low,1.0,0.0,0.31065103534903854,0,0,0,0.0
4040,0.879676837234265,-1.3637976532177818,-0.05788320394526997,0,1,1,0,0,0.3,Medium,1.0,0.0,0.37159548126840686,0,0,1,0.0
4041,-0.20791683626883573,-0.024684322398109648,0.8383626258148416,0,3,0,0,0,0.0,Low,1.0,0.0,0.681997389454914,0,0,0,0.0
4042,-1.1919301599144982,1.9839856738313988,0.31747932338440793,0,1,0,0,0,0.0,Low,0.0,1.0,-0.23661962644106593,0,0,0,0.0
4043,0.25819473808963606,0.6448723430117265,1.5799635010395583,0,1,0,1,0,0.2,Low,1.0,0.0,1.0054525940492476,0,0,1,0.0
4044,1.5011589363788942,0.1985012327385024,0.057313092446243295,0,2,0,0,0,0.0,Low,0.0,1.0,-0.06593396169844051,0,0,0,0.0
4045,1.5529491113076133,0.1985012327385024,-1.068011787237109,0,2,0,0,0,0.0,Low,0.0,1.0,-1.0132004041837608,0,0,0,0.0
4046,1.3975785865214558,-1.1406120980811698,-0.5687948799347509,0,1,0,0,0,0.0,Low,1.0,0.0,-0.32474276678706515,0,0,0,0.0
4047,1.0350473620204224,0.6448723430117265,0.658760356943522,0,2,0,0,0,0.0,Low,1.0,0.0,0.29463023143246647,0,0,0,0.0
4048,1.2422080617352986,-1.3637976532177818,-0.43369770301164845,0,1,0,1,0,0.2,Low,1.0,0.0,-0.09238443776522758,0,0,1,0.0
4049,1.1386277118778605,-0.6942409878079457,0.005152729207663245,0,1,0,0,0,0.0,Low,1.0,0.0,0.15647350287300202,0,0,0,0.0
4050,-0.0007561365539593763,1.7608001186947866,0.021494332312736814,0,1,0,0,0,0.0,Low,1.0,0.0,-0.3886782889056359,0,0,0,0.0
4051,-0.15612666134011663,-0.9174265429445578,-0.7788911169165751,0,1,0,0,0,0.0,Low,1.0,0.0,-0.6114651519835227,0,0,0,0.0
4052,0.9314670121629842,-1.3637976532177818,-0.606266161730568,0,1,0,0,0,0.0,Low,1.0,0.0,-0.30543715314229236,0,0,0,0.0
4053,-1.7098319092016891,-1.586983208354394,-0.09577820924424377,0,1,0,0,0,0.0,Low,0.0,1.0,0.44145801900839,0,0,0,0.0
4054,1.0868375369491414,-0.6942409878079457,0.5936623027418934,0,1,0,0,0,0.0,Low,1.0,0.0,0.7619509058587721,0,0,0,0.0
4055,-0.6222382356985884,-0.024684322398109648,-1.052235148802911,0,1,0,0,1,0.4,Medium,0.0,0.0,-0.9852373853219033,0,0,0,0.0
4056,0.3099849130183551,0.6448723430117265,-0.22334723192793016,0,2,0,0,0,0.0,Low,1.0,0.0,-0.38602506639447004,0,0,0,0.0
4057,-1.7098319092016891,-0.4710554326713337,1.1783442406309415,0,1,0,0,0,0.0,Low,0.0,1.0,1.2228720540040456,0,0,0,0.0
4058,1.6047392862363323,-0.4710554326713337,-0.28941985018681926,0,1,0,0,0,0.0,Low,1.0,0.0,-0.2077323904266833,0,0,0,0.0
4059,1.5011589363788942,0.1985012327385024,0.19279162052218649,0,2,0,0,0,0.0,Low,1.0,0.0,0.04810800577299528,0,0,0,0.0
4060,1.0350473620204224,-2.033354318627618,1.5408679458149743,0,2,0,0,0,0.0,Low,0.0,1.0,3.258827708192416,0,0,0,0.0
4061,0.4135652628757933,2.207171228968011,-0.11161134414552953,0,2,1,0,0,0.3,Medium,1.0,0.0,-0.527521425339528,0,0,1,0.0
4062,-0.6740284106273075,-0.6942409878079457,1.4800777472287707,0,1,0,0,0,0.0,Low,1.0,0.0,1.6739233620947365,0,0,0,0.0
4063,-0.6222382356985884,-0.9174265429445578,-0.559006867011833,0,1,0,0,0,0.0,Low,1.0,0.0,-0.3719339391401181,0,0,0,0.0
4064,0.20640456316091696,0.8680578981483386,0.9788269671112609,0,1,0,0,0,0.0,Low,1.0,0.0,0.46760696030475635,0,0,0,0.0
4065,-1.3473006847006557,0.6448723430117265,0.0001669159871870516,0,1,0,0,0,0.0,Low,1.0,0.0,-0.21355620790484137,0,0,0,0.0
4066,1.4493687614501751,-0.4710554326713337,0.028118543078752053,0,1,0,0,0,0.0,Low,1.0,0.0,0.10176682646042737,0,0,0,0.0
4067,0.6725161375193888,-1.586983208354394,0.2001220371267961,0,1,0,0,0,0.0,Low,1.0,0.0,0.8328700797106481,0,0,0,0.0
4068,-0.8811891103421838,-0.2478698775347217,0.00684762322028963,0,3,0,1,0,0.2,Low,1.0,0.0,0.011569872491800835,0,0,1,0.0
4069,-0.8811891103421838,-0.6942409878079457,0.047736941274903716,0,1,0,0,0,0.0,Low,0.0,1.0,0.2002854972570974,0,0,0,0.0
4070,-1.08834981005706,-0.024684322398109648,2.2088539244246137,0,1,0,0,0,0.0,Low,1.0,0.0,1.8905732072452561,0,0,0,0.0
4071,-0.8811891103421838,0.1985012327385024,0.2497259352296646,0,1,0,0,0,0.0,Low,1.0,0.0,0.09603369081025144,0,0,0,0.0
4072,0.20640456316091696,-0.2478698775347217,1.0079932682452084,0,2,0,0,0,0.0,Low,1.0,0.0,0.9385793608301413,0,0,0,0.0
4073,0.5689357876619505,-0.024684322398109648,-0.7932129713232688,0,1,0,0,0,0.0,Low,1.0,0.0,-0.7568171536204327,0,0,0,0.0
4074,-1.4508810345580938,-1.1406120980811698,-1.141612559735414,0,1,0,0,0,0.0,Low,1.0,0.0,-0.9877424847875753,0,0,0,0.0
4075,0.051034038374759706,0.6448723430117265,-1.1152428337223004,0,3,0,0,0,0.0,Low,1.0,0.0,-1.0742330289249336,0,0,0,0.0
4076,-1.036559635128341,0.42168678787511443,-1.0232383370702263,0,2,0,0,0,0.0,Low,1.0,0.0,-0.989978573923402,0,0,0,0.0
4077,1.3975785865214558,-0.6942409878079457,1.526969814911437,0,2,0,0,0,0.0,Low,1.0,0.0,1.722167415612215,0,0,0,0.0
4078,-0.984769460199622,0.1985012327385024,-1.1279686629337708,0,3,0,0,0,0.0,Low,1.0,0.0,-1.0636703950007171,0,0,0,0.0
4079,1.0350473620204224,-1.586983208354394,-0.3672437335999184,0,1,0,1,0,0.2,Low,0.0,1.0,0.08236781343810824,0,0,1,0.0
4080,-0.363287361054993,1.3144290084215626,2.8222784399444536,0,2,0,1,0,0.2,Low,1.0,0.0,1.6004625874314768,0,0,1,0.0
4081,-1.08834981005706,1.0912434532849506,0.4733248278454131,0,1,0,0,0,0.0,Low,1.0,0.0,0.03925140722137084,0,0,0,0.0
4082,-0.15612666134011663,-0.4710554326713337,-0.6558559357166645,0,1,0,0,1,0.4,Medium,0.0,0.0,-0.5648913479446619,0,0,0,0.0
4083,0.051034038374759706,-0.2478698775347217,-0.8309949836880676,0,1,0,0,0,0.0,Low,1.0,0.0,-0.7642293832886559,0,0,0,0.0
4084,1.3457884115927368,0.1985012327385024,-0.5357585708053064,0,1,0,0,0,0.0,Low,0.0,1.0,-0.5651648013695829,0,0,0,0.0
4085,-1.4508810345580938,-1.586983208354394,0.06012379168384889,0,1,0,0,0,0.0,Low,1.0,0.0,0.6476826646423534,0,0,0,0.0
4086,1.2422080617352986,-2.25653987376423,-0.49950196305187167,0,1,0,0,0,0.0,Low,0.0,1.0,0.23896660708856682,0,0,0,0.0
4087,0.7760964873768269,-0.2478698775347217,0.4734660690131318,0,1,0,1,0,0.2,Low,1.0,0.0,0.4436346063626529,0,0,1,0.0
4088,-0.5704480607698693,0.6448723430117265,2.10838908182618,0,1,0,0,0,0.0,Low,1.0,0.0,1.4131984014851073,0,0,0,0.0
4089,-0.0007561365539593763,-0.4710554326713337,-0.7498801810671184,0,1,0,0,0,0.0,Low,1.0,0.0,-0.6565351646343467,0,0,0,0.0
4090,-0.41507753598371205,-0.024684322398109648,2.2237548676189554,0,1,0,0,0,0.0,Low,1.0,0.0,1.9037136917016089,0,0,0,0.0
4091,0.6725161375193888,2.4303567841046227,-0.0755948463772168,0,1,0,0,0,0.0,Low,0.0,1.0,-0.5310760082493258,0,0,0,0.0
4092,-1.5026712094868129,0.6448723430117265,-0.5210553652457717,0,1,0,0,0,0.0,Low,1.0,0.0,-0.6157437772471964,0,0,0,0.0
4093,-0.7258185855560266,-0.2478698775347217,-0.838339524409449,0,1,0,0,0,0.0,Low,1.0,0.0,-0.7710300510736499,0,0,0,0.0
4094,-1.4508810345580938,-1.3637976532177818,0.30629302290107335,0,1,0,0,0,0.0,Low,1.0,0.0,0.8212068099050286,0,0,0,0.0
4095,1.2939982366640177,-0.4710554326713337,-0.7118580587171979,0,1,0,0,0,0.0,Low,1.0,0.0,-0.6194756551663234,0,0,0,0.0
4096,1.5529491113076133,0.1985012327385024,0.4235938126915977,0,2,0,1,0,0.2,Low,1.0,0.0,0.24239071953975258,0,0,1,0.0
4097,-0.8293989354134648,-0.4710554326713337,-0.22725961227374308,0,1,0,0,0,0.0,Low,1.0,0.0,-0.1471458743907357,0,0,0,0.0
4098,-1.554461384415532,-0.4710554326713337,-0.5924668996444341,0,1,0,0,0,0.0,Low,1.0,0.0,-0.5031071434526526,0,0,0,0.0
4099,-0.8811891103421838,-0.024684322398109648,-0.2438272012471668,0,1,0,0,0,0.0,Low,1.0,0.0,-0.27233807883488803,0,0,0,0.0
4100,-1.036559635128341,-1.3637976532177818,0.26509297427747786,0,3,0,0,1,0.4,Medium,0.0,0.0,0.7703413023952155,0,0,0,0.0
4101,-1.08834981005706,-0.9174265429445578,-0.3528371344925934,0,1,0,1,0,0.2,Low,1.0,0.0,-0.1473426548470054,0,0,1,0.0
4102,-1.3990908596293747,0.8680578981483386,-0.7107140052586749,0,1,0,0,0,0.0,Low,1.0,0.0,-0.7839356260164035,0,0,0,0.0
4103,0.5171456127332315,0.6448723430117265,-0.7920971660982898,0,2,0,0,0,0.0,Low,0.0,1.0,-0.8248861086478898,0,0,0,0.0
4104,-0.984769460199622,-1.810168763491006,0.5522503923667194,0,1,0,0,0,0.0,Low,1.0,0.0,1.4991918060765455,0,0,0,0.0
4105,-0.7776087604847457,0.1985012327385024,-0.9756541876657377,0,1,0,0,0,0.0,Low,1.0,0.0,-0.9354564065507626,0,0,0,0.0
4106,1.5011589363788942,1.5376145635581746,-0.7604732686460339,0,1,0,1,0,0.2,Low,1.0,0.0,-0.8730232530106281,0,0,1,0.0
4107,0.051034038374759706,-0.9174265429445578,-1.1428978543616557,0,3,0,0,0,0.0,Low,1.0,0.0,-1.0079963966777818,0,0,0,0.0
4108,0.051034038374759706,0.6448723430117265,-0.28826167261152447,0,2,0,0,0,0.0,Low,1.0,0.0,-0.4361146002724058,0,0,0,0.0
4109,-0.7776087604847457,-0.6942409878079457,-0.9106408781647404,0,1,0,0,0,0.0,Low,1.0,0.0,-0.7857241435184913,0,0,0,0.0
4110,-0.7258185855560266,-0.024684322398109648,-0.3598991928785371,0,1,0,0,0,0.0,Low,1.0,0.0,-0.37469684780389867,0,0,0,0.0
4111,0.051034038374759706,0.1985012327385024,-0.33098712584648365,0,1,0,0,0,0.0,Low,1.0,0.0,-0.39279402943454556,0,0,0,0.0
4112,-0.10433648641139755,-0.9174265429445578,-0.280535780737302,0,1,0,0,0,0.0,Low,1.0,0.0,-0.0685810747760014,0,0,0,0.0
4113,0.7243063124481078,1.5376145635581746,-0.6537090699673376,0,1,0,0,0,0.0,Low,0.0,1.0,-0.8024102752815501,0,0,0,0.0
4114,0.5171456127332315,-0.2478698775347217,0.5425612482612048,0,1,0,0,0,0.0,Low,1.0,0.0,0.5076131963707111,0,0,0,0.0
4115,-0.5186578858411502,0.6448723430117265,-0.4988946260306804,0,1,0,0,0,0.0,Low,1.0,0.0,-0.5986440212301204,0,0,0,0.0
4116,1.3975785865214558,1.7608001186947866,-0.7490468581775772,0,2,0,0,0,0.0,Low,1.0,0.0,-0.8807345634551607,0,0,0,0.0
4117,-0.8811891103421838,-0.6942409878079457,-1.1142400214314963,0,1,0,0,0,0.0,Low,0.0,1.0,-0.9951934301011556,0,0,0,0.0
4118,0.827886662305546,-0.2478698775347217,0.7679539037069829,0,1,0,0,0,0.0,Low,1.0,0.0,0.7163152281263505,0,0,0,0.0
4119,1.6047392862363323,-0.2478698775347217,-0.6798528101121011,0,2,0,0,0,0.0,Low,1.0,0.0,-0.624279487197849,0,0,0,0.0
4120,-0.10433648641139755,-0.024684322398109648,0.4423082674143484,0,1,0,0,0,0.0,Low,0.0,1.0,0.33273452249701335,0,0,0,0.0
4121,0.1028242133034788,0.8680578981483386,-0.5339648079752768,0,2,0,0,0,0.0,Low,1.0,0.0,-0.6530070773065366,0,0,0,0.0
4122,-1.08834981005706,-1.1406120980811698,2.347326765256198,0,1,0,0,0,0.0,Low,0.0,1.0,3.050480967734518,0,0,0,0.0
4123,1.2422080617352986,0.8680578981483386,2.260661184743897,0,2,0,0,0,0.0,Low,1.0,0.0,1.4171371215772495,0,0,0,0.0
4124,-1.036559635128341,0.6448723430117265,0.05786393300034672,0,3,0,0,0,0.0,Low,1.0,0.0,-0.16903581062647588,0,0,0,0.0
4125,0.1546143882321979,-0.9174265429445578,0.07163494685293688,0,1,0,0,0,0.0,Low,0.0,1.0,0.315056596153948,0,0,0,0.0
4126,0.3099849130183551,-1.810168763491006,-0.041287366738302335,0,1,0,0,0,0.0,Low,1.0,0.0,0.6536756453404563,0,0,0,0.0
4127,1.2939982366640177,-0.9174265429445578,-0.506733510839078,0,1,0,0,0,0.0,Low,1.0,0.0,-0.31498988603545214,0,0,0,0.0
4128,-0.9329792852709029,-0.024684322398109648,0.6482378899484659,0,1,0,0,0,0.0,Low,1.0,0.0,0.5143347721402566,0,0,0,0.0
4129,1.4493687614501751,0.6448723430117265,-0.2699709413919303,0,1,0,1,0,0.2,Low,0.0,1.0,-0.4220010349173303,0,0,1,0.0
4130,-1.554461384415532,0.6448723430117265,-0.9673633311206398,0,1,0,0,0,0.0,Low,1.0,0.0,-0.9601256704171032,0,0,0,0.0
4131,0.5689357876619505,0.42168678787511443,-0.44595743636964663,0,2,0,0,0,0.0,Low,1.0,0.0,-0.5251677148794718,0,0,0,0.0
4132,-0.3114971861262739,-0.2478698775347217,-0.9492703375358521,0,2,0,0,0,0.0,Low,1.0,0.0,-0.8737462910416152,0,0,0,0.0
4133,1.6565294611650514,2.207171228968011,-0.9800891603321102,0,3,0,0,0,0.0,Low,1.0,0.0,-1.0463381268674303,0,0,0,0.0
4134,-0.15612666134011663,1.5376145635581746,-0.7963767734801717,0,1,1,0,0,0.3,Medium,1.0,0.0,-0.8967695407983404,0,0,1,0.0
4135,-1.606251559344251,-0.6942409878079457,1.9356370095892257,0,1,0,0,0,0.0,Low,1.0,0.0,2.1426172482853203,0,0,0,0.0
4136,-1.3473006847006557,0.42168678787511443,0.19298935815699306,0,2,0,0,0,0.0,Low,1.0,0.0,-0.010705157592592865,0,0,0,0.0
4137,-0.5186578858411502,0.42168678787511443,-0.44366932945260085,0,1,0,0,0,0.0,Low,1.0,0.0,-0.5233253935062795,0,0,0,0.0
4138,-0.984769460199622,1.7608001186947866,-0.513117611619971,0,1,0,0,0,0.0,Low,1.0,0.0,-0.7300736156029883,0,0,0,0.0
4139,0.4653554378045124,-0.024684322398109648,-0.17134223397384105,0,1,1,0,0,0.3,Medium,1.0,0.0,-0.20841678383014703,0,0,1,0.0
4140,-0.15612666134011663,0.1985012327385024,-0.6751777274606064,0,1,0,0,0,0.0,Low,0.0,1.0,-0.6825238777781052,0,0,0,0.0
4141,0.5689357876619505,-0.4710554326713337,0.2595280722693542,0,1,0,0,0,0.0,Low,0.0,1.0,0.3273177191513988,0,0,0,0.0
4142,1.6565294611650514,-1.810168763491006,-0.10087701539889511,0,1,0,0,0,0.0,Low,1.0,0.0,0.5687880199413756,0,0,0,0.0
4143,-1.3473006847006557,0.1985012327385024,0.13890811503743647,0,1,0,0,0,0.0,Low,1.0,0.0,0.002750405074128867,0,0,0,0.0
4144,1.1904178868065796,0.6448723430117265,-0.49241165643238405,0,1,0,0,0,0.0,Low,1.0,0.0,-0.5936416069459661,0,0,0,0.0
4145,-0.20791683626883573,-0.6942409878079457,2.8643683079246776,0,2,0,0,0,0.0,Low,1.0,0.0,3.0981256034183824,0,0,0,0.0
4146,-0.8293989354134648,-0.6942409878079457,-0.9538183031363999,0,1,0,0,0,0.0,Low,1.0,0.0,-0.8301464542422655,0,0,0,0.0
4147,0.25819473808963606,1.0912434532849506,0.2807707438942727,0,1,0,0,0,0.0,Low,1.0,0.0,-0.0978987464958212,0,0,0,0.0
4148,1.3457884115927368,-2.033354318627618,-0.6378194385989644,0,1,0,0,0,0.0,Low,1.0,0.0,-0.10342680411098998,0,0,0,0.0
4149,0.4653554378045124,-0.9174265429445578,-0.10809443906932957,0,1,0,0,0,0.0,Low,0.0,1.0,0.11926814012669158,0,0,0,0.0
4150,0.5689357876619505,0.8680578981483386,0.019079108344744185,0,1,0,0,0,0.0,Low,1.0,0.0,-0.24333484993850465,0,0,0,0.0
4151,-0.5704480607698693,0.8680578981483386,2.2607600535612997,0,1,0,1,0,0.2,Low,1.0,0.0,1.4172103595380108,0,0,1,0.0
4152,-1.4508810345580938,-0.024684322398109648,0.037624073666232265,0,1,0,0,0,0.0,Low,1.0,0.0,-0.024138615553618393,0,0,0,0.0
4153,1.1386277118778605,0.42168678787511443,-0.4598696913899557,0,1,0,1,0,0.2,Low,0.0,1.0,-0.5363694837226475,0,0,1,0.0
4154,-1.554461384415532,1.7608001186947866,-0.7068439972631778,0,1,0,0,0,0.0,Low,1.0,0.0,-0.853784437007466,0,0,0,0.0
4155,-0.5704480607698693,-0.024684322398109648,3.5936388292075363,0,2,0,0,0,0.0,Low,1.0,0.0,3.111753925765295,0,0,0,0.0
4156,-1.4508810345580938,-1.810168763491006,0.39239363874249866,0,1,0,0,0,0.0,Low,1.0,0.0,1.271470036873703,0,0,0,0.0
4157,-0.10433648641139755,-0.9174265429445578,0.594566246215294,0,1,0,0,0,0.0,Low,1.0,0.0,0.8847125329675538,0,0,0,0.0
4158,-0.8293989354134648,-0.6942409878079457,-1.2291679596043437,0,3,0,0,0,0.0,Low,1.0,0.0,-1.1134349552432397,0,0,0,0.0
4159,-0.984769460199622,-0.2478698775347217,-0.6625083947162235,0,1,0,0,0,0.0,Low,1.0,0.0,-0.6082194486594402,0,0,0,0.0
4160,0.3099849130183551,-0.9174265429445578,0.28171705971798927,0,1,0,0,0,0.0,Low,1.0,0.0,0.5439098374073397,0,0,0,0.0
4161,-1.4508810345580938,0.42168678787511443,-1.0981950247786323,0,1,0,0,0,0.0,Low,1.0,0.0,-1.0503316574266839,0,0,0,0.0
4162,1.5011589363788942,-0.4710554326713337,-0.14815043423440194,0,1,0,0,0,0.0,Low,1.0,0.0,-0.0700395175815235,0,0,0,0.0
4163,1.7083196360937705,-0.2478698775347217,1.4104034791930509,0,1,0,0,0,0.0,Low,0.0,1.0,1.3111905644114121,0,0,0,0.0
4164,-1.1919301599144982,-0.2478698775347217,-0.8713475853053496,0,1,0,0,0,0.0,Low,1.0,0.0,-0.8015938214842858,0,0,0,0.0
4165,0.4653554378045124,-2.479725428900842,-0.759865931624843,0,1,0,0,0,0.0,Low,1.0,0.0,-0.08847841319128225,0,0,0,0.0
4166,-0.8811891103421838,-0.4710554326713337,1.0046317284534991,0,3,0,0,0,0.0,Low,1.0,0.0,1.0535574526120621,0,0,0,0.0
4167,-1.554461384415532,1.3144290084215626,-0.6595847025444427,0,1,0,0,0,0.0,Low,1.0,0.0,-0.787705249732211,0,0,0,0.0
4168,1.5011589363788942,-0.6942409878079457,-0.8148228699842565,0,1,0,0,0,0.0,Low,1.0,0.0,-0.6871435233189217,0,0,0,0.0
4169,0.36177508794707425,1.7608001186947866,1.6359656240400917,0,1,0,0,0,0.0,Low,1.0,0.0,0.6422993395181195,0,0,0,0.0
4170,-1.5026712094868129,-0.024684322398109648,-0.2711997395510845,0,1,0,0,0,0.0,Low,0.0,1.0,-0.2964767128409654,0,0,0,0.0
4171,-0.10433648641139755,-1.1406120980811698,-0.8769972320141045,0,1,0,0,1,0.4,Medium,0.0,0.0,-0.681467218076372,0,0,0,0.0
4172,0.051034038374759706,0.6448723430117265,1.1096727848860255,0,3,0,0,0,0.0,Low,1.0,0.0,0.64256503757979,0,0,0,0.0
4173,-0.6222382356985884,0.42168678787511443,-0.9576035664312658,0,1,0,0,0,0.0,Low,1.0,0.0,-0.9371312441627556,0,0,0,0.0
4174,1.6047392862363323,-0.4710554326713337,-0.2046892736722671,0,3,0,0,0,0.0,Low,1.0,0.0,-0.1251469530943385,0,0,0,0.0
4175,-0.6222382356985884,-0.024684322398109648,-0.0221774367459388,0,1,0,0,0,0.0,Low,1.0,0.0,-0.07687492947608028,0,0,0,0.0
4176,-1.1919301599144982,-2.033354318627618,-0.7019288046265609,0,1,0,0,0,0.0,Low,1.0,0.0,-0.2023634421753722,0,0,0,0.0
4177,-1.606251559344251,-0.024684322398109648,0.5200191578932726,0,1,0,0,0,0.0,Low,1.0,0.0,0.40126432863810574,0,0,0,0.0
4178,-1.2955105097719366,1.3144290084215626,-0.8293848343760724,0,1,0,0,0,0.0,Low,0.0,1.0,-0.9041691074404682,0,0,0,0.0
4179,1.3457884115927368,0.8680578981483386,0.6116705516260497,0,1,0,0,0,0.0,Low,1.0,0.0,0.1956325617341164,0,0,0,0.0
4180,-1.036559635128341,0.1985012327385024,-0.379955438694617,0,1,0,0,0,0.0,Low,0.0,1.0,-0.4340141609215626,0,0,0,0.0
4181,-0.8293989354134648,-0.9174265429445578,-0.9058528025790704,0,1,0,0,0,0.0,Low,0.0,1.0,-0.7497710404887492,0,0,0,0.0
4182,-0.5704480607698693,-0.9174265429445578,-0.182500286223632,0,1,0,0,0,0.0,Low,0.0,1.0,0.03821402725033919,0,0,0,0.0
4183,0.6725161375193888,1.0912434532849506,0.09366856901708133,0,2,0,1,0,0.2,Low,1.0,0.0,-0.23116567866714355,0,0,1,0.0
4184,0.6725161375193888,0.8680578981483386,-1.2305662471647605,0,1,0,0,0,0.0,Low,1.0,0.0,-1.1690208237002269,0,0,0,0.0
4185,-0.20791683626883573,0.42168678787511443,1.4304032285420432,0,1,0,0,0,0.0,Low,1.0,0.0,0.9856267899714783,0,0,0,0.0
4186,-0.4668677109124311,0.42168678787511443,-0.3101258053744061,0,1,0,0,0,0.0,Low,1.0,0.0,-0.41579978496594977,0,0,0,0.0
4187,-0.3114971861262739,-0.9174265429445578,-0.5730886114334046,0,1,0,0,0,0.0,Low,1.0,0.0,-0.3872739069718803,0,0,0,0.0
4188,-0.4668677109124311,0.6448723430117265,0.020590388839336043,0,2,0,0,1,0.4,Medium,0.0,0.0,-0.19779696813384592,0,0,0,0.0
4189,1.2422080617352986,-0.6942409878079457,-0.21788119873720976,0,1,0,0,0,0.0,Low,1.0,0.0,-0.072990909504858,0,0,0,0.0
4190,0.36177508794707425,-1.3637976532177818,-0.6208281261223839,0,3,0,0,0,0.0,Low,0.0,1.0,-0.32341532874826345,0,0,0,0.0
4191,-0.4668677109124311,1.0912434532849506,0.04753920364009715,0,2,0,0,0,0.0,Low,0.0,1.0,-0.2640221594153538,0,0,0,0.0
4192,0.7243063124481078,-0.6942409878079457,0.6135914315070262,0,1,0,0,0,0.0,Low,1.0,0.0,0.7824546286037001,0,0,0,0.0
4193,-1.2437203348432175,0.1985012327385024,-0.5269874942899643,0,1,0,0,0,0.0,Low,1.0,0.0,-0.5577815588967138,0,0,0,0.0
4194,-1.1919301599144982,-0.024684322398109648,-1.3393643186586088,0,2,0,0,0,0.0,Low,1.0,0.0,-1.238443933675641,0,0,0,0.0
4195,-0.6740284106273075,0.8680578981483386,0.4310089739968385,0,2,0,0,0,0.0,Low,1.0,0.0,0.06180588229125974,0,0,0,0.0
4196,0.5689357876619505,1.0912434532849506,-0.3220465599298789,0,1,0,0,0,0.0,Low,0.0,1.0,-0.5272663516193998,0,0,0,0.0
4197,-1.3990908596293747,1.0912434532849506,-0.9002737764541748,0,3,0,0,0,0.0,Low,1.0,0.0,-0.9391192191487857,0,0,0,0.0
4198,1.5529491113076133,-0.2478698775347217,0.12824440687466157,0,3,0,0,0,0.0,Low,1.0,0.0,0.1239770640533827,0,0,0,0.0
4199,1.5529491113076133,0.1985012327385024,-0.901149471694032,0,1,0,0,0,0.0,Low,1.0,0.0,-0.8727404580090792,0,0,0,0.0
4200,-1.65804173427297,-0.024684322398109648,0.3888343613159831,0,2,0,0,0,0.0,Low,1.0,0.0,0.28557824368018775,0,0,0,0.0
4201,0.4135652628757933,-2.033354318627618,-0.9725045096256069,0,1,0,0,0,0.0,Low,1.0,0.0,-0.6199288035764233,0,0,0,0.0
4202,1.0350473620204224,0.1985012327385024,-0.6598813089966524,0,1,0,0,0,0.0,Low,0.0,1.0,-0.6696477882481255,0,0,0,0.0
4203,-0.9329792852709029,-0.2478698775347217,-1.1753833229369968,0,1,0,0,0,0.0,Low,1.0,0.0,-1.083115311368475,0,0,0,0.0
4204,-0.8293989354134648,-0.2478698775347217,-0.6843442792455613,0,1,0,0,0,0.0,Low,1.0,0.0,-0.6284383571125184,0,0,0,0.0
4205,1.2939982366640177,0.8680578981483386,-0.571789192690391,0,2,0,0,0,0.0,Low,1.0,0.0,-0.6810258285807114,0,0,0,0.0
4206,-0.9329792852709029,-0.6942409878079457,-0.31577545208316105,0,1,0,0,0,0.0,Low,1.0,0.0,-0.1737076368933039,0,0,0,0.0
4207,-1.4508810345580938,1.0912434532849506,-0.5025103999242837,0,1,0,0,0,0.0,Low,1.0,0.0,-0.6558050088514515,0,0,0,0.0
4208,1.1904178868065796,0.42168678787511443,-0.9566996229578649,0,2,0,0,1,0.4,Medium,0.0,0.0,-0.936403413496803,0,0,0,0.0
4209,0.6725161375193888,-0.9174265429445578,-0.34583157257373726,0,1,0,0,0,0.0,Low,1.0,0.0,-0.13971113624665013,0,0,0,0.0
4210,0.7243063124481078,1.5376145635581746,-0.6691749778325543,0,1,0,0,0,0.0,Low,1.0,0.0,-0.8126393016889243,0,0,0,0.0
4211,0.4135652628757933,-0.2478698775347217,-0.15769833717219792,0,1,0,0,0,0.0,Low,1.0,0.0,-0.14079124230661985,0,0,0,0.0
4212,1.3457884115927368,-0.024684322398109648,-0.8354017081208964,0,1,0,0,0,0.0,Low,1.0,0.0,-0.7940215394698407,0,0,0,0.0
4213,-1.554461384415532,-0.4710554326713337,-0.7080162989552444,0,2,0,0,0,0.0,Low,1.0,0.0,-0.6157311579243834,0,0,0,0.0
4214,-1.65804173427297,0.6448723430117265,0.05085837108149055,0,1,0,0,0,0.0,Low,1.0,0.0,-0.17444146963506088,0,0,0,0.0
4215,1.2939982366640177,1.0912434532849506,-0.4704486548520993,0,1,0,1,0,0.2,Low,1.0,0.0,-0.6329684469107175,0,0,1,0.0
4216,-0.363287361054993,1.0912434532849506,-1.1316126850609178,0,1,0,0,0,0.0,Low,0.0,1.0,-1.103894570702654,0,0,0,0.0
4217,-0.363287361054993,0.42168678787511443,1.556531591314997,0,1,0,1,0,0.2,Low,1.0,0.0,1.0871819125801663,0,0,1,0.0
4218,-1.3990908596293747,0.1985012327385024,0.5030702177670078,0,1,0,0,0,0.0,Low,1.0,0.0,0.30929169441066284,0,0,0,0.0
4219,1.5011589363788942,-0.4710554326713337,0.45791541644728384,0,1,0,0,0,0.0,Low,1.0,0.0,0.52068245540246,0,0,0,0.0
4220,0.6207259625906697,-0.024684322398109648,-1.1790414691809155,0,1,0,0,0,0.0,Low,1.0,0.0,-1.0970622852736893,0,0,0,0.0
4221,1.5011589363788942,-0.4710554326713337,-1.2701561464763609,0,1,0,0,0,0.0,Low,0.0,1.0,-1.1636392102376565,0,0,0,0.0
4222,-1.1401399849857792,-0.4710554326713337,0.7705809894265542,0,1,0,0,0,0.0,Low,0.0,1.0,0.8254322180672571,0,0,0,0.0
4223,-1.08834981005706,0.8680578981483386,-0.9607391203546247,0,1,0,0,0,0.0,Low,1.0,0.0,-0.9691439662163449,0,0,0,0.0
4224,0.4653554378045124,0.1985012327385024,-0.13128623880876852,0,1,0,0,0,0.0,Low,0.0,1.0,-0.2246915087841458,0,0,0,0.0
4225,-0.8811891103421838,-0.4710554326713337,-0.6864628967613444,0,2,0,0,0,0.0,Low,0.0,1.0,-0.5947234270743822,0,0,0,0.0
4226,1.5011589363788942,-0.9174265429445578,-1.2547467350782315,0,1,0,0,0,0.0,Low,0.0,1.0,-1.1298391301378874,0,0,0,0.0
4227,0.1028242133034788,-1.3637976532177818,-0.7891028533426497,0,1,0,0,0,0.0,Low,1.0,0.0,-0.5311670107749743,0,0,0,0.0
4228,-1.3473006847006557,0.1985012327385024,0.03670600607605946,0,2,0,0,0,0.0,Low,1.0,0.0,-0.0832804202619129,0,0,0,0.0
4229,0.1028242133034788,-0.9174265429445578,-0.42855652450668147,0,3,0,0,0,0.0,Low,1.0,0.0,-0.22982767746092456,0,0,0,0.0
4230,-0.3114971861262739,0.8680578981483386,1.9437018802659727,0,1,0,0,0,0.0,Low,0.0,1.0,1.182346681941791,0,0,0,0.0
4231,0.6725161375193888,0.8680578981483386,0.3513348312866219,0,1,0,0,0,0.0,Low,1.0,0.0,0.002786548483335676,0,0,0,0.0
4232,-0.20791683626883573,0.8680578981483386,0.10855538809465054,0,1,0,0,0,0.0,Low,1.0,0.0,-0.17705449544937174,0,0,0,0.0
4233,-0.5704480607698693,-0.2478698775347217,-0.13546697737324723,0,3,0,0,0,0.0,Low,1.0,0.0,-0.12020614404973452,0,0,0,0.0
4234,-0.9329792852709029,1.3144290084215626,-0.9032257168594995,0,1,0,0,0,0.0,Low,1.0,0.0,-0.9548156760728729,0,0,0,0.0
4235,-1.036559635128341,-0.4710554326713337,-0.8901044123784161,0,3,0,0,0,0.0,Low,1.0,0.0,-0.7932093139651551,0,0,0,0.0
4236,0.9314670121629842,2.207171228968011,-0.2973434796958481,0,1,0,0,0,0.0,Low,0.0,1.0,-0.6384752483825424,0,0,0,0.0
4237,0.1546143882321979,-0.6942409878079457,-0.7847667494936802,0,1,0,0,0,0.0,Low,1.0,0.0,-0.6562208287751888,0,0,0,0.0
4238,-0.2597070111975548,-0.6942409878079457,1.568763076439452,0,2,0,0,0,0.0,Low,0.0,1.0,1.7651656548767385,0,0,0,0.0
4239,1.7083196360937705,1.7608001186947866,0.33197066719236434,0,2,0,0,0,0.0,Low,1.0,0.0,-0.19041266655850636,0,0,0,0.0
4240,-0.984769460199622,-0.2478698775347217,0.9516239182086059,0,2,0,1,0,0.2,Low,1.0,0.0,0.886384235580313,0,0,1,0.0
4241,0.6725161375193888,-0.2478698775347217,-1.3347033601238858,0,2,0,0,0,0.0,Low,1.0,0.0,-1.230637489473727,0,0,0,0.0
4242,0.6207259625906697,-1.3637976532177818,0.08662063474790954,0,2,0,0,0,0.0,Low,1.0,0.0,0.5499996661614136,0,0,0,0.0
4243,0.9314670121629842,1.9839856738313988,-1.135228458954521,0,1,0,1,0,0.2,Low,1.0,0.0,-1.1333748619410358,0,0,1,0.0
4244,-0.7776087604847457,-1.586983208354394,1.236097754111189,0,1,0,0,0,0.0,Low,1.0,0.0,2.203242004693428,0,0,0,0.0
4245,-0.6740284106273075,0.8680578981483386,0.25095473338881863,0,1,0,0,0,0.0,Low,1.0,0.0,-0.07157090682120512,0,0,0,0.0
4246,1.5529491113076133,-0.2478698775347217,0.4161362790360412,0,1,0,0,0,0.0,Low,1.0,0.0,0.3905501630178645,0,0,0,0.0
4247,0.1546143882321979,0.1985012327385024,0.4783953857665205,0,1,0,0,0,0.0,Low,1.0,0.0,0.2885211233960049,0,0,0,0.0
4248,-0.363287361054993,-0.6942409878079457,-0.7178890565787936,0,1,0,0,0,0.0,Low,1.0,0.0,-0.587414927147099,0,0,0,0.0
4249,1.0868375369491414,0.1985012327385024,2.191241150810071,0,1,0,0,0,0.0,Low,1.0,0.0,1.7303459187701202,0,0,0,0.0
4250,-0.2597070111975548,-0.6942409878079457,0.3202476502716979,0,1,0,0,0,0.0,Low,1.0,0.0,0.48065319863246503,0,0,0,0.0
4251,-0.7258185855560266,0.42168678787511443,-0.11558022095842979,0,3,0,0,0,0.0,Low,1.0,0.0,-0.25915697882798006,0,0,0,0.0
4252,-0.4668677109124311,1.7608001186947866,-0.6523390306404645,0,1,0,0,0,0.0,Low,1.0,0.0,-0.8189783667391749,0,0,0,0.0
4253,1.5011589363788942,1.7608001186947866,-0.375958313648173,0,1,0,0,0,0.0,Low,1.0,0.0,-0.6424857046479808,0,0,0,0.0
4254,0.1028242133034788,-0.4710554326713337,1.1501525035542546,0,1,0,0,0,0.0,Low,1.0,0.0,1.1953940521845157,0,0,0,0.0
4255,-1.65804173427297,-0.6942409878079457,-0.5171288607831869,0,1,0,0,0,0.0,Low,1.0,0.0,-0.3808664401900409,0,0,0,0.0
4256,-0.6222382356985884,-1.3637976532177818,-0.7397814375752192,0,1,0,0,0,0.0,Low,1.0,0.0,-0.4702748776847212,0,0,0,0.0
4257,-0.9329792852709029,1.0912434532849506,0.18531996274985812,0,1,0,0,0,0.0,Low,1.0,0.0,-0.16588530402686946,0,0,0,0.0
4258,-0.8293989354134648,0.6448723430117265,-0.3099280677395997,0,1,0,0,0,0.0,Low,1.0,0.0,-0.4528329085771825,0,0,0,0.0
4259,1.0350473620204224,1.9839856738313988,-0.7256008243362442,0,2,0,0,0,0.0,Low,0.0,1.0,-0.8805120836071987,0,0,0,0.0
4260,-0.20791683626883573,-0.2478698775347217,0.822882593832853,0,2,0,0,0,0.0,Low,1.0,0.0,0.7671763762337377,0,0,0,0.0
4261,0.5689357876619505,1.7608001186947866,-0.9392845869781279,0,1,0,0,0,0.0,Low,1.0,0.0,-1.0022175798955886,0,0,0,0.0
4262,-0.7776087604847457,0.6448723430117265,-0.495561334472515,0,1,0,0,0,0.0,Low,1.0,0.0,-0.5960719737986162,0,0,0,0.0
4263,-0.0007561365539593763,-0.9174265429445578,-0.8674775773098525,0,1,0,0,0,0.0,Low,1.0,0.0,-0.7079669355751103,0,0,0,0.0
4264,-1.08834981005706,0.1985012327385024,2.138416954083212,0,2,0,0,0,0.0,Low,1.0,0.0,1.6858800140220833,0,0,0,0.0
4265,0.4653554378045124,0.42168678787511443,0.29161806557508224,0,1,0,0,0,0.0,Low,1.0,0.0,0.06870799147532064,0,0,0,0.0
4266,1.4493687614501751,1.3144290084215626,0.015971802654928906,0,1,0,0,0,0.0,Low,0.0,1.0,-0.32434920962358166,0,0,0,0.0
4267,-0.6222382356985884,-0.2478698775347217,-0.8448931145916047,0,1,0,0,0,0.0,Low,0.0,1.0,-0.777098339251029,0,0,0,0.0
4268,0.9314670121629842,0.1985012327385024,2.1381768440980897,0,1,0,0,0,0.0,Low,1.0,0.0,1.6856778962732284,0,0,0,0.0
4269,0.9314670121629842,1.7608001186947866,-1.114028159679918,0,1,0,0,0,0.0,Low,1.0,0.0,-1.113806256070581,0,0,0,0.0
4270,0.1028242133034788,-0.024684322398109648,-0.5065216490874995,0,1,0,0,0,0.0,Low,1.0,0.0,-0.5039967237673082,0,0,0,0.0
4271,-0.7776087604847457,-1.810168763491006,-0.39950321630690916,0,2,0,0,0,0.0,Low,1.0,0.0,0.14338411763922843,0,0,0,0.0
4272,0.20640456316091696,1.5376145635581746,-1.1072485836294121,0,1,0,0,0,0.0,Low,1.0,0.0,-1.1023776423748728,0,0,0,0.0
4273,1.1904178868065796,-0.024684322398109648,-0.21426542484360667,0,1,0,0,0,0.0,Low,1.0,0.0,-0.24626885232574489,0,0,0,0.0
4274,-0.7258185855560266,0.1985012327385024,-0.7655014542168259,0,2,0,1,0,0.2,Low,1.0,0.0,-0.7585558191855106,0,0,1,0.0
4275,-1.2955105097719366,-0.6942409878079457,1.4257140217737767,0,2,0,0,0,0.0,Low,1.0,0.0,1.6179922289655884,0,0,0,0.0
4276,-0.10433648641139755,-1.1406120980811698,-1.040187277196491,0,1,0,0,1,0.4,Medium,0.0,0.0,-0.870349226700938,0,0,0,0.0
4277,-1.554461384415532,-1.1406120980811698,0.4129724768791384,0,1,0,0,0,0.0,Low,1.0,0.0,0.8115899681526592,0,0,0,0.0
4278,0.827886662305546,-0.6942409878079457,-0.19706225061544796,0,1,0,0,0,0.0,Low,0.0,1.0,-0.051571712250411704,0,0,0,0.0
4279,-1.5026712094868129,-0.9174265429445578,0.7364006268385868,0,1,0,0,0,0.0,Low,0.0,1.0,1.0392200123723245,0,0,0,0.0
4280,-0.7258185855560266,-1.586983208354394,-0.4291497374111007,0,1,0,0,0,0.0,Low,1.0,0.0,0.0004795527193494599,0,0,0,0.0
4281,0.1546143882321979,-0.024684322398109648,-0.8892710894888747,0,2,0,0,0,0.0,Low,1.0,0.0,-0.8415265704807686,0,0,0,0.0
4282,-0.6222382356985884,0.42168678787511443,1.722828942187199,0,1,0,0,0,0.0,Low,1.0,0.0,1.2210800104071198,0,0,0,0.0
4283,1.2422080617352986,0.42168678787511443,1.6899621224590171,0,1,0,0,0,0.0,Low,1.0,0.0,1.1946165422872523,0,0,0,0.0
4284,0.5171456127332315,-1.3637976532177818,0.44462462256493807,0,1,0,0,0,0.0,Low,1.0,0.0,0.9919907593569011,0,0,0,0.0
4285,-0.0007561365539593763,-0.4710554326713337,0.21469812563538374,0,1,0,0,0,0.0,Low,1.0,0.0,0.283622740306114,0,0,0,0.0
4286,0.4135652628757933,-0.024684322398109648,-0.01640067298623683,0,1,0,0,0,0.0,Low,1.0,0.0,-0.07178065635508653,0,0,0,0.0
4287,-1.2955105097719366,-0.4710554326713337,0.28233852085595235,0,1,0,1,0,0.2,Low,1.0,0.0,0.3495506715254173,0,0,1,0.0
4288,-1.3990908596293747,-0.6942409878079457,3.1102974291567795,0,1,0,0,0,0.0,Low,1.0,0.0,3.3511453202395654,0,0,0,0.0
4289,-0.7776087604847457,-0.024684322398109648,-1.0474047008669254,0,1,0,0,0,0.0,Low,1.0,0.0,-0.9809776263796544,0,0,0,0.0
4290,-0.15612666134011663,-0.4710554326713337,-0.28820517614443697,0,1,0,0,0,0.0,Low,1.0,0.0,-0.20654846850459932,0,0,0,0.0
4291,0.051034038374759706,-0.9174265429445578,-0.6708698718451807,0,1,0,0,0,0.0,Low,1.0,0.0,-0.4937920587264339,0,0,0,0.0
4292,1.1904178868065796,-0.2478698775347217,-0.21391232192430948,0,1,0,0,0,0.0,Low,1.0,0.0,-0.19284250727638083,0,0,0,0.0
4293,1.3975785865214558,0.1985012327385024,-1.0719806640500094,0,1,0,0,0,0.0,Low,1.0,0.0,-1.0165412916795358,0,0,0,0.0
4294,-0.15612666134011663,-0.9174265429445578,-0.9224203915524943,0,1,0,0,0,0.0,Low,1.0,0.0,-0.7678189665335406,0,0,0,0.0
4295,0.9832571870917033,1.0912434532849506,-0.9601176592166617,0,2,0,0,0,0.0,Low,1.0,0.0,-0.9817441147183407,0,0,0,0.0
4296,-0.10433648641139755,1.3144290084215626,0.2639347967021832,0,2,0,0,0,0.0,Low,0.0,1.0,-0.1542743896330507,0,0,0,0.0
4297,1.6565294611650514,1.0912434532849506,-0.31492800507684776,0,2,0,0,0,0.0,Low,1.0,0.0,-0.5221960312589902,0,0,0,0.0
4298,1.2939982366640177,-0.4710554326713337,-1.1702703926655735,0,1,0,0,0,0.0,Low,1.0,0.0,-1.0662822819472173,0,0,0,0.0
4299,-1.2437203348432175,0.8680578981483386,-1.1769087275483605,0,1,0,0,0,0.0,Low,1.0,0.0,-1.1292735361383934,0,0,0,0.0
4300,-1.65804173427297,3.099913449514459,-1.255452940916826,0,1,0,0,0,0.0,Low,0.0,1.0,-1.221970374678511,0,0,0,0.0
4301,1.6565294611650514,-1.810168763491006,-0.46732722504551216,0,2,0,0,0,0.0,Low,1.0,0.0,0.046766346326977994,0,0,0,0.0
4302,1.3457884115927368,-0.2478698775347217,-0.40506811831503287,0,2,0,0,0,0.0,Low,1.0,0.0,-0.3698429645881257,0,0,0,0.0
4303,-0.8811891103421838,0.1985012327385024,-0.35670714248809055,0,2,0,0,0,0.0,Low,1.0,0.0,-0.4144444071206887,0,0,0,0.0
4304,-0.9329792852709029,-0.2478698775347217,-0.8058116834837925,0,1,0,0,0,0.0,Low,1.0,0.0,-0.7409109397104942,0,0,0,0.0
4305,-0.9329792852709029,-2.033354318627618,-0.5744021542931902,0,2,0,0,0,0.0,Low,1.0,0.0,-0.00555821964104584,0,0,0,0.0
4306,0.6207259625906697,-0.2478698775347217,-0.44674838690887236,0,2,0,0,0,0.0,Low,1.0,0.0,-0.40843675426796594,0,0,0,0.0
4307,0.25819473808963606,0.42168678787511443,-0.3116653341025418,0,1,0,0,1,0.4,Medium,0.0,0.0,-0.41703937156890014,0,0,0,0.0
4308,-0.15612666134011663,-0.9174265429445578,-0.018335676983985402,0,1,0,0,0,0.0,Low,1.0,0.0,0.21704697219374183,0,0,0,0.0
4309,-1.7098319092016891,-1.1406120980811698,0.8609188402995454,0,1,0,0,0,0.0,Low,1.0,0.0,1.3300591479629502,0,0,0,0.0
4310,-1.1919301599144982,0.1985012327385024,-0.8575765714527595,0,1,0,0,0,0.0,Low,1.0,0.0,-0.836062031231621,0,0,0,0.0
4311,-1.554461384415532,-0.6942409878079457,0.4829433513670683,0,1,0,0,0,0.0,Low,1.0,0.0,0.6480397204601244,0,0,0,0.0
4312,-0.41507753598371205,-1.3637976532177818,-0.7581427893786727,0,2,0,0,0,0.0,Low,0.0,1.0,-0.4929437703013676,0,0,0,0.0
4313,0.827886662305546,1.0912434532849506,0.253793680859968,0,2,0,0,0,0.0,Low,1.0,0.0,-0.11711365103626242,0,0,0,0.0
4314,-1.1401399849857792,1.9839856738313988,-0.2653382310907513,0,3,0,0,0,0.0,Low,1.0,0.0,-0.5963923898769476,0,0,0,0.0
4315,1.6047392862363323,-0.9174265429445578,3.0796763439953287,0,1,0,0,0,0.0,Low,1.0,0.0,3.591870667433855,0,0,0,0.0
4316,0.6725161375193888,-0.2478698775347217,-0.046795772279338364,0,1,0,0,0,0.0,Low,0.0,1.0,-0.038101158753212065,0,0,0,0.0
4317,0.9832571870917033,-0.2478698775347217,0.5841850203879568,0,1,0,0,0,0.0,Low,1.0,0.0,0.5461546732214362,0,0,0,0.0
4318,-1.65804173427297,-1.810168763491006,-1.369928907352973,0,1,0,0,0,0.0,Low,1.0,0.0,-1.2390226323713491,0,0,0,0.0
4319,-0.5186578858411502,0.42168678787511443,0.6995790544142765,0,1,0,0,0,0.0,Low,1.0,0.0,0.397187068903019,0,0,0,0.0
4320,-1.554461384415532,2.653542339241235,-0.83018990903207,0,2,0,0,0,0.0,Low,1.0,0.0,-0.9780913622797627,0,0,0,0.0
4321,-0.7776087604847457,0.1985012327385024,-0.3848847554480057,0,1,0,0,1,0.4,Medium,0.0,0.0,-0.4381635194127565,0,0,0,0.0
4322,-0.41507753598371205,0.8680578981483386,-0.5940346766061135,0,1,0,0,0,0.0,Low,1.0,0.0,-0.6975043697520427,0,0,0,0.0
4323,0.3099849130183551,0.1985012327385024,-1.0033092083050932,0,1,0,0,0,0.0,Low,1.0,0.0,-0.9587356155070879,0,0,0,0.0
4324,0.827886662305546,-0.2478698775347217,1.8479968650196645,0,3,0,0,0,0.0,Low,1.0,0.0,1.7163795823242596,0,0,0,0.0
4325,0.4653554378045124,-0.2478698775347217,0.9909737075350842,0,1,0,0,0,0.0,Low,1.0,0.0,0.9228201210591457,0,0,0,0.0
4326,1.7083196360937705,-1.586983208354394,-0.921827178648075,0,1,0,0,0,0.0,Low,1.0,0.0,-0.6512261991382243,0,0,0,0.0
4327,-1.1401399849857792,-1.3637976532177818,-0.9583097722698601,0,3,0,0,1,0.4,Medium,0.0,0.0,-0.7400695750422225,0,0,0,0.0
4328,1.7083196360937705,-0.024684322398109648,0.2169579843188859,0,1,0,0,0,0.0,Low,1.0,0.0,0.13400804903624863,0,0,0,0.0
4329,-0.363287361054993,0.1985012327385024,0.6672348270066544,0,1,0,0,0,0.0,Low,0.0,1.0,0.44748078823056486,0,0,0,0.0
4330,1.0350473620204224,0.42168678787511443,-0.3051964886210174,0,1,0,0,0,0.0,Low,1.0,0.0,-0.4118308333656774,0,0,0,0.0
4331,1.6565294611650514,-0.4710554326713337,-0.8010377320148944,0,1,0,0,0,0.0,Low,1.0,0.0,-0.7063975507016501,0,0,0,0.0
4332,0.7760964873768269,0.6448723430117265,-0.45697424745171883,0,1,0,0,0,0.0,Low,1.0,0.0,-0.5662972552271367,0,0,0,0.0
4333,-0.9329792852709029,1.9839856738313988,-1.2127416117986387,0,2,0,0,0,0.0,Low,1.0,0.0,-1.1812236629718644,0,0,0,0.0
4334,-1.65804173427297,0.8680578981483386,-1.128321765853068,0,1,0,0,1,0.4,Medium,0.0,0.0,-1.093282309707041,0,0,0,0.0
4335,1.3457884115927368,-0.024684322398109648,0.7930807074441705,0,1,0,0,0,0.0,Low,0.0,1.0,0.6420652632302061,0,0,0,0.0
4336,1.0350473620204224,1.0912434532849506,-0.7043864009448694,0,1,0,0,0,0.0,Low,1.0,0.0,-0.7995948678025131,0,0,0,0.0
4337,-0.20791683626883573,-0.4710554326713337,-0.379842445760442,0,1,0,0,0,0.0,Low,1.0,0.0,-0.2958657409520494,0,0,0,0.0
4338,0.20640456316091696,-0.2478698775347217,-0.04541160883569354,0,1,0,0,0,0.0,Low,1.0,0.0,-0.036819494439886497,0,0,0,0.0
4339,-0.3114971861262739,-0.4710554326713337,-0.38673501474512306,0,1,0,0,0,0.0,Low,0.0,1.0,-0.3025838095331769,0,0,0,0.0
4340,-0.4668677109124311,1.3144290084215626,-0.006852770048440997,0,1,0,0,0,0.0,Low,0.0,1.0,-0.3400043081143938,0,0,0,0.0
4341,-1.2437203348432175,-0.024684322398109648,0.7406943583372404,0,1,0,0,0,0.0,Low,0.0,1.0,0.5958680529471616,0,0,0,0.0
4342,1.3457884115927368,-0.024684322398109648,-0.8262069081023977,0,1,0,0,0,0.0,Low,1.0,0.0,-0.7859130509569634,0,0,0,0.0
4343,0.4135652628757933,-1.810168763491006,0.8230662073508873,0,1,0,0,0,0.0,Low,1.0,0.0,1.8849788004832702,0,0,0,0.0
4344,0.3099849130183551,-0.2478698775347217,-0.049564099166628336,0,1,0,0,0,0.0,Low,1.0,0.0,-0.040664487379863584,0,0,0,0.0
4345,0.4135652628757933,1.0912434532849506,0.2759261718415156,0,1,0,0,0,0.0,Low,1.0,0.0,-0.10134938118554433,0,0,0,0.0
4346,0.6725161375193888,-0.4710554326713337,0.7202426372515476,0,2,0,0,0,0.0,Low,1.0,0.0,0.7763682909706612,0,0,0,0.0
4347,0.1546143882321979,1.0912434532849506,-0.18925161404059412,0,1,0,0,0,0.0,Low,1.0,0.0,-0.43268073251509137,0,0,0,0.0
4348,-0.6222382356985884,-0.4710554326713337,3.804003424408027,0,2,0,0,0,0.0,Low,1.0,0.0,3.782056953928294,0,0,0,0.0
4349,1.1904178868065796,1.5376145635581746,-1.020357017248761,0,1,0,0,0,0.0,Low,0.0,1.0,-1.0449082629610231,0,0,0,0.0
4350,-0.363287361054993,-0.2478698775347217,0.7566687344062449,0,3,0,0,0,0.0,Low,0.0,1.0,0.7058657405105617,0,0,0,0.0
4351,0.36177508794707425,-0.2478698775347217,-0.7295697011491445,0,1,0,0,0,0.0,Low,1.0,0.0,-0.6703147768193459,0,0,0,0.0
4352,-0.0007561365539593763,-0.024684322398109648,0.017850310185589982,0,3,0,0,0,0.0,Low,1.0,0.0,-0.04157622525873087,0,0,0,0.0
4353,-0.10433648641139755,0.1985012327385024,-0.3988535069354023,0,1,0,0,0,0.0,Low,1.0,0.0,-0.449922016684363,0,0,0,0.0
4354,1.6565294611650514,-0.4710554326713337,-0.4488528803078836,0,2,0,1,0,0.2,Low,1.0,0.0,-0.3631290259671915,0,0,1,0.0
4355,-1.1401399849857792,1.0912434532849506,-0.5133294733715493,0,3,0,0,0,0.0,Low,0.0,1.0,-0.6635110909865186,0,0,0,0.0
4356,0.3099849130183551,1.0912434532849506,0.2660392901011944,0,1,0,0,0,0.0,Low,0.0,1.0,-0.10839149279722432,0,0,0,0.0
4357,-1.2437203348432175,-1.3637976532177818,-0.9223497709686349,0,2,0,0,0,0.0,Low,1.0,0.0,-0.6956734207330059,0,0,0,0.0
4358,0.7243063124481078,1.3144290084215626,-0.7637218155035681,0,1,0,0,0,0.0,Low,1.0,0.0,-0.8591316365965415,0,0,0,0.0
4359,-0.7258185855560266,-0.4710554326713337,-0.9639452948618431,0,1,0,0,0,0.0,Low,1.0,0.0,-0.8651807536006775,0,0,0,0.0
4360,0.25819473808963606,-2.25653987376423,1.6875892708413396,0,1,0,0,0,0.0,Low,1.0,0.0,3.9210288629302936,0,0,0,0.0
4361,1.3457884115927368,-2.033354318627618,0.5717557976286961,0,1,0,0,0,0.0,Low,1.0,0.0,1.763247517809176,0,0,0,0.0
4362,1.6565294611650514,0.42168678787511443,-0.73440014908513,0,1,0,0,0,0.0,Low,0.0,1.0,-0.7574139314432597,0,0,0,0.0
4363,1.6047392862363323,-0.4710554326713337,0.19108260239278807,0,3,0,0,0,0.0,Low,1.0,0.0,0.2606050954953656,0,0,0,0.0
4364,0.879676837234265,0.6448723430117265,-0.9494257028203429,0,2,0,0,0,0.0,Low,1.0,0.0,-0.9462845677136703,0,0,0,0.0
4365,0.1028242133034788,-1.3637976532177818,-0.25168021017233627,0,2,0,0,0,0.0,Low,1.0,0.0,0.13233403850455783,0,0,0,0.0
4366,-0.5186578858411502,-0.9174265429445578,-0.5027363857926338,0,1,0,0,1,0.4,Medium,0.0,0.0,-0.3106356123179107,0,0,0,0.0
4367,-0.363287361054993,0.6448723430117265,-0.5144735268300721,0,1,0,0,0,0.0,Low,1.0,0.0,-0.6106650734205823,0,0,0,0.0
4368,-1.65804173427297,-0.9174265429445578,-0.6278054398076962,0,1,0,0,0,0.0,Low,1.0,0.0,-0.44687975991094425,0,0,0,0.0
4369,-0.15612666134011663,1.3144290084215626,3.674979617696836,0,1,0,0,0,0.0,Low,1.0,0.0,2.1853200169409512,0,0,0,0.0
4370,1.1904178868065796,0.42168678787511443,0.42211078043054956,0,1,0,0,0,0.0,Low,1.0,0.0,0.17377717151806074,0,0,0,0.0
4371,1.6565294611650514,-1.810168763491006,2.702350564434358,0,1,0,0,0,0.0,Low,1.0,0.0,4.562087830460672,0,0,0,0.0
4372,-0.2597070111975548,0.1985012327385024,-0.6588784967058483,0,2,0,0,0,0.0,Low,1.0,0.0,-0.6688036494146734,0,0,0,0.0
4373,-0.984769460199622,1.0912434532849506,-0.9395670693135655,0,1,0,0,0,0.0,Low,1.0,0.0,-0.9671065827254914,0,0,0,0.0
4374,-1.1401399849857792,-0.4710554326713337,-0.04875902451063085,0,1,0,0,0,0.0,Low,0.0,1.0,0.02683558201969502,0,0,0,0.0
4375,-0.3114971861262739,-0.2478698775347217,-0.2528242636308591,0,1,0,0,0,0.0,Low,1.0,0.0,-0.22887296832956955,0,0,0,0.0
4376,-0.5186578858411502,-0.6942409878079457,0.4191164676749093,0,1,1,0,0,0.3,Medium,1.0,0.0,0.5823725885789548,0,0,1,0.0
4377,-0.6740284106273075,-0.024684322398109648,0.8157781630965937,0,1,0,0,0,0.0,Low,0.0,1.0,0.6620811480845747,0,0,0,0.0
4378,-1.2437203348432175,-0.6942409878079457,-1.241653678830692,0,1,0,0,0,0.0,Low,1.0,0.0,-1.1262806610593392,0,0,0,0.0
4379,-0.8293989354134648,-0.024684322398109648,2.861656477504475,0,1,0,0,0,0.0,Low,1.0,0.0,2.4662509807885393,0,0,0,0.0
4380,-1.036559635128341,1.0912434532849506,-0.0030392585200315105,0,3,0,0,0,0.0,Low,0.0,1.0,-0.30004759038882006,0,0,0,0.0
4381,-0.0007561365539593763,-0.4710554326713337,0.3349791040647765,0,1,0,0,0,0.0,Low,1.0,0.0,0.4008585436603812,0,0,0,0.0
4382,1.2422080617352986,0.6448723430117265,1.7253712832061383,0,2,0,0,0,0.0,Low,1.0,0.0,1.117652713995581,0,0,0,0.0
4383,-0.6222382356985884,-0.6942409878079457,-0.8368564921484009,0,1,0,0,0,0.0,Low,1.0,0.0,-0.709812415935568,0,0,0,0.0
4384,0.1028242133034788,1.3144290084215626,-0.36248390624779236,0,1,0,0,0,0.0,Low,1.0,0.0,-0.5839274052060763,0,0,0,0.0
4385,0.5689357876619505,-0.2478698775347217,-0.9837190583424854,0,2,0,0,0,0.0,Low,1.0,0.0,-0.9056440385946923,0,0,0,0.0
4386,0.1028242133034788,0.8680578981483386,-0.9156690637355323,0,1,0,0,0,0.0,Low,0.0,1.0,-0.9357579186749364,0,0,0,0.0
4387,-0.6222382356985884,-0.024684322398109648,0.8231933244018346,0,1,0,0,0,0.0,Low,1.0,0.0,0.668620251723992,0,0,0,0.0
4388,1.3975785865214558,0.1985012327385024,1.4973091696904737,0,1,0,0,0,0.0,Low,1.0,0.0,1.146213735300654,0,0,0,0.0
4389,1.1386277118778605,-0.2478698775347217,-1.142742489077165,0,2,0,0,0,0.0,Low,0.0,1.0,-1.0528915743470888,0,0,0,0.0
4390,-0.052546311482678465,-1.586983208354394,0.06701636066852974,0,1,0,0,0,0.0,Low,1.0,0.0,0.6568000434310262,0,0,0,0.0
4391,0.5689357876619505,-1.586983208354394,1.0784161144698385,0,1,0,0,0,0.0,Low,1.0,0.0,1.9946632817492744,0,0,0,0.0
4392,0.1028242133034788,0.8680578981483386,0.7392960707768236,0,1,0,0,0,0.0,Low,1.0,0.0,0.29017230651135445,0,0,0,0.0
4393,-0.7258185855560266,1.0912434532849506,-0.15091876112169192,0,1,0,0,0,0.0,Low,1.0,0.0,-0.40537745978066325,0,0,0,0.0
4394,-0.8293989354134648,2.4303567841046227,0.05732721656301517,0,2,0,0,0,0.0,Low,1.0,0.0,-0.45415162781113155,0,0,0,0.0
4395,0.20640456316091696,0.8680578981483386,0.0868607447330314,0,2,0,0,0,0.0,Low,1.0,0.0,-0.19312499655360374,0,0,0,0.0
4396,1.7083196360937705,2.207171228968011,-0.00014381458179450851,0,1,0,0,1,0.4,Medium,0.0,0.0,-0.460932256407553,0,0,0,0.0
4397,-0.5704480607698693,-0.024684322398109648,0.22798891951772984,0,1,0,0,0,0.0,Low,0.0,1.0,0.1437357441646006,0,0,0,0.0
4398,-0.9329792852709029,-0.4710554326713337,-0.44265239304502507,0,3,0,0,0,0.0,Low,0.0,1.0,-0.3570855175509722,0,0,0,0.0
4399,1.2939982366640177,-0.2478698775347217,2.6175493673359465,0,1,0,0,0,0.0,Low,0.0,1.0,2.428945705911552,0,0,0,0.0
4400,-0.6740284106273075,-0.6942409878079457,-0.8415739471502112,0,2,0,0,0,0.0,Low,1.0,0.0,-0.7146658839701576,0,0,0,0.0
4401,-1.1401399849857792,1.3144290084215626,1.185943015454217,0,1,0,0,0,0.0,Low,1.0,0.0,0.47811990144475003,0,0,0,0.0
4402,-0.9329792852709029,-0.6942409878079457,-0.7589054916843546,0,1,0,0,0,0.0,Low,0.0,1.0,-0.6296139426334713,0,0,0,0.0
4403,-1.036559635128341,-0.2478698775347217,0.29065762563459385,0,2,0,0,0,0.0,Low,1.0,0.0,0.27436336955269924,0,0,0,0.0
4404,1.3975785865214558,1.5376145635581746,-0.7457841872032712,0,1,0,0,1,0.4,Medium,0.0,0.0,-0.8633080133177798,0,0,0,0.0
4405,0.6207259625906697,-0.6942409878079457,0.22233927280897492,0,2,0,0,0,0.0,Low,1.0,0.0,0.3799219399025983,0,0,0,0.0
4406,-0.10433648641139755,-0.024684322398109648,-0.30343097402453145,0,1,0,0,0,0.0,Low,1.0,0.0,-0.3249000166602988,0,0,0,0.0
4407,-0.984769460199622,0.1985012327385024,0.4793840739405527,0,1,0,0,0,0.0,Low,1.0,0.0,0.28935337295011254,0,0,0,0.0
4408,0.5171456127332315,1.0912434532849506,-0.80459700944141,0,2,0,0,1,0.4,Medium,0.0,0.0,-0.8709716990666133,0,0,0,0.0
4409,-0.8811891103421838,-0.4710554326713337,-0.8147804976339408,0,1,0,0,0,0.0,Low,1.0,0.0,-0.7197923882619722,0,0,0,0.0
4410,0.36177508794707425,-0.024684322398109648,2.0581072261182602,0,2,0,0,0,0.0,Low,1.0,0.0,1.7576363441147804,0,0,0,0.0
4411,1.0350473620204224,-0.4710554326713337,-0.40108511738536057,0,3,0,0,0,0.0,Low,1.0,0.0,-0.3165706080545408,0,0,0,0.0
4412,0.5171456127332315,1.7608001186947866,0.12734046340126065,0,3,0,0,0,0.0,Low,1.0,0.0,-0.32108650590730137,0,0,0,0.0
4413,-1.5026712094868129,0.42168678787511443,-1.1652139588612378,0,2,0,0,0,0.0,Low,0.0,1.0,-1.1042934778945703,0,0,0,0.0
4414,-0.363287361054993,-1.3637976532177818,-0.19642666536071296,0,1,0,0,0,0.0,Low,1.0,0.0,0.200549967670958,0,0,0,0.0
4415,0.4653554378045124,0.42168678787511443,-0.587975430510974,0,1,0,0,0,0.0,Low,1.0,0.0,-0.6395167359131065,0,0,0,0.0
4416,-0.15612666134011663,-0.4710554326713337,2.4624665651806237,0,2,0,0,0,0.0,Low,1.0,0.0,2.4744840236564536,0,0,0,0.0
4417,-0.8811891103421838,1.5376145635581746,-0.6246133894172496,0,1,0,0,0,0.0,Low,1.0,0.0,-0.7831666274284081,0,0,0,0.0
4418,1.0350473620204224,-1.1406120980811698,2.504259826708638,0,1,0,0,0,0.0,Low,1.0,0.0,3.232120919078429,0,0,0,0.0
4419,1.4493687614501751,0.6448723430117265,-0.6491611043667899,0,1,0,0,0,0.0,Low,1.0,0.0,-0.714593227263053,0,0,0,0.0
4420,-0.10433648641139755,-0.024684322398109648,0.3667018703344355,0,1,0,0,0,0.0,Low,1.0,0.0,0.26606057624596513,0,0,0,0.0
4421,0.3099849130183551,-0.9174265429445578,2.07449120157365,0,3,1,0,1,0.7,High,0.0,0.0,2.4968708372925765,0,1,1,0.0
4422,-1.08834981005706,0.1985012327385024,-0.3686843935106511,0,1,0,0,0,0.0,Low,1.0,0.0,-0.4245265160047357,0,0,0,0.0
4423,0.051034038374759706,0.6448723430117265,1.939577638168582,0,1,0,0,0,0.0,Low,1.0,0.0,1.282939456987917,0,0,0,0.0
4424,-1.5026712094868129,1.7608001186947866,0.7232087017736437,0,1,0,0,0,0.0,Low,1.0,0.0,0.059426189733709424,0,0,0,0.0
4425,-0.2597070111975548,0.42168678787511443,-0.20531073481023004,0,2,0,0,0,0.0,Low,1.0,0.0,-0.33140554477792344,0,0,0,0.0
4426,-0.4668677109124311,-0.024684322398109648,0.18885099194282998,0,3,0,1,0,0.2,Low,1.0,0.0,0.10922173238398147,0,0,1,0.0
4427,-0.6222382356985884,-0.024684322398109648,1.4992300495714506,0,1,0,0,0,0.0,Low,1.0,0.0,1.2647872166707823,0,0,0,0.0
4428,1.6565294611650514,1.5376145635581746,0.1245015159301113,0,2,0,0,0,0.0,Low,1.0,0.0,-0.28770808624639443,0,0,0,0.0
4429,0.5689357876619505,-0.024684322398109648,-1.0621644028935477,0,1,0,0,0,0.0,Low,1.0,0.0,-0.9939935564809705,0,0,0,0.0
4430,-1.7098319092016891,-0.2478698775347217,0.7284063767456984,0,1,0,0,0,0.0,Low,1.0,0.0,0.6796962477456141,0,0,0,0.0
4431,0.5171456127332315,-1.3637976532177818,0.7865694896123305,0,2,0,1,0,0.2,Low,1.0,0.0,1.4141552903176755,0,0,1,0.0
4432,0.25819473808963606,-0.024684322398109648,0.08558957422356174,0,1,0,0,0,0.0,Low,1.0,0.0,0.018160043416783216,0,0,0,0.0
4433,1.0350473620204224,-0.024684322398109648,-0.6380313003505426,0,1,0,0,0,0.0,Low,1.0,0.0,-0.6199692837418102,0,0,0,0.0
4434,-0.2597070111975548,1.7608001186947866,0.6401730192717181,0,1,0,0,0,0.0,Low,1.0,0.0,0.006400823808007681,0,0,0,0.0
4435,1.0350473620204224,1.3144290084215626,-0.9892274638835213,0,1,0,0,0,0.0,Low,0.0,1.0,-1.0138032346808896,0,0,0,0.0
4436,-0.9329792852709029,0.42168678787511443,0.17159132124758358,0,1,0,0,0,0.0,Low,1.0,0.0,-0.02793427413818789,0,0,0,0.0
4437,-0.7258185855560266,2.8767278943778467,0.11708635462487045,0,1,0,0,0,0.0,Low,1.0,0.0,-0.47184374968730775,0,0,0,0.0
4438,0.6207259625906697,1.3144290084215626,-0.16947785055995185,0,1,0,0,0,0.0,Low,1.0,0.0,-0.4515468848614303,0,0,0,0.0
4439,1.7083196360937705,-0.9174265429445578,1.1414237993892282,0,1,1,0,0,0.3,Medium,0.0,1.0,1.4804325675815662,0,0,1,0.0
4440,1.6047392862363323,-0.4710554326713337,-0.5297558211772543,0,1,0,0,0,0.0,Low,1.0,0.0,-0.4419837325915739,0,0,0,0.0
4441,1.2422080617352986,0.8680578981483386,-0.8653872080276133,0,1,0,0,0,0.0,Low,0.0,1.0,-0.898511184344816,0,0,0,0.0
4442,0.9832571870917033,1.0912434532849506,-0.7853317141645558,0,3,0,0,0,0.0,Low,1.0,0.0,-0.8572496415832823,0,0,0,0.0
4443,-1.7098319092016891,-0.024684322398109648,1.1992055611030195,0,1,0,0,1,0.4,Medium,0.0,0.0,1.0002088557022104,0,0,0,0.0
4444,1.6565294611650514,-0.6942409878079457,0.4035375668755176,0,3,0,0,0,0.0,Low,0.0,1.0,0.566344518991672,0,0,0,0.0
4445,-0.2597070111975548,1.7608001186947866,0.3019851672856478,0,1,0,0,0,0.0,Low,0.0,1.0,-0.20956096590537893,0,0,0,0.0
4446,-1.3473006847006557,-0.024684322398109648,0.18770693848430717,0,2,0,0,0,0.0,Low,1.0,0.0,0.10821284210818582,0,0,0,0.0
4447,-0.2597070111975548,1.3144290084215626,-0.36618442484202685,0,1,0,0,0,0.0,Low,1.0,0.0,-0.5864655461742649,0,0,0,0.0
4448,0.879676837234265,-0.6942409878079457,-0.9073923313072062,0,2,0,0,0,0.0,Low,1.0,0.0,-0.782381934991678,0,0,0,0.0
4449,-0.052546311482678465,-0.2478698775347217,-0.8771808455321392,0,1,0,0,0,0.0,Low,1.0,0.0,-0.8069951210904445,0,0,0,0.0
4450,-1.606251559344251,-1.1406120980811698,0.2267601213585758,0,1,0,0,0,0.0,Low,0.0,1.0,0.5960611121974683,0,0,0,0.0
4451,1.3457884115927368,1.3144290084215626,-0.551732946874311,0,1,0,0,0,0.0,Low,1.0,0.0,-0.7137310343387446,0,0,0,0.0
4452,0.051034038374759706,0.42168678787511443,-0.7499084293006624,0,1,0,0,0,0.0,Low,1.0,0.0,-0.7699007763060078,0,0,0,0.0
4453,-0.7258185855560266,-1.810168763491006,-0.3422722951472217,0,2,0,0,0,0.0,Low,1.0,0.0,0.22491164978359293,0,0,0,0.0
4454,0.25819473808963606,1.7608001186947866,1.3091335619386186,0,3,0,0,0,0.0,Low,1.0,0.0,0.43358919025451403,0,0,0,0.0
4455,-1.554461384415532,1.9839856738313988,-0.10060865718022918,0,1,0,0,0,0.0,Low,1.0,0.0,-0.4947049688815839,0,0,0,0.0
4456,-0.7776087604847457,-0.6942409878079457,2.390998534314873,0,3,0,0,0,0.0,Low,0.0,1.0,2.61110769569601,0,0,0,0.0
4457,0.5689357876619505,0.8680578981483386,0.3119850419601439,0,1,0,0,0,0.0,Low,1.0,0.0,-0.026362159899730345,0,0,0,0.0
4458,0.4653554378045124,1.3144290084215626,5.797198783256769,0,2,0,0,0,0.0,Low,1.0,0.0,3.6409244870752198,1,0,0,0.0
4459,-1.08834981005706,1.7608001186947866,0.08792005349092295,0,3,0,0,0,0.0,Low,1.0,0.0,-0.3462598000557337,0,0,0,0.0
4460,-1.08834981005706,1.3144290084215626,-0.013434608464140454,0,1,0,0,0,0.0,Low,1.0,0.0,-0.3445187115158285,0,0,0,0.0
4461,1.3457884115927368,1.0912434532849506,-0.08094788663376205,0,1,0,0,0,0.0,Low,1.0,0.0,-0.3555394298888588,0,0,0,0.0
4462,1.1904178868065796,-0.9174265429445578,-0.5752637254162754,0,1,0,0,0,0.0,Low,1.0,0.0,-0.38964337040828095,0,0,0,0.0
4463,0.9314670121629842,1.0912434532849506,-0.39806255639617666,0,1,0,0,0,0.0,Low,1.0,0.0,-0.5814101297537743,0,0,0,0.0
4464,0.9832571870917033,-0.9174265429445578,2.8765574206988167,0,2,0,0,0,0.0,Low,1.0,0.0,3.3706027864021864,0,0,0,0.0
4465,0.4653554378045124,1.0912434532849506,-0.5483007864987424,0,1,0,0,0,0.0,Low,1.0,0.0,-0.6884200457729754,0,0,0,0.0
4466,0.4135652628757933,0.1985012327385024,-0.08031230137902706,0,3,0,0,0,0.0,Low,1.0,0.0,-0.18178309963022457,0,0,0,0.0
4467,-0.41507753598371205,0.8680578981483386,-0.0728971400737862,0,1,0,0,1,0.4,Medium,0.0,0.0,-0.3114670785783203,0,0,0,0.0
4468,-0.5704480607698693,-0.2478698775347217,-0.4787112631636534,0,1,0,0,0,0.0,Low,0.0,1.0,-0.4380327373399683,0,0,0,0.0
4469,0.4653554378045124,0.6448723430117265,-0.5018041940856893,0,1,1,0,0,0.3,Medium,0.0,1.0,-0.6008891134796536,0,0,1,0.0
4470,-0.3114971861262739,-0.024684322398109648,-0.2960299368360625,0,3,0,0,0,0.0,Low,1.0,0.0,-0.31837336845638525,0,0,0,0.0
4471,-1.2955105097719366,0.6448723430117265,0.7251013334210769,0,1,0,0,0,0.0,Low,0.0,1.0,0.3458205144230376,0,0,0,0.0
4472,-0.7258185855560266,0.1985012327385024,1.6040451201356265,0,3,0,0,0,0.0,Low,0.0,1.0,1.2360610193062465,0,0,0,0.0
4473,1.1386277118778605,1.9839856738313988,-1.0059927904917518,0,1,0,0,0,0.0,Low,0.0,1.0,-1.053597797540146,0,0,0,0.0
4474,0.25819473808963606,-0.9174265429445578,2.365928227044773,0,1,0,0,0,0.0,Low,1.0,0.0,2.814348165517833,0,0,0,0.0
4475,0.879676837234265,-0.2478698775347217,0.5277591738842669,0,1,0,0,0,0.0,Low,1.0,0.0,0.4939072351424927,0,0,0,0.0
4476,-1.1401399849857792,-2.25653987376423,0.5917272987441445,0,2,0,0,1,0.4,Medium,0.0,0.0,2.0760980513844682,0,0,0,0.0
4477,1.0868375369491414,0.42168678787511443,-0.7126772574899672,0,1,0,0,0,0.0,Low,1.0,0.0,-0.7399232507520882,0,0,0,0.0
4478,-1.1919301599144982,0.42168678787511443,3.9112902154072837,0,1,0,0,0,0.0,Low,1.0,0.0,2.9831694250323344,0,0,0,0.0
4479,-0.41507753598371205,-0.4710554326713337,-0.7795831986383976,0,1,0,0,0,0.0,Low,0.0,1.0,-0.6854861855894928,0,0,0,0.0
4480,0.4135652628757933,-1.810168763491006,-0.004070319044379152,0,1,0,0,0,0.0,Low,1.0,0.0,0.7066926856169621,0,0,0,0.0
4481,-0.363287361054993,1.0912434532849506,0.14193067602662016,0,1,1,0,0,0.3,Medium,1.0,0.0,-0.19679011384269982,0,0,1,0.0
4482,-1.1919301599144982,0.6448723430117265,2.2095460061464367,0,2,0,0,0,0.0,Low,1.0,0.0,1.4912535019276174,0,0,0,0.0
4483,0.20640456316091696,-0.9174265429445578,-0.7388774941018182,0,1,0,0,0,0.0,Low,0.0,1.0,-0.5678762564294783,0,0,0,0.0
4484,0.4653554378045124,0.8680578981483386,0.048118292427744645,0,2,0,0,0,0.0,Low,1.0,0.0,-0.22182381460627779,0,0,0,0.0
4485,-0.7776087604847457,-0.6942409878079457,-1.133717178459929,0,1,0,0,0,0.0,Low,1.0,0.0,-1.0152321499206143,0,0,0,0.0
4486,1.5529491113076133,1.0912434532849506,-0.1500854382321505,0,1,0,0,0,0.0,Low,1.0,0.0,-0.404783910373393,0,0,0,0.0
4487,-1.4508810345580938,1.9839856738313988,0.24051701109439377,0,1,0,0,0,0.0,Low,0.0,1.0,-0.284128394082645,0,0,0,0.0
4488,0.6207259625906697,1.7608001186947866,-0.6057435694100082,0,1,0,0,0,0.0,Low,1.0,0.0,-0.7892231903165028,0,0,0,0.0
4489,0.4135652628757933,0.6448723430117265,-1.0716558093642559,0,2,0,0,0,0.0,Low,0.0,1.0,-1.0406002392061975,0,0,0,0.0
4490,1.6047392862363323,0.42168678787511443,2.435178771577337,0,2,0,0,0,0.0,Low,0.0,1.0,1.7946446922401746,0,0,0,0.0
4491,1.2939982366640177,-0.6942409878079457,-0.9176605642003682,0,1,0,0,0,0.0,Low,1.0,0.0,-0.7929462202046921,0,0,0,0.0
4492,0.9314670121629842,-0.6942409878079457,-0.8622234058707104,0,3,0,0,0,0.0,Low,1.0,0.0,-0.7359107051275531,0,0,0,0.0
4493,0.6725161375193888,1.5376145635581746,-0.7142167862181029,0,1,0,0,0,0.0,Low,1.0,0.0,-0.8424295895547834,0,0,0,0.0
4494,-1.3990908596293747,1.0912434532849506,1.4125644690591497,0,2,0,0,0,0.0,Low,1.0,0.0,0.7082419501715316,0,0,0,0.0
4495,-1.1919301599144982,0.42168678787511443,-0.2686150261818292,0,1,0,0,0,0.0,Low,1.0,0.0,-0.3823764361029112,0,0,0,0.0
4496,1.3975785865214558,0.6448723430117265,-1.1294234469612752,0,1,0,0,0,0.0,Low,0.0,1.0,-1.0851751290148914,0,0,0,0.0
4497,-0.4668677109124311,0.8680578981483386,-0.7021971628452268,0,1,0,0,0,0.0,Low,0.0,1.0,-0.7776266988250938,0,0,0,0.0
4498,-1.1401399849857792,-0.2478698775347217,1.402578718501425,0,1,0,0,0,0.0,Low,1.0,0.0,1.3039452375789378,0,0,0,0.0
4499,-0.41507753598371205,1.0912434532849506,-1.045060097482792,0,3,0,1,0,0.2,Low,1.0,0.0,-1.0422459136221176,0,0,1,0.0
4500,-1.1401399849857792,-0.2478698775347217,-0.9211774692765683,0,1,0,0,0,0.0,Low,1.0,0.0,-0.8477337367640136,0,0,0,0.0
4501,0.4653554378045124,0.8680578981483386,-0.8896383165249437,0,1,0,0,0,0.0,Low,1.0,0.0,-0.9164754098630229,0,0,0,0.0
4502,0.879676837234265,0.8680578981483386,-0.2350984970821405,0,1,0,0,0,0.0,Low,1.0,0.0,-0.4316191844904278,0,0,0,0.0
4503,0.1546143882321979,-1.1406120980811698,-0.05858940978386433,0,1,0,0,0,0.0,Low,0.0,1.0,0.26578733512960384,0,0,0,0.0
4504,0.6207259625906697,2.207171228968011,-0.3719188162514132,0,1,0,0,0,0.0,Low,0.0,1.0,-0.6830255286614106,0,0,0,0.0
4505,0.9832571870917033,-2.479725428900842,-0.27690588272692707,0,1,0,0,0,0.0,Low,1.0,0.0,0.805914026193645,0,0,0,0.0
4506,-1.08834981005706,0.42168678787511443,-0.963083723738758,0,1,0,1,0,0.2,Low,0.0,1.0,-0.9415437175750928,0,0,1,0.0
4507,1.0350473620204224,1.0912434532849506,-0.3837830743397985,0,1,0,0,0,0.0,Low,1.0,0.0,-0.5712393085546192,0,0,0,0.0
4508,1.1904178868065796,-1.1406120980811698,-0.40001168451069713,0,1,0,0,0,0.0,Low,1.0,0.0,-0.12938704555947625,0,0,0,0.0
4509,-1.554461384415532,0.42168678787511443,-0.8833107122111382,0,1,0,0,0,0.0,Low,1.0,0.0,-0.8773126613047825,0,0,0,0.0
4510,0.7760964873768269,-0.4710554326713337,1.6386068338764346,0,2,0,0,0,0.0,Low,1.0,0.0,1.671482096736021,0,0,0,0.0
4511,-1.3990908596293747,-0.024684322398109648,1.2472840545945238,0,2,0,0,0,0.0,Low,0.0,1.0,1.042607158156641,0,0,0,0.0
4512,-1.1919301599144982,-0.2478698775347217,-1.0237609293907861,0,2,0,0,0,0.0,Low,1.0,0.0,-0.9427207562301878,0,0,0,0.0
4513,1.0350473620204224,-0.6942409878079457,0.30147669908185964,0,3,0,0,0,0.0,Low,1.0,0.0,0.4613410458840526,0,0,0,0.0
4514,0.5689357876619505,-0.6942409878079457,0.19599779502940487,0,2,0,0,0,0.0,Low,1.0,0.0,0.35282098815256907,0,0,0,0.0
4515,-0.5704480607698693,-0.9174265429445578,0.03612691728841228,0,1,0,0,0,0.0,Low,1.0,0.0,0.27637587486101894,0,0,0,0.0
4516,-0.3114971861262739,-0.6942409878079457,-0.3970738682221445,0,1,0,0,0,0.0,Low,1.0,0.0,-0.25735003811216045,0,0,0,0.0
4517,1.1904178868065796,-0.024684322398109648,0.02253951695385649,0,3,0,0,0,0.0,Low,1.0,0.0,-0.03744102067151854,0,0,0,0.0
4518,-0.41507753598371205,0.8680578981483386,-0.3575263412608599,0,1,0,0,0,0.0,Low,1.0,0.0,-0.522308705044777,0,0,0,0.0
4519,-0.4668677109124311,0.6448723430117265,-0.7177054430607591,0,1,0,0,0,0.0,Low,1.0,0.0,-0.7674836771998724,0,0,0,0.0
4520,1.0350473620204224,-0.4710554326713337,0.27907584988164647,0,1,0,0,0,0.0,Low,1.0,0.0,0.34637060217656396,0,0,0,0.0
4521,-0.2597070111975548,2.4303567841046227,-1.2383345113892985,0,3,0,1,0,0.2,Low,1.0,0.0,-1.2039742943840037,0,0,1,0.0
4522,0.1028242133034788,-0.024684322398109648,0.6343821313952445,0,2,0,0,0,0.0,Low,1.0,0.0,0.5021159899111745,0,0,0,0.0
4523,-1.036559635128341,0.1985012327385024,-0.19070639806809866,0,1,0,0,0,0.0,Low,1.0,0.0,-0.27470970698601543,0,0,0,0.0
4524,0.051034038374759706,0.1985012327385024,-0.5465493960190283,0,3,0,0,0,0.0,Low,0.0,1.0,-0.5742482107887007,0,0,0,0.0
4525,-0.20791683626883573,2.4303567841046227,0.590554997052078,0,3,0,0,0,0.0,Low,1.0,0.0,-0.14556315318748453,0,0,0,0.0
4526,-0.8811891103421838,1.0912434532849506,0.03770881836686351,0,1,0,0,0,0.0,Low,1.0,0.0,-0.2710240303892528,0,0,0,0.0
4527,1.7083196360937705,-0.2478698775347217,1.6518835036420088,0,2,0,0,0,0.0,Low,1.0,0.0,1.534788674257644,0,0,0,0.0
4528,-0.20791683626883573,-0.6942409878079457,1.055323183547803,0,2,1,0,0,0.3,Medium,1.0,0.0,1.2369223315431956,0,0,1,0.0
4529,0.5689357876619505,0.1985012327385024,-0.8736639404559392,0,1,0,0,0,0.0,Low,1.0,0.0,-0.849603920404887,0,0,0,0.0
4530,0.879676837234265,0.42168678787511443,-0.5991899792278524,0,1,0,0,0,0.0,Low,1.0,0.0,-0.64854638511258,0,0,0,0.0
4531,0.6725161375193888,-0.6942409878079457,-0.6989627401044647,0,1,0,0,0,0.0,Low,1.0,0.0,-0.5679429296430567,0,0,0,0.0
4532,0.9832571870917033,-1.3637976532177818,-0.6928187493086937,0,1,0,0,0,0.0,Low,1.0,0.0,-0.4122948254152221,0,0,0,0.0
4533,1.5529491113076133,-2.479725428900842,2.034915426378822,0,3,0,0,0,0.0,Low,0.0,1.0,5.087169804578317,0,0,0,0.0
4534,0.20640456316091696,-0.9174265429445578,-1.035173215742471,0,1,0,0,0,0.0,Low,1.0,0.0,-0.8906464120711113,0,0,0,0.0
4535,1.5529491113076133,-0.9174265429445578,1.1285849772435828,0,1,0,0,0,0.0,Low,1.0,0.0,1.4664465788563188,0,0,0,0.0
4536,-1.3990908596293747,-2.033354318627618,2.09903891652319,0,3,0,0,0,0.0,Low,1.0,0.0,4.120223830612844,0,0,0,0.0
4537,-0.6222382356985884,1.5376145635581746,0.816597361869363,0,3,0,0,0,0.0,Low,0.0,1.0,0.17003851008943735,0,0,0,0.0
4538,0.36177508794707425,-0.4710554326713337,0.39353769220102147,0,1,0,0,0,0.0,Low,1.0,0.0,0.45793459353201044,0,0,0,0.0
4539,-1.2437203348432175,-0.2478698775347217,-1.0453990762853174,0,3,0,0,0,0.0,Low,1.0,0.0,-0.962756569781362,0,0,0,0.0
4540,1.1904178868065796,0.42168678787511443,-1.1079830377015503,0,1,0,0,0,0.0,Low,1.0,0.0,-1.058212698856451,0,0,0,0.0
4541,-1.3990908596293747,-0.9174265429445578,0.17431727578455794,0,1,0,0,0,0.0,Low,1.0,0.0,0.4269137337035082,0,0,0,0.0
4542,0.827886662305546,1.5376145635581746,-0.42443228240929026,0,2,0,0,0,0.0,Low,1.0,0.0,-0.6507684618834653,0,0,0,0.0
4543,0.9314670121629842,0.8680578981483386,-1.0041142829610905,0,2,0,0,0,0.0,Low,0.0,1.0,-1.0012745058589851,0,0,0,0.0
4544,-0.052546311482678465,-0.024684322398109648,0.6376589264863222,0,2,0,1,0,0.2,Low,1.0,0.0,0.5050056509480213,0,0,1,0.0
4545,-1.7098319092016891,0.6448723430117265,0.3287644926851459,0,1,0,0,0,0.0,Low,1.0,0.0,0.03999753571356049,0,0,0,0.0
4546,0.9832571870917033,-0.2478698775347217,0.6427859808745174,0,1,0,0,0,0.0,Low,1.0,0.0,0.6004161552213201,0,0,0,0.0
4547,1.3457884115927368,-2.033354318627618,0.6648478512722054,0,3,0,0,0,0.0,Low,1.0,0.0,1.9069116247671718,0,0,0,0.0
4548,-0.0007561365539593763,0.42168678787511443,1.1756182860939675,0,1,0,0,0,0.0,Low,1.0,0.0,0.7804808933602665,0,0,0,0.0
4549,-1.554461384415532,-1.1406120980811698,-0.5401370470045915,0,1,0,0,0,0.0,Low,1.0,0.0,-0.29157316357612145,0,0,0,0.0
4550,-0.8811891103421838,1.5376145635581746,-0.9615441950106224,0,2,0,0,0,0.0,Low,1.0,0.0,-1.0060099378831184,0,0,0,0.0
4551,-1.554461384415532,0.42168678787511443,1.925298156112204,0,1,0,0,0,0.0,Low,1.0,0.0,1.3841027072263294,0,0,0,0.0
4552,0.4653554378045124,-0.2478698775347217,-1.1086892435401445,0,1,0,0,0,0.0,Low,1.0,0.0,-1.0213600165978192,0,0,0,0.0
4553,-1.554461384415532,-0.6942409878079457,-1.069381826563982,0,1,0,1,0,0.2,Low,1.0,0.0,-0.9490418897482911,0,0,1,0.0
4554,-1.7098319092016891,-0.2478698775347217,-0.6981435413316952,0,2,0,0,0,0.0,Low,1.0,0.0,-0.6412157656239394,0,0,0,0.0
4555,0.827886662305546,-0.024684322398109648,1.632773573649645,0,3,0,0,0,0.0,Low,1.0,0.0,1.3825533593578097,0,0,0,0.0
4556,1.3975785865214558,-0.4710554326713337,-0.6223817789672915,0,1,0,0,0,0.0,Low,1.0,0.0,-0.5322646624174645,0,0,0,0.0
4557,0.051034038374759706,-0.9174265429445578,-1.0657095562032914,0,1,0,0,0,0.0,Low,1.0,0.0,-0.9239112169379818,0,0,0,0.0
4558,-1.3473006847006557,2.207171228968011,-0.8621386611700791,0,1,0,0,0,0.0,Low,1.0,0.0,-0.9758761210703039,0,0,0,0.0
4559,-0.5186578858411502,-0.2478698775347217,-0.878452016041609,0,2,0,0,0,0.0,Low,1.0,0.0,-0.8081721597455395,0,0,0,0.0
4560,0.1028242133034788,0.6448723430117265,-0.038462543383924866,0,1,0,0,0,0.0,Low,0.0,1.0,-0.24336362199451814,0,0,0,0.0
4561,0.827886662305546,-1.1406120980811698,-0.7628884926140267,0,2,0,0,0,0.0,Low,1.0,0.0,-0.5493936723192432,0,0,0,0.0
4562,0.4653554378045124,0.8680578981483386,-1.383346818286266,0,1,0,0,0,0.0,Low,1.0,0.0,-1.2821943982083481,0,0,0,0.0
4563,-0.363287361054993,-1.3637976532177818,5.035682903383691,0,1,0,0,0,0.0,Low,0.0,1.0,6.660103231613436,0,0,0,0.0
4564,-0.10433648641139755,0.1985012327385024,-1.2708199799646394,0,2,0,0,0,0.0,Low,1.0,0.0,-1.1839185662899274,0,0,0,0.0
4565,-0.8293989354134648,-0.4710554326713337,-1.1457932982998926,0,1,0,0,0,0.0,Low,1.0,0.0,-1.042424878563828,0,0,0,0.0
4566,-0.3114971861262739,0.6448723430117265,0.5874053190119471,0,2,0,0,0,0.0,Low,0.0,1.0,0.23957097878857375,0,0,0,0.0
4567,-0.2597070111975548,-0.9174265429445578,-0.9935353194989471,0,1,0,0,0,0.0,Low,1.0,0.0,-0.8452881120028715,0,0,0,0.0
4568,-0.9329792852709029,0.1985012327385024,0.46223739617948134,0,1,0,0,0,0.0,Low,1.0,0.0,0.274919787826017,0,0,0,0.0
4569,0.6725161375193888,-2.033354318627618,0.21392129921293,0,1,0,0,0,0.0,Low,1.0,0.0,1.211020215460393,0,0,0,0.0
4570,1.2939982366640177,0.6448723430117265,-0.6481017956088982,0,1,1,0,0,0.3,Medium,1.0,0.0,-0.7137758393081258,0,0,1,0.0
4571,-0.15612666134011663,0.42168678787511443,0.44821214822499744,0,1,0,0,0,0.0,Low,1.0,0.0,0.19479328199743992,0,0,0,0.0
4572,-1.554461384415532,-0.2478698775347217,-0.3953083536256586,0,2,0,0,0,0.0,Low,1.0,0.0,-0.3608059233584509,0,0,0,0.0
4573,0.1546143882321979,1.3144290084215626,0.6392549516815457,0,1,0,0,0,0.0,Low,0.0,1.0,0.10315316741914671,0,0,0,0.0
4574,-0.8811891103421838,1.9839856738313988,1.6314459066730875,0,2,0,0,0,0.0,Low,0.0,1.0,0.5744907889922439,0,0,0,0.0
4575,0.25819473808963606,-1.3637976532177818,-1.0154135763786005,0,1,0,0,0,0.0,Low,0.0,1.0,-0.8105698310799924,0,0,0,0.0
4576,0.7243063124481078,-0.2478698775347217,-0.08565121751880043,0,1,0,1,0,0.2,Low,0.0,1.0,-0.07407930697728557,0,0,1,0.0
4577,0.6207259625906697,-1.1406120980811698,-0.02323674550383035,0,1,0,0,0,0.0,Low,0.0,1.0,0.3067057761532569,0,0,0,0.0
4578,0.7243063124481078,-2.033354318627618,-0.05190870255076159,0,2,0,0,0,0.0,Low,1.0,0.0,0.8007786501354895,0,0,0,0.0
4579,0.25819473808963606,-0.6942409878079457,0.48674273877870605,0,1,0,0,0,0.0,Low,1.0,0.0,0.6519486513023537,0,0,0,0.0
4580,-1.554461384415532,-0.024684322398109648,0.23492386085272665,0,1,0,0,0,0.0,Low,1.0,0.0,0.14985136299689392,0,0,0,0.0
4581,-0.20791683626883573,-0.6942409878079457,-1.0589158560360137,0,1,0,0,0,0.0,Low,0.0,1.0,-0.938274165755384,0,0,0,0.0
4582,-0.20791683626883573,-0.024684322398109648,-0.9908376131955167,0,1,0,0,0,0.0,Low,1.0,0.0,-0.9310936071875289,0,0,0,0.0
4583,-0.6222382356985884,1.0912434532849506,-0.4864936515049634,0,1,0,0,0,0.0,Low,1.0,0.0,-0.6443967880405299,0,0,0,0.0
4584,1.6565294611650514,0.6448723430117265,-0.0664282945922619,0,1,0,0,0,0.0,Low,1.0,0.0,-0.264942664004595,0,0,0,0.0
4585,-1.1401399849857792,1.3144290084215626,0.0010991076941315712,0,1,0,1,0,0.2,Low,1.0,0.0,-0.33455021130107254,0,0,1,0.0
4586,0.1028242133034788,-0.9174265429445578,0.09245389497469884,0,1,0,0,0,0.0,Low,1.0,0.0,0.33773574618806784,0,0,0,0.0
4587,-0.8293989354134648,0.6448723430117265,0.2956716870886141,0,2,0,0,0,0.0,Low,1.0,0.0,0.014462336001636497,0,0,0,0.0
4588,0.9832571870917033,-1.1406120980811698,0.2606438774943332,0,2,0,0,0,0.0,Low,1.0,0.0,0.6352793862748726,0,0,0,0.0
4589,-1.7098319092016891,-0.2478698775347217,-0.2905074071782546,0,1,0,0,0,0.0,Low,1.0,0.0,-0.2637656253494998,0,0,0,0.0
4590,1.2422080617352986,0.1985012327385024,1.6448355693728367,0,1,0,0,0,0.0,Low,1.0,0.0,1.2703972580528586,0,0,0,0.0
4591,-1.4508810345580938,-0.6942409878079457,-1.0948052367533794,0,1,0,0,0,0.0,Low,1.0,0.0,-0.9751983043059599,0,0,0,0.0
4592,0.5171456127332315,1.0912434532849506,-1.2646336168185528,0,2,0,0,0,0.0,Low,1.0,0.0,-1.1986411523580864,0,0,0,0.0
4593,-0.5186578858411502,-0.2478698775347217,-0.11024130481865642,0,1,0,0,0,0.0,Low,1.0,0.0,-0.09684846584973626,0,0,0,0.0
4594,-0.7776087604847457,-1.586983208354394,0.13800417156403552,0,1,0,0,0,0.0,Low,1.0,0.0,0.7507015716930573,0,0,0,0.0
4595,-0.8293989354134648,-0.2478698775347217,-0.11291076288854311,0,3,0,0,0,0.0,Low,0.0,1.0,-0.09932024702543606,0,0,0,0.0
4596,-0.20791683626883573,0.6448723430117265,-0.643497333541263,0,3,0,0,0,0.0,Low,1.0,0.0,-0.7102229263307093,0,0,0,0.0
4597,0.4135652628757933,0.6448723430117265,0.20033389887837452,0,2,0,0,0,0.0,Low,1.0,0.0,-0.059102579941807024,0,0,0,0.0
4598,-0.052546311482678465,0.6448723430117265,-0.8992144676962833,0,3,0,0,0,0.0,Low,1.0,0.0,-0.9075403786501233,0,0,0,0.0
4599,-1.1401399849857792,-0.6942409878079457,-1.1294799434283629,0,2,0,0,0,0.0,Low,1.0,0.0,-1.010872747494336,0,0,0,0.0
4600,-0.363287361054993,1.0912434532849506,1.0605067344030856,0,2,0,0,0,0.0,Low,0.0,1.0,0.4574824158390496,0,0,0,0.0
4601,0.25819473808963606,1.9839856738313988,-0.7126348851396517,0,1,0,0,0,0.0,Low,1.0,0.0,-0.8725082207525521,0,0,0,0.0
4602,-1.2955105097719366,-1.1406120980811698,-0.15368708800898187,0,3,0,0,0,0.0,Low,1.0,0.0,0.1557178731191137,0,0,0,0.0
4603,-0.6740284106273075,0.8680578981483386,-0.7813345891181117,0,2,0,0,0,0.0,Low,1.0,0.0,-0.8362484551317412,0,0,0,0.0
4604,-0.2597070111975548,-1.3637976532177818,-0.6896690712685628,0,1,0,0,0,0.0,Low,0.0,1.0,-0.4084062384509821,0,0,0,0.0
4605,-0.052546311482678465,-0.9174265429445578,0.7162737604386472,0,1,0,0,0,0.0,Low,0.0,1.0,1.0172947825225138,0,0,0,0.0
4606,1.4493687614501751,-0.4710554326713337,-0.2342651741925991,0,1,0,0,0,0.0,Low,1.0,0.0,-0.15397407524368487,0,0,0,0.0
4607,-0.984769460199622,-1.3637976532177818,-0.22180770319979456,0,3,0,0,0,0.0,Low,1.0,0.0,0.16921458303087075,0,0,0,0.0
4608,-1.65804173427297,1.7608001186947866,-1.134818859568136,0,1,0,0,0,0.0,Low,0.0,1.0,-1.127082891321922,0,0,0,0.0
4609,0.9314670121629842,-0.2478698775347217,-0.30515411627070177,0,1,0,0,0,0.0,Low,1.0,0.0,-0.277327726297651,0,0,0,0.0
4610,0.5171456127332315,-1.586983208354394,-0.8025631366262583,0,1,0,0,0,0.0,Low,0.0,1.0,-0.49346565304897055,0,0,0,0.0
4611,1.0350473620204224,-0.024684322398109648,3.296665149961834,0,3,0,0,0,0.0,Low,1.0,0.0,2.8498659388655123,0,0,0,0.0
4612,-0.8293989354134648,0.42168678787511443,-0.8561641597755707,0,1,0,0,0,0.0,Low,1.0,0.0,-0.8554549966178958,0,0,0,0.0
4613,-1.606251559344251,0.42168678787511443,1.5874775311622027,0,1,0,0,0,0.0,Low,1.0,0.0,1.112098740534885,0,0,0,0.0
4614,-1.3990908596293747,0.1985012327385024,-0.09947872783847826,0,1,0,0,0,0.0,Low,1.0,0.0,-0.19791685170056864,0,0,0,0.0
4615,0.4653554378045124,-0.9174265429445578,-1.0160209133997917,0,1,0,0,0,0.0,Low,1.0,0.0,-0.8697828249298177,0,0,0,0.0
4616,0.20640456316091696,-0.6942409878079457,0.7088303508998627,0,1,0,0,1,0.4,Medium,0.0,0.0,0.8804394638050118,0,0,0,0.0
4617,0.1546143882321979,0.1985012327385024,1.4715467806985512,0,1,0,0,0,0.0,Low,1.0,0.0,1.1245276897764778,0,0,0,0.0
4618,1.2422080617352986,-0.6942409878079457,2.374388572991134,0,1,0,0,0,0.0,Low,1.0,0.0,2.594018838185,0,0,0,0.0
4619,-0.052546311482678465,0.6448723430117265,0.02008192063554808,0,1,0,0,0,0.0,Low,1.0,0.0,-0.19818931435221096,0,0,0,0.0
4620,1.2939982366640177,-1.586983208354394,-0.7972665928368006,0,1,0,0,0,0.0,Low,1.0,0.0,-0.4864594705781664,0,0,0,0.0
4621,-1.1919301599144982,2.4303567841046227,-0.810628007303006,0,1,0,0,0,0.0,Low,0.0,1.0,-0.9564528738729638,0,0,0,0.0
4622,-0.6222382356985884,-0.4710554326713337,0.08310372967170958,0,3,0,0,0,0.0,Low,0.0,1.0,0.15535994323569302,0,0,0,0.0
4623,1.6565294611650514,0.8680578981483386,-1.1443526383891602,0,1,0,0,0,0.0,Low,1.0,0.0,-1.1051573219162225,0,0,0,0.0
4624,0.5171456127332315,-0.4710554326713337,-0.995314958212205,0,1,0,0,1,0.4,Medium,0.0,0.0,-0.8957562255651945,0,0,0,0.0
4625,-1.4508810345580938,-0.2478698775347217,-0.22638391703388608,0,1,0,0,0,0.0,Low,0.0,1.0,-0.20439056430359157,0,0,0,0.0
4626,0.4135652628757933,-0.024684322398109648,0.6590569633957316,0,1,0,0,0,0.0,Low,0.0,1.0,0.5238756357360539,0,0,0,0.0
4627,-0.4668677109124311,-1.3637976532177818,-0.501578208217339,0,1,0,0,0,0.0,Low,1.0,0.0,-0.17618959000799828,0,0,0,0.0
4628,1.1904178868065796,0.1985012327385024,2.323753614363918,0,1,0,0,0,0.0,Low,0.0,1.0,1.8418911375792335,0,0,0,0.0
4629,1.0868375369491414,0.1985012327385024,0.1983988948806258,0,2,0,0,0,0.0,Low,1.0,0.0,0.05282804967272004,0,0,0,0.0
4630,-0.9329792852709029,-0.9174265429445578,-0.5588656258441141,0,1,0,1,0,0.2,Low,1.0,0.0,-0.3717800778780141,0,0,1,0.0
4631,-1.036559635128341,0.8680578981483386,-0.7910802296907139,0,1,0,0,0,0.0,Low,0.0,1.0,-0.8434676255496578,0,0,0,0.0
4632,0.25819473808963606,-1.3637976532177818,-0.9701740303582453,0,3,0,0,0,0.0,Low,1.0,0.0,-0.754717167194517,0,0,0,0.0
4633,-0.3114971861262739,0.6448723430117265,0.47343782077958807,0,1,0,0,0,0.0,Low,1.0,0.0,0.15163093334447794,0,0,0,0.0
4634,0.879676837234265,-0.024684322398109648,-0.8465597603706874,0,2,0,0,0,0.0,Low,0.0,1.0,-0.8038613335177256,0,0,0,0.0
4635,0.7760964873768269,-0.2478698775347217,0.08649351769696234,0,1,0,0,0,0.0,Low,0.0,1.0,0.08531788333714799,0,0,0,0.0
4636,-1.2955105097719366,-0.9174265429445578,-1.072672745771832,0,1,0,0,0,0.0,Low,1.0,0.0,-0.9314965771597058,0,0,0,0.0
4637,1.2422080617352986,-0.024684322398109648,-0.9960211640507993,0,1,0,0,0,0.0,Low,0.0,1.0,-0.9356647520173691,0,0,0,0.0
4638,0.5689357876619505,0.42168678787511443,-0.30660890029820614,0,1,0,0,0,0.0,Low,1.0,0.0,-0.4129680687812281,0,0,0,0.0
4639,-0.6222382356985884,-1.1406120980811698,-0.9912472125819014,0,3,0,0,0,0.0,Low,1.0,0.0,-0.8137042414244865,0,0,0,0.0
4640,-0.10433648641139755,0.1985012327385024,1.1236274122566499,0,1,0,0,0,0.0,Low,0.0,1.0,0.8316590716859977,0,0,0,0.0
4641,0.4135652628757933,-0.6942409878079457,-1.2065976210028677,0,1,0,0,0,0.0,Low,1.0,0.0,-1.0902138716525982,0,0,0,0.0
4642,0.9832571870917033,1.0912434532849506,-1.0588311113353823,0,1,0,0,0,0.0,Low,1.0,0.0,-1.0520545690812433,0,0,0,0.0
4643,1.2939982366640177,-1.1406120980811698,1.26207200485469,0,1,0,0,0,0.0,Low,1.0,0.0,1.794368201879769,0,0,0,0.0
4644,0.25819473808963606,1.9839856738313988,0.9769060872302844,0,2,0,0,0,0.0,Low,1.0,0.0,0.1704439345150813,0,0,0,0.0
4645,-0.984769460199622,-0.9174265429445578,1.281732775401157,0,1,0,0,0,0.0,Low,1.0,0.0,1.6332783453556141,0,0,0,0.0
4646,-0.2597070111975548,0.6448723430117265,-0.9445670066508137,0,2,0,0,0,0.0,Low,0.0,1.0,-0.9425354816270709,0,0,0,0.0
4647,-1.606251559344251,0.1985012327385024,-0.3329645021945479,0,2,0,0,0,0.0,Low,0.0,1.0,-0.3944585285427608,0,0,0,0.0
4648,-1.2437203348432175,-0.4710554326713337,-0.0985606602483056,0,1,0,0,0,0.0,Low,1.0,0.0,-0.021705216785747224,0,0,0,0.0
4649,-0.2597070111975548,-0.2478698775347217,-0.5034425916312282,0,1,0,0,0,0.0,Low,0.0,1.0,-0.46093267828520723,0,0,0,0.0
4650,0.051034038374759706,0.1985012327385024,0.3332842100521499,0,1,0,1,0,0.2,Low,1.0,0.0,0.16637066741169151,0,0,1,0.0
4651,-1.4508810345580938,0.42168678787511443,0.8635035536688009,0,1,0,0,0,0.0,Low,1.0,0.0,0.5291746112318467,0,0,0,0.0
4652,-1.1401399849857792,-0.024684322398109648,-0.36573245310532654,0,1,0,0,0,0.0,Low,0.0,1.0,-0.379840942666907,0,0,0,0.0
4653,0.20640456316091696,-1.810168763491006,-1.0239586670255925,0,3,0,0,0,0.0,Low,1.0,0.0,-0.7461754211481972,0,0,0,0.0
4654,-0.7776087604847457,0.1985012327385024,0.2977055599037656,0,1,0,0,0,0.0,Low,1.0,0.0,0.13642157274316066,0,0,0,0.0
4655,1.7083196360937705,-0.9174265429445578,-0.16976033289538967,0,1,0,1,0,0.2,Low,1.0,0.0,0.05209231309211407,0,0,1,0.0
4656,-1.3473006847006557,-1.1406120980811698,0.6877712927929786,0,1,0,0,0,0.0,Low,1.0,0.0,1.1296519691739118,0,0,0,0.0
4657,-1.3473006847006557,-1.810168763491006,0.33773330683529457,0,1,0,0,0,0.0,Low,0.0,1.0,1.1936044027674122,0,0,0,0.0
4658,0.6725161375193888,0.1985012327385024,1.3638221420793664,0,1,0,0,0,0.0,Low,1.0,0.0,1.0338481562167776,0,0,0,0.0
4659,-1.554461384415532,1.0912434532849506,-0.18889851112129696,0,1,0,0,0,0.0,Low,1.0,0.0,-0.4324292285289599,0,0,0,0.0
4660,0.879676837234265,-0.024684322398109648,1.859974116042225,0,1,0,0,0,0.0,Low,1.0,0.0,1.582911494869553,0,0,0,0.0
4661,1.7083196360937705,0.6448723430117265,1.7452580396209556,0,1,0,1,0,0.2,Low,1.0,0.0,1.13299781053608,0,0,1,0.0
4662,0.5689357876619505,1.0912434532849506,0.513945787681361,0,1,0,0,0,0.0,Low,1.0,0.0,0.0681844257859306,0,0,0,0.0
4663,-1.3473006847006557,0.42168678787511443,0.9051555740290967,0,3,0,0,0,0.0,Low,1.0,0.0,0.5627116836364404,0,0,0,0.0
4664,-0.9329792852709029,1.0912434532849506,1.3839772567128497,0,1,0,0,0,0.0,Low,0.0,1.0,0.6878801874543309,0,0,0,0.0
4665,1.7083196360937705,-0.024684322398109648,-0.44430491470733585,0,2,0,0,0,0.0,Low,0.0,1.0,-0.4491305303737219,0,0,0,0.0
4666,-1.2955105097719366,-1.586983208354394,1.4155164094644739,0,1,0,0,0,0.0,Low,1.0,0.0,2.4405741004977615,0,0,0,0.0
4667,1.3457884115927368,1.7608001186947866,0.0996995668786772,0,2,0,0,0,0.0,Low,1.0,0.0,-0.3387375760070799,0,0,0,0.0
4668,-0.984769460199622,1.5376145635581746,0.5794110689190588,0,1,0,0,0,0.0,Low,1.0,0.0,0.01316541377981863,0,0,0,0.0
4669,0.36177508794707425,0.6448723430117265,0.8066822318954981,0,2,0,0,0,0.0,Low,0.0,1.0,0.40877028545849364,0,0,0,0.0
4670,-0.6222382356985884,-1.3637976532177818,0.5134938159446607,0,2,0,0,1,0.4,Medium,0.0,0.0,1.0770165442790296,0,0,0,0.0
4671,-0.5186578858411502,0.8680578981483386,-0.12279764462886425,0,2,0,0,0,0.0,Low,1.0,0.0,-0.3484313236312179,0,0,0,0.0
4672,0.5171456127332315,-0.024684322398109648,1.0747720923426918,0,2,0,0,0,0.0,Low,1.0,0.0,0.890476468915038,0,0,0,0.0
4673,-1.7098319092016891,-1.1406120980811698,4.045398704156353,0,1,0,0,0,0.0,Low,1.0,0.0,5.015890305356851,0,0,0,0.0
4674,-1.2437203348432175,-0.6942409878079457,4.296454879776651,0,1,0,0,0,0.0,Low,1.0,0.0,4.571501904110445,0,0,0,0.0
4675,1.1386277118778605,0.1985012327385024,0.1919300493991015,0,1,0,0,0,0.0,Low,1.0,0.0,0.04738275973298729,0,0,0,0.0
4676,0.827886662305546,-0.024684322398109648,1.2397417762383358,0,1,0,1,0,0.2,Low,1.0,0.0,1.035955955597691,0,0,1,0.0
4677,-1.1401399849857792,-0.4710554326713337,4.10501660105049,0,1,0,0,0,0.0,Low,1.0,0.0,4.075449326061473,0,0,0,0.0
4678,1.3457884115927368,0.1985012327385024,-0.5332021056695947,0,1,0,0,0,0.0,Low,1.0,0.0,-0.5630128418082474,0,0,0,0.0
4679,-0.41507753598371205,-0.6942409878079457,0.5610497171156053,0,1,0,0,0,0.0,Low,1.0,0.0,0.7283980385178513,0,0,0,0.0
4680,0.36177508794707425,-0.024684322398109648,0.6050180926264906,0,1,0,0,0,0.0,Low,1.0,0.0,0.47622113949908207,0,0,0,0.0
4681,0.1028242133034788,0.6448723430117265,3.8734517065753975,0,1,0,0,0,0.0,Low,1.0,0.0,2.7751629075029225,0,0,0,0.0
4682,-0.5704480607698693,-0.024684322398109648,1.6705838342479873,0,1,0,0,0,0.0,Low,1.0,0.0,1.415896560201086,0,0,0,0.0
4683,0.4653554378045124,1.5376145635581746,-0.12594732266899517,0,1,0,0,0,0.0,Low,1.0,0.0,-0.4533529230094599,0,0,0,0.0
4684,-1.4508810345580938,1.3144290084215626,0.007285470840218222,0,1,0,0,0,0.0,Low,1.0,0.0,-0.3303070596061619,0,0,0,0.0
4685,0.4653554378045124,1.3144290084215626,-0.7378605576942423,0,3,0,0,0,0.0,Low,1.0,0.0,-0.841393712502063,0,0,0,0.0
4686,-0.4668677109124311,0.42168678787511443,-0.969736182738317,0,2,0,0,0,0.0,Low,1.0,0.0,-0.9469000963823372,0,0,0,0.0
4687,-0.8293989354134648,-1.3637976532177818,0.4376896812299413,0,1,0,0,0,0.0,Low,1.0,0.0,0.9834288929916906,0,0,0,0.0
4688,1.4493687614501751,0.42168678787511443,0.2984965104429916,0,1,0,0,0,0.0,Low,1.0,0.0,0.07424632794905323,0,0,0,0.0
4689,-1.08834981005706,0.6448723430117265,-0.32215955286405407,0,1,0,0,0,0.0,Low,1.0,0.0,-0.4622710148300746,0,0,0,0.0
4690,0.4653554378045124,0.8680578981483386,-0.7719844238151222,0,1,0,0,0,0.0,Low,1.0,0.0,-0.8293222365568704,0,0,0,0.0
4691,-0.3114971861262739,-0.6942409878079457,-0.5174960878192559,0,1,0,0,0,0.0,Low,0.0,1.0,-0.381244255066985,0,0,0,0.0
4692,-0.8293989354134648,0.6448723430117265,2.993533355803588,0,3,0,0,0,0.0,Low,1.0,0.0,2.096196878116168,0,0,0,0.0
4693,1.2939982366640177,0.1985012327385024,-0.8339186758598481,0,3,0,0,0,0.0,Low,1.0,0.0,-0.8161474883297595,0,0,0,0.0
4694,1.3457884115927368,-0.6942409878079457,-1.1234489455667669,0,2,0,1,0,0.2,Low,1.0,0.0,-1.0046678647076,0,0,1,0.0
4695,1.5011589363788942,-0.2478698775347217,0.49751943987565594,0,1,0,0,0,0.0,Low,1.0,0.0,0.46590679335850793,0,0,0,0.0
4696,1.1904178868065796,-1.586983208354394,-0.5512103545537511,0,1,0,0,0,0.0,Low,1.0,0.0,-0.1609802577144889,0,0,0,0.0
4697,0.879676837234265,0.42168678787511443,0.7837729144914969,0,1,0,0,0,0.0,Low,1.0,0.0,0.46497767202400303,0,0,0,0.0
4698,1.1386277118778605,0.6448723430117265,0.5999757829389266,0,1,0,0,0,0.0,Low,1.0,0.0,0.2492706491870423,0,0,0,0.0
4699,-0.363287361054993,0.42168678787511443,-1.0619101687916537,0,1,0,0,0,0.0,Low,0.0,1.0,-1.0211160796011833,0,0,0,0.0
4700,-0.10433648641139755,0.6448723430117265,0.45684198357262046,0,1,0,0,0,0.0,Low,1.0,0.0,0.13882518871728586,0,0,0,0.0
4701,-1.2955105097719366,-0.6942409878079457,-0.4641916711221533,0,2,0,0,0,0.0,Low,1.0,0.0,-0.32640297254440614,0,0,0,0.0
4702,0.6207259625906697,-0.6942409878079457,1.093797277634424,0,2,0,0,0,0.0,Low,1.0,0.0,1.2765057055738012,0,0,0,0.0
4703,1.7083196360937705,1.0912434532849506,1.0931475682629173,0,1,0,0,0,0.0,Low,0.0,1.0,0.48073144431703924,0,0,0,0.0
4704,-0.41507753598371205,1.0912434532849506,-0.9374767000313263,0,2,0,0,0,0.0,Low,0.0,1.0,-0.9656176791275933,0,0,0,0.0
4705,-1.3473006847006557,1.3144290084215626,-1.0939436656302943,0,1,0,0,0,0.0,Low,1.0,0.0,-1.0856268115440586,0,0,0,0.0
4706,-1.4508810345580938,0.42168678787511443,1.0173999300152856,0,1,0,0,0,0.0,Low,0.0,1.0,0.6530877821102637,0,0,0,0.0
4707,-0.5186578858411502,-1.1406120980811698,0.8156651701624184,0,1,0,0,0,0.0,Low,1.0,0.0,1.2776809278112184,0,0,0,0.0
4708,0.7243063124481078,0.1985012327385024,-0.909171970020464,0,1,0,1,0,0.2,Low,0.0,1.0,-0.8794935686766957,0,0,1,0.0
4709,0.5689357876619505,-1.1406120980811698,1.0392499386613954,0,1,0,0,0,0.0,Low,0.0,1.0,1.5364659543411545,0,0,0,0.0
4710,-1.08834981005706,-1.3637976532177818,-0.25364346240362856,0,1,0,0,0,0.0,Low,1.0,0.0,0.1299102107555472,0,0,0,0.0
4711,-0.4668677109124311,-1.1406120980811698,-1.28504296555393,0,3,0,0,0,0.0,Low,1.0,0.0,-1.1537539784332795,0,0,0,0.0
4712,-0.7258185855560266,0.1985012327385024,-0.6106446379298531,0,1,0,0,0,0.0,Low,1.0,0.0,-0.6282017604535648,0,0,0,0.0
4713,1.6565294611650514,0.1985012327385024,-0.548597392950952,0,3,0,0,0,0.0,Low,1.0,0.0,-0.575972156293638,0,0,0,0.0
4714,0.5689357876619505,-0.2478698775347217,-1.3490110904138077,0,1,0,0,0,0.0,Low,1.0,0.0,-1.2438857134471866,0,0,0,0.0
4715,0.6725161375193888,0.1985012327385024,1.388680587597888,0,1,0,0,0,0.0,Low,1.0,0.0,1.0547732878629126,0,0,0,0.0
4716,1.5011589363788942,-0.2478698775347217,1.5021113693929156,0,1,0,0,0,0.0,Low,1.0,0.0,1.396107364272884,0,0,0,0.0
4717,1.0868375369491414,0.6448723430117265,1.8434630235358886,0,1,0,0,0,0.0,Low,1.0,0.0,1.20877512321086,0,0,0,0.0
4718,-0.7776087604847457,1.3144290084215626,-0.9803716426675481,0,1,0,0,0,0.0,Low,1.0,0.0,-1.007729133966942,0,0,0,0.0
4719,0.051034038374759706,1.5376145635581746,-0.6034413383761905,0,1,1,0,0,0.3,Medium,1.0,0.0,-0.7691636040634275,0,0,1,0.0
4720,0.9832571870917033,0.1985012327385024,-0.4159860605797018,0,2,0,0,0,0.0,Low,1.0,0.0,-0.46434371252911427,0,0,0,0.0
4721,-0.41507753598371205,0.1985012327385024,-1.0711755893940118,0,1,0,0,0,0.0,Low,1.0,0.0,-1.0158636027569052,0,0,0,0.0
4722,-1.036559635128341,0.1985012327385024,0.11410616598600204,0,1,0,0,0,0.0,Low,1.0,0.0,-0.018127169454628753,0,0,0,0.0
4723,0.5689357876619505,-0.2478698775347217,-0.8812062188121269,0,1,0,0,0,0.0,Low,1.0,0.0,-0.8107224101649122,0,0,0,0.0
4724,0.5171456127332315,-1.3637976532177818,-0.19824867642428637,0,2,0,0,0,0.0,Low,1.0,0.0,0.19830051601899853,0,0,0,0.0
4725,1.6047392862363323,1.0912434532849506,-0.7415045798213894,0,1,0,0,1,0.4,Medium,0.0,0.0,-0.8260329668246491,0,0,0,0.0
4726,0.879676837234265,0.6448723430117265,0.43172930395220477,0,1,0,0,0,0.0,Low,1.0,0.0,0.11944764493247971,0,0,0,0.0
4727,0.4653554378045124,-0.2478698775347217,0.9341382616450096,0,1,0,0,0,0.0,Low,1.0,0.0,0.870193414969116,0,0,0,0.0
4728,-0.5704480607698693,-1.3637976532177818,-0.31612855500245823,0,1,0,0,0,0.0,Low,1.0,0.0,0.05276622542012928,0,0,0,0.0
4729,1.1386277118778605,0.1985012327385024,-0.38481413486414634,0,3,0,0,0,0.0,Low,1.0,0.0,-0.4381040730160346,0,0,0,0.0
4730,-0.7776087604847457,-0.024684322398109648,0.2648811125258994,0,1,0,0,0,0.0,Low,1.0,0.0,0.17626934170013916,0,0,0,0.0
4731,1.0868375369491414,-1.1406120980811698,-1.2469643467369216,0,2,0,0,0,0.0,Low,1.0,0.0,-1.1096804199036074,0,0,0,0.0
4732,1.3457884115927368,0.42168678787511443,-0.6092181021358924,0,1,0,0,0,0.0,Low,1.0,0.0,-0.6566207565629908,0,0,0,0.0
4733,1.2939982366640177,-0.024684322398109648,-0.8751752209505311,0,1,0,0,0,0.0,Low,0.0,1.0,-0.8290960458481241,0,0,0,0.0
4734,-0.052546311482678465,0.1985012327385024,1.539808637057083,0,3,0,0,0,0.0,Low,1.0,0.0,1.1819885768479386,0,0,0,0.0
4735,-0.7776087604847457,1.7608001186947866,3.761066109421489,0,1,0,0,0,0.0,Low,1.0,0.0,1.9993572629430472,0,0,0,0.0
4736,-0.3114971861262739,-1.1406120980811698,-1.0582520225477348,0,2,0,1,0,0.2,Low,0.0,1.0,-0.8912580105879744,0,0,1,0.0
4737,0.9314670121629842,-1.3637976532177818,-0.10204931709096167,0,1,0,0,0,0.0,Low,1.0,0.0,0.3170680757205202,0,0,0,0.0
4738,0.7760964873768269,0.42168678787511443,-0.9793970786102878,0,1,0,0,0,0.0,Low,1.0,0.0,-0.9546787866247046,0,0,0,0.0
4739,0.1546143882321979,0.1985012327385024,-0.8953303355840143,0,1,0,0,0,0.0,Low,1.0,0.0,-0.8678420749191885,0,0,0,0.0
4740,-0.41507753598371205,0.1985012327385024,-0.09025567958643586,0,3,0,0,0,0.0,Low,1.0,0.0,-0.19015315228867877,0,0,0,0.0
4741,0.3099849130183551,0.1985012327385024,-0.4518189448299798,0,2,0,0,0,0.0,Low,1.0,0.0,-0.49450681422584397,0,0,0,0.0
4742,0.20640456316091696,0.6448723430117265,-0.1075859708655416,0,1,0,0,0,0.0,Low,1.0,0.0,-0.29670091068003107,0,0,0,0.0
4743,1.0350473620204224,-0.024684322398109648,-0.9142707761751153,0,1,0,0,0,0.0,Low,0.0,1.0,-0.8635726913222322,0,0,0,0.0
4744,-0.6222382356985884,-0.6942409878079457,-0.08884326790924713,0,1,0,0,1,0.4,Medium,0.0,0.0,0.05976742571673188,0,0,0,0.0
4745,-0.9329792852709029,-1.586983208354394,1.450600715525842,0,1,0,0,0,0.0,Low,0.0,1.0,2.4869830531843675,0,0,0,0.0
4746,-0.3114971861262739,0.8680578981483386,0.671796916723974,0,1,0,0,0,0.0,Low,0.0,1.0,0.24017170444291475,0,0,0,0.0
4747,0.051034038374759706,-0.4710554326713337,-1.1134349467754987,0,1,0,0,0,0.0,Low,1.0,0.0,-1.0108857492208705,0,0,0,0.0
4748,1.3457884115927368,-1.586983208354394,2.1240668514429744,0,2,0,0,0,0.0,Low,1.0,0.0,3.377833166712057,0,0,0,0.0
4749,0.5689357876619505,1.0912434532849506,-0.9654424512396632,0,2,0,0,0,0.0,Low,1.0,0.0,-0.9855367948292025,0,0,0,0.0
4750,0.6207259625906697,0.42168678787511443,-0.8873078372575823,0,2,0,0,0,0.0,Low,1.0,0.0,-0.8805310375307912,0,0,0,0.0
4751,1.0868375369491414,-0.024684322398109648,0.9387003513623292,0,3,0,0,0,0.0,Low,0.0,1.0,0.7704808032728562,0,0,0,0.0
4752,-0.41507753598371205,1.0912434532849506,-0.05625893051650295,0,1,0,0,0,0.0,Low,1.0,0.0,-0.3379542711785492,0,0,0,0.0
4753,-0.4668677109124311,0.6448723430117265,-0.3377384536634458,0,2,0,0,0,0.0,Low,0.0,1.0,-0.4742920670205365,0,0,0,0.0
4754,1.6047392862363323,-0.6942409878079457,-0.5084707772020199,0,1,0,0,0,0.0,Low,0.0,1.0,-0.37195872789901246,0,0,0,0.0
4755,-1.4508810345580938,1.3144290084215626,-0.47556158512352253,0,3,0,0,1,0.4,Medium,0.0,0.0,-0.6614860181500382,0,0,0,0.0
4756,-0.5704480607698693,-0.9174265429445578,-0.4462540428218563,0,1,0,0,0,0.0,Low,0.0,1.0,-0.24910649360254744,0,0,0,0.0
4757,1.5529491113076133,1.0912434532849506,0.365896795678438,0,1,0,0,0,0.0,Low,1.0,0.0,-0.03726616551925568,0,0,0,0.0
4758,0.4653554378045124,-1.810168763491006,0.5271235886295319,0,2,0,0,0,0.0,Low,1.0,0.0,1.4633977587703204,0,0,0,0.0
4759,-0.5704480607698693,0.42168678787511443,-0.4523132889169959,0,3,0,0,0,0.0,Low,1.0,0.0,-0.5302852742494505,0,0,0,0.0
4760,-0.20791683626883573,0.8680578981483386,1.712800819279159,0,2,0,0,0,0.0,Low,1.0,0.0,1.0113046558662837,0,0,0,0.0
4761,-0.8293989354134648,-0.024684322398109648,-0.07285476772347058,0,2,0,1,0,0.2,Low,1.0,0.0,-0.12156503206318289,0,0,1,0.0
4762,-0.6740284106273075,-1.1406120980811698,0.10130971619067218,0,1,0,0,0,0.0,Low,0.0,1.0,0.45086031588420905,0,0,0,0.0
4763,1.1904178868065796,-1.1406120980811698,1.2619448878037427,0,2,0,0,0,0.0,Low,0.0,1.0,1.794221072047882,0,0,0,0.0
4764,-0.5704480607698693,1.9839856738313988,-0.7356854437113717,0,2,0,0,0,0.0,Low,1.0,0.0,-0.886737310271924,0,0,0,0.0
4765,0.5689357876619505,-0.9174265429445578,0.3921252805238327,0,2,0,0,0,0.0,Low,1.0,0.0,0.6641831859939848,0,0,0,0.0
4766,0.5171456127332315,-0.024684322398109648,-0.8210798537142027,0,1,0,0,0,0.0,Low,1.0,0.0,-0.7813917278691377,0,0,0,0.0
4767,0.6725161375193888,0.42168678787511443,-0.8823785205041936,0,1,0,0,0,0.0,Low,1.0,0.0,-0.876562085930519,0,0,0,0.0
4768,0.3099849130183551,-0.4710554326713337,1.9067108184404005,0,1,0,0,0,0.0,Low,1.0,0.0,1.9327984447011104,0,0,0,0.0
4769,0.879676837234265,-1.810168763491006,2.5349797806874927,0,1,0,0,0,0.0,Low,1.0,0.0,4.323662051608077,0,0,0,0.0
4770,0.4135652628757933,0.8680578981483386,0.09279287377722414,0,3,0,0,0,0.0,Low,1.0,0.0,-0.1887307189079152,0,0,0,0.0
4771,-1.3990908596293747,0.42168678787511443,-0.6286105144636939,0,1,0,0,0,0.0,Low,1.0,0.0,-0.6722349988185037,0,0,0,0.0
4772,0.827886662305546,-1.1406120980811698,0.32798766626269216,0,1,0,0,0,0.0,Low,1.0,0.0,0.7132255016567257,0,0,0,0.0
4773,0.7243063124481078,0.42168678787511443,-0.1345065374327588,0,3,0,0,0,0.0,Low,1.0,0.0,-0.2743959333963611,0,0,0,0.0
4774,-1.4508810345580938,1.7608001186947866,0.7548749715762153,0,1,0,0,0,0.0,Low,1.0,0.0,0.07964780402277613,0,0,0,0.0
4775,-1.2955105097719366,-0.6942409878079457,-0.16055140876011914,0,1,0,0,0,0.0,Low,1.0,0.0,-0.014008194677314954,0,0,0,0.0
4776,1.1904178868065796,-0.024684322398109648,-0.1505797823191666,0,1,0,0,0,0.0,Low,1.0,0.0,-0.1901072936397788,0,0,0,0.0
4777,-0.15612666134011663,-0.4710554326713337,-0.8713899576556654,0,1,0,0,1,0.4,Medium,0.0,0.0,-0.7749686564446756,0,0,0,0.0
4778,-0.6740284106273075,1.5376145635581746,-0.5775518323333211,0,1,1,0,0,0.3,Medium,1.0,0.0,-0.7520404941047822,0,0,1,0.0
4779,0.3099849130183551,0.8680578981483386,-0.3512411092973702,0,2,0,0,0,0.0,Low,1.0,0.0,-0.517652863253512,0,0,0,0.0
4780,0.5689357876619505,1.5376145635581746,0.3998511723980551,0,1,0,0,0,0.0,Low,1.0,0.0,-0.1055940498886254,0,0,0,0.0
4781,0.7760964873768269,-0.2478698775347217,-0.6808838706364488,0,1,0,0,0,0.0,Low,1.0,0.0,-0.6252341963292039,0,0,0,0.0
4782,-0.7258185855560266,0.8680578981483386,2.237695370872808,0,1,0,0,0,0.0,Low,0.0,1.0,1.4001249895489416,0,0,0,0.0
4783,-0.8811891103421838,1.0912434532849506,-0.18272627209198217,0,1,0,0,0,0.0,Low,1.0,0.0,-0.42803293885138244,0,0,0,0.0
4784,-0.3114971861262739,0.8680578981483386,-1.0522916452699984,0,1,0,0,0,0.0,Low,1.0,0.0,-1.0369623178814684,0,0,0,0.0
4785,0.36177508794707425,-0.6942409878079457,-0.4424405312934466,0,1,0,0,0,0.0,Low,1.0,0.0,-0.3040247067561782,0,0,0,0.0
4786,1.6565294611650514,-0.2478698775347217,0.5940295297779624,0,2,0,0,0,0.0,Low,1.0,0.0,0.5552701836947838,0,0,0,0.0
4787,-0.4668677109124311,0.1985012327385024,-0.4227515125134358,0,1,0,0,0,0.0,Low,1.0,0.0,-0.47003867733507926,0,0,0,0.0
4788,1.2422080617352986,-1.1406120980811698,-0.8767147496786668,0,1,0,0,0,0.0,Low,1.0,0.0,-0.6811402628944012,0,0,0,0.0
4789,0.36177508794707425,-0.2478698775347217,-0.5413658451637458,0,1,0,0,0,0.0,Low,1.0,0.0,-0.49604766482887763,0,0,0,0.0
4790,-1.4508810345580938,0.6448723430117265,-0.6920984193533273,0,1,0,0,0,0.0,Low,1.0,0.0,-0.7477246857027667,0,0,0,0.0
4791,0.20640456316091696,0.1985012327385024,0.36774705497555515,0,1,0,0,0,0.0,Low,1.0,0.0,0.19538050901201529,0,0,0,0.0
4792,-1.4508810345580938,-0.4710554326713337,-0.7119286793010573,0,1,0,0,0,0.0,Low,1.0,0.0,-0.619544487836212,0,0,0,0.0
4793,0.5689357876619505,-0.9174265429445578,-1.2175579356178523,0,3,0,0,0,0.0,Low,1.0,0.0,-1.0893274598259215,0,0,0,0.0
4794,-1.036559635128341,-0.2478698775347217,-0.7534112102600903,0,1,0,0,0,0.0,Low,1.0,0.0,-0.6923907907060185,0,0,0,0.0
4795,1.6565294611650514,-0.6942409878079457,1.0548570876943306,0,1,0,0,0,0.0,Low,1.0,0.0,1.236442797276305,0,0,0,0.0
4796,0.3099849130183551,-1.586983208354394,0.30670262228745804,0,2,0,0,0,0.0,Low,1.0,0.0,0.9738531541764829,0,0,0,0.0
4797,-1.606251559344251,0.6448723430117265,-1.1621490255217382,0,1,0,0,0,0.0,Low,1.0,0.0,-1.1104269675691076,0,0,0,0.0
4798,-0.5186578858411502,-0.4710554326713337,0.9104238695850108,0,1,0,0,0,0.0,Low,1.0,0.0,0.9617346709806671,0,0,0,0.0
4799,-0.7776087604847457,-2.033354318627618,1.3667740824846908,0,1,0,0,0,0.0,Low,1.0,0.0,2.990157736660894,0,0,0,0.0
4800,-0.8293989354134648,2.207171228968011,0.44389016849279966,0,3,0,1,0,0.2,Low,1.0,0.0,-0.195672462580459,0,0,1,0.0
4801,1.5529491113076133,-0.024684322398109648,-0.8374497050528199,0,3,0,0,0,0.0,Low,0.0,1.0,-0.7958275776178702,0,0,0,0.0
4802,0.051034038374759706,-0.2478698775347217,1.0775404192299818,0,1,0,0,0,0.0,Low,1.0,0.0,1.0029764534711216,0,0,0,0.0
4803,1.4493687614501751,0.6448723430117265,-0.3601957993307468,0,1,0,0,0,0.0,Low,1.0,0.0,-0.4916206916649922,0,0,0,0.0
4804,-1.7098319092016891,-1.1406120980811698,-0.7076631960359473,0,1,0,0,0,0.0,Low,1.0,0.0,-0.48547393424394,0,0,0,0.0
4805,-0.4668677109124311,-0.4710554326713337,-0.3578794441801571,0,1,0,0,0,0.0,Low,0.0,1.0,-0.274458780616694,0,0,0,0.0
4806,0.5689357876619505,0.6448723430117265,0.20524909151499135,0,1,0,0,0,0.0,Low,1.0,0.0,-0.05530989983094496,0,0,0,0.0
4807,0.7760964873768269,0.1985012327385024,0.44109359337196624,0,1,0,0,1,0.4,Medium,0.0,0.0,0.25712153664745807,0,0,0,0.0
4808,-0.9329792852709029,0.6448723430117265,-0.028293179308166074,0,2,0,0,0,0.0,Low,0.0,1.0,-0.23551669762721755,0,0,0,0.0
4809,-0.7776087604847457,0.42168678787511443,-0.24158146668043684,0,1,0,0,0,0.0,Low,1.0,0.0,-0.3606097502492686,0,0,0,0.0
4810,-0.5704480607698693,-0.6942409878079457,-0.8757260615046348,0,1,0,1,0,0.2,Low,0.0,1.0,-0.7498026675259595,0,0,1,0.0
4811,-0.4668677109124311,1.5376145635581746,0.30949919740829174,0,2,0,0,0,0.0,Low,1.0,0.0,-0.16535211557627086,0,0,0,0.0
4812,-0.9329792852709029,0.6448723430117265,-0.001400860974492463,0,2,0,1,0,0.2,Low,0.0,1.0,-0.21476594207813354,0,0,1,0.0
4813,1.0350473620204224,0.1985012327385024,0.40853750421276563,0,1,0,0,0,0.0,Low,1.0,0.0,0.2297167477586276,0,0,0,0.0
4814,-1.7098319092016891,-0.2478698775347217,-0.2966231497404817,0,3,0,0,0,0.0,Low,1.0,0.0,-0.269428489101235,0,0,0,0.0
4815,0.4135652628757933,-1.1406120980811698,0.5494820654794295,0,1,0,0,0,0.0,Low,1.0,0.0,0.969591059840077,0,0,0,0.0
4816,-0.7776087604847457,-1.3637976532177818,0.3971252178610808,0,1,0,0,0,0.0,Low,0.0,1.0,0.9333480779186074,0,0,0,0.0
4817,-0.0007561365539593763,-0.4710554326713337,-0.5188237547958134,0,1,0,0,0,0.0,Low,1.0,0.0,-0.43132843529281834,0,0,0,0.0
4818,1.0868375369491414,0.1985012327385024,-0.21864390104289178,0,1,0,0,0,0.0,Low,1.0,0.0,-0.29822670152922837,0,0,0,0.0
4819,-0.8293989354134648,-1.586983208354394,0.6753985665008052,0,1,0,0,0,0.0,Low,1.0,0.0,1.4615581867574734,0,0,0,0.0
4820,-0.0007561365539593763,-0.4710554326713337,0.7778690336808478,0,1,0,0,0,0.0,Low,1.0,0.0,0.8325357495997606,0,0,0,0.0
4821,0.5689357876619505,-0.6942409878079457,1.3111391865202267,0,1,0,0,0,0.0,Low,1.0,0.0,1.5001139873590277,0,0,0,0.0
4822,-1.4508810345580938,-0.024684322398109648,-0.7147676267722066,0,1,0,0,0,0.0,Low,1.0,0.0,-0.6876396648331505,0,0,0,0.0
4823,-0.6740284106273075,0.6448723430117265,-0.4800671783737545,0,1,0,0,0,0.0,Low,1.0,0.0,-0.5841163126445484,0,0,0,0.0
4824,0.7243063124481078,-0.6942409878079457,2.026695190417583,0,1,0,1,0,0.2,Low,1.0,0.0,2.236300806426037,0,0,1,0.0
4825,0.25819473808963606,0.6448723430117265,3.108136439290681,0,1,0,0,0,0.0,Low,1.0,0.0,2.18462735633322,0,0,0,0.0
4826,-0.15612666134011663,-0.4710554326713337,0.10150745382547874,0,1,0,0,0,0.0,Low,1.0,0.0,0.17329773700866272,0,0,0,0.0
4827,-1.2437203348432175,-0.2478698775347217,-0.23293750721604178,0,1,0,0,0,0.0,Low,1.0,0.0,-0.2104588524809707,0,0,0,0.0
4828,-0.20791683626883573,-0.2478698775347217,3.0937580884168994,0,3,0,0,1,0.4,Medium,0.0,0.0,2.8698905425247325,0,0,0,0.0
4829,-0.8293989354134648,-0.2478698775347217,2.252808175818728,0,2,1,0,0,0.3,Medium,1.0,0.0,2.0912140811429327,0,0,1,0.0
4830,1.3457884115927368,-2.033354318627618,0.6920509001748604,0,1,0,0,0,0.0,Low,0.0,1.0,1.94889267013223,0,0,0,0.0
4831,-0.984769460199622,-2.479725428900842,-0.2841091822805897,0,1,0,0,0,0.0,Low,1.0,0.0,0.7925742547692338,0,0,0,0.0
4832,-1.554461384415532,0.1985012327385024,0.18704310499602841,0,1,0,0,0,0.0,Low,1.0,0.0,0.04326906907982667,0,0,0,0.0
4833,1.5011589363788942,-1.3637976532177818,-1.1316268091776898,0,1,0,0,0,0.0,Low,1.0,0.0,-0.9540464837336584,0,0,0,0.0
4834,0.3099849130183551,-0.024684322398109648,0.9458895267992198,0,1,0,0,0,0.0,Low,0.0,1.0,0.776820619944215,0,0,0,0.0
4835,-1.2955105097719366,0.42168678787511443,-0.6749234933587124,0,1,0,0,0,0.0,Low,1.0,0.0,-0.7095249480944149,0,0,0,0.0
4836,-1.2955105097719366,-0.024684322398109648,1.8986459477636526,0,1,0,0,0,0.0,Low,1.0,0.0,1.617014477278552,0,0,0,0.0
4837,-0.41507753598371205,-0.024684322398109648,-1.2108631042679776,0,1,0,0,0,0.0,Low,1.0,0.0,-1.1251243814634169,0,0,0,0.0
4838,-1.554461384415532,-0.024684322398109648,-0.6474944585877072,0,1,0,0,0,0.0,Low,1.0,0.0,-0.628314425529257,0,0,0,0.0
4839,-0.9329792852709029,0.1985012327385024,-0.04334948778699794,0,1,0,0,0,0.0,Low,0.0,1.0,-0.15066885558594312,0,0,0,0.0
4840,-0.984769460199622,-0.024684322398109648,-0.09767084089167671,0,3,0,0,0,0.0,Low,1.0,0.0,-0.1434492322430993,0,0,0,0.0
4841,0.9314670121629842,-0.024684322398109648,-0.7350781066901806,0,1,0,0,0,0.0,Low,1.0,0.0,-0.7055505810874019,0,0,0,0.0
4842,-1.5026712094868129,0.42168678787511443,-0.054267430051666884,0,1,0,0,0,0.0,Low,1.0,0.0,-0.20978958943891915,0,0,0,0.0
4843,-0.7258185855560266,2.653542339241235,-0.3003942889185757,0,1,0,0,0,0.0,Low,1.0,0.0,-0.680780116807594,0,0,0,0.0
4844,-0.8293989354134648,-0.024684322398109648,-0.04826468042361476,0,1,0,0,0,0.0,Low,1.0,0.0,-0.09988011885132521,0,0,0,0.0
4845,-1.65804173427297,1.7608001186947866,-0.5570577388973126,0,1,0,0,0,0.0,Low,1.0,0.0,-0.7581331348060599,0,0,0,0.0
4846,-1.08834981005706,-1.3637976532177818,1.2381881233934284,0,1,0,0,0,0.0,Low,0.0,1.0,1.9717228606386488,0,0,0,0.0
4847,-1.554461384415532,0.42168678787511443,0.21129421349335908,0,1,0,0,0,0.0,Low,1.0,0.0,0.004033413392945749,0,0,0,0.0
4848,0.4135652628757933,1.3144290084215626,-0.521380219931525,0,2,0,0,0,0.0,Low,0.0,1.0,-0.6929124658630298,0,0,0,0.0
4849,1.3975785865214558,2.207171228968011,0.5376601797413598,0,1,0,0,0,0.0,Low,1.0,0.0,-0.139655547661632,0,0,0,0.0
4850,-1.3473006847006557,0.42168678787511443,-0.653779690551197,0,1,0,0,0,0.0,Low,1.0,0.0,-0.6925005339236191,0,0,0,0.0
4851,1.7083196360937705,-1.810168763491006,-0.6362375375205129,0,3,0,0,0,0.0,Low,1.0,0.0,-0.19385254728468462,0,0,0,0.0
4852,1.5011589363788942,-1.586983208354394,-1.1698607932791887,0,1,0,0,0,0.0,Low,1.0,0.0,-0.9793210534576687,0,0,0,0.0
4853,-1.2955105097719366,0.1985012327385024,0.28979605451150886,0,1,0,0,0,0.0,Low,1.0,0.0,0.1297635763102996,0,0,0,0.0
4854,-1.1919301599144982,1.3144290084215626,0.027765440159454872,0,1,0,0,0,0.0,Low,1.0,0.0,-0.316260096232599,0,0,0,0.0
4855,0.4135652628757933,0.6448723430117265,-0.8086647550717138,0,1,0,0,0,0.0,Low,1.0,0.0,-0.8376700562629504,0,0,0,0.0
4856,-1.08834981005706,-0.6942409878079457,-0.8238199323679488,0,1,0,0,0,0.0,Low,1.0,0.0,-0.6963999878040522,0,0,0,0.0
4857,0.1028242133034788,-0.4710554326713337,0.3133268330534733,0,1,0,0,0,0.0,Low,1.0,0.0,0.3797544470725362,0,0,0,0.0
4858,-1.08834981005706,0.1985012327385024,-0.4913099753241769,0,1,0,0,0,0.0,Low,1.0,0.0,-0.5277492392727722,0,0,0,0.0
4859,-1.1401399849857792,1.0912434532849506,0.31567143643760637,0,1,0,0,0,0.0,Low,1.0,0.0,-0.07304009250659062,0,0,0,0.0
4860,0.1546143882321979,0.6448723430117265,-1.1513299520744724,0,1,0,0,0,0.0,Low,1.0,0.0,-1.102078711922785,0,0,0,0.0
4861,0.9314670121629842,0.6448723430117265,-0.9811343449732299,0,2,0,0,0,0.0,Low,1.0,0.0,-0.9707517138311561,0,0,0,0.0
4862,-1.65804173427297,-1.1406120980811698,1.0505916044292207,0,2,0,0,0,0.0,Low,1.0,0.0,1.5495932048972847,0,0,0,0.0
4863,1.1386277118778605,-0.2478698775347217,0.09982668392962407,0,1,0,0,0,0.0,Low,0.0,1.0,0.09766371100836788,0,0,0,0.0
4864,1.3457884115927368,0.6448723430117265,0.6644241277690488,0,3,0,0,0,0.0,Low,0.0,1.0,0.2990005323648103,0,0,0,0.0
4865,-0.5704480607698693,-0.024684322398109648,-0.48941734367674394,0,1,0,0,0,0.0,Low,1.0,0.0,-0.4889131913723858,0,0,0,0.0
4866,0.3099849130183551,0.8680578981483386,-0.7517728127145515,0,2,0,0,0,0.0,Low,1.0,0.0,-0.8143503048640609,0,0,0,0.0
4867,1.5529491113076133,-0.024684322398109648,0.9309179630210193,0,1,0,0,0,0.0,Low,1.0,0.0,0.763617858310344,0,0,0,0.0
4868,-0.5704480607698693,0.6448723430117265,-1.3794768102907689,0,2,0,0,0,0.0,Low,0.0,1.0,-1.2781222804019619,0,0,0,0.0
4869,-0.2597070111975548,0.8680578981483386,-0.19492950898289282,0,3,0,0,0,0.0,Low,1.0,0.0,-0.40186364728962376,0,0,0,0.0
4870,0.879676837234265,0.6448723430117265,0.5858657902838115,0,1,0,0,0,0.0,Low,1.0,0.0,0.23838304162741292,0,0,0,0.0
4871,-0.15612666134011663,1.7608001186947866,-0.4961686714937062,0,1,0,0,0,0.0,Low,1.0,0.0,-0.7192502716480909,0,0,0,0.0
4872,0.827886662305546,0.42168678787511443,3.4054490973389098,0,2,0,0,0,0.0,Low,1.0,0.0,2.575879933306964,0,0,0,0.0
4873,-0.7258185855560266,0.1985012327385024,-0.16853153473623547,0,1,0,0,0,0.0,Low,1.0,0.0,-0.2560435384153153,0,0,0,0.0
4874,1.0868375369491414,0.1985012327385024,0.3204312637897326,0,1,0,0,0,0.0,Low,1.0,0.0,0.15555142320829232,0,0,0,0.0
4875,-1.65804173427297,0.1985012327385024,-0.8022524060572769,0,1,0,0,0,0.0,Low,1.0,0.0,-0.7894917240396262,0,0,0,0.0
4876,-0.4668677109124311,1.5376145635581746,2.2501952142159283,0,1,0,0,0,0.0,Low,1.0,0.0,1.1182085378049316,0,0,0,0.0
4877,-1.08834981005706,-1.810168763491006,-0.06251591424644898,0,1,0,0,0,0.0,Low,1.0,0.0,0.6234348060480132,0,0,0,0.0
4878,1.7083196360937705,-0.9174265429445578,-0.4515788348448578,0,1,0,1,0,0.2,Low,1.0,0.0,-0.2549070631838657,0,0,1,0.0
4879,1.2422080617352986,-0.2478698775347217,-0.11563671742551729,0,1,0,0,0,0.0,Low,1.0,0.0,-0.10184434103025089,0,0,0,0.0
4880,1.5529491113076133,1.7608001186947866,0.4688474828287247,0,3,0,0,0,0.0,Low,0.0,1.0,-0.1030051446694137,0,0,0,0.0
4881,1.2939982366640177,-0.9174265429445578,-0.6364211510385475,0,1,0,0,0,0.0,Low,1.0,0.0,-0.45626529689928447,0,0,0,0.0
4882,1.3457884115927368,-0.9174265429445578,0.2058423044194104,0,1,0,0,0,0.0,Low,1.0,0.0,0.4612555674051059,0,0,0,0.0
4883,1.4493687614501751,2.207171228968011,-1.1597338015537455,0,1,0,0,0,0.0,Low,1.0,0.0,-1.1536553645316205,0,0,0,0.0
4884,-0.9329792852709029,-1.1406120980811698,-1.0510910953443882,0,2,0,1,0,0.2,Low,0.0,1.0,-0.8829696967250131,0,0,1,0.0
4885,-0.984769460199622,0.1985012327385024,-0.07676714806928335,0,1,0,0,0,0.0,Low,0.0,1.0,-0.17879889051478154,0,0,0,0.0
4886,1.0868375369491414,1.5376145635581746,2.004251968867054,0,2,0,0,0,0.0,Low,1.0,0.0,0.955543663986115,0,0,0,0.0
4887,0.051034038374759706,-0.2478698775347217,-1.1961175263581272,0,1,0,0,0,0.0,Low,1.0,0.0,-1.102314119653804,0,0,0,0.0
4888,1.0868375369491414,0.42168678787511443,-0.6600225501643713,0,1,0,0,0,0.0,Low,1.0,0.0,-0.6975271144603538,0,0,0,0.0
4889,-1.036559635128341,-0.2478698775347217,-0.9919110460701801,0,1,0,0,0,0.0,Low,1.0,0.0,-0.9132293988164163,0,0,0,0.0
4890,0.7760964873768269,-0.9174265429445578,-0.5080329295820916,0,1,0,0,0,0.0,Low,1.0,0.0,-0.3164054096468082,0,0,0,0.0
4891,-1.3990908596293747,0.6448723430117265,-0.13851778659597486,0,2,0,0,0,0.0,Low,0.0,1.0,-0.3205686389639039,0,0,0,0.0
4892,-0.20791683626883573,0.8680578981483386,-0.39004005806974473,0,1,0,0,0,0.0,Low,1.0,0.0,-0.5463935315694786,0,0,0,0.0
4893,0.7760964873768269,0.8680578981483386,-1.285551433757718,0,1,0,0,1,0.4,Medium,0.0,0.0,-1.2097515924494286,0,0,0,0.0
4894,-0.9329792852709029,-0.024684322398109648,-1.1500587815650025,0,2,0,0,0,0.0,Low,0.0,1.0,-1.0715037316201956,0,0,0,0.0
4895,0.879676837234265,0.42168678787511443,-0.9818123025782806,0,1,0,0,0,0.0,Low,1.0,0.0,-0.9566234591852965,0,0,0,0.0
4896,0.4135652628757933,0.1985012327385024,-0.589331345721075,0,1,0,0,0,0.0,Low,0.0,1.0,-0.6102608379228728,0,0,0,0.0
4897,-0.8811891103421838,0.1985012327385024,-0.7868712428926914,0,3,0,0,0,0.0,Low,1.0,0.0,-0.7765442988335801,0,0,0,0.0
4898,1.5011589363788942,-0.4710554326713337,-0.5608994986592658,0,1,0,0,0,0.0,Low,1.0,0.0,-0.4723389400124474,0,0,0,0.0
4899,0.5689357876619505,0.8680578981483386,-0.28473064341855264,0,2,0,0,0,0.0,Low,1.0,0.0,-0.46838464079268705,0,0,0,0.0
4900,-1.3990908596293747,2.4303567841046227,-0.46423404347246894,0,2,0,0,0,0.0,Low,1.0,0.0,-0.7559884779270803,0,0,0,0.0
4901,-0.363287361054993,0.6448723430117265,2.455348010327592,0,1,0,0,0,0.0,Low,1.0,0.0,1.680920202988913,0,0,0,0.0
4902,-1.2437203348432175,-0.024684322398109648,2.5436661125022035,0,1,1,0,0,0.3,Medium,1.0,0.0,2.1858293058593232,0,0,1,0.0
4903,-0.0007561365539593763,-0.6942409878079457,-0.10988820189935923,0,1,0,0,0,0.0,Low,1.0,0.0,0.03811572699955053,0,0,0,0.0
4904,0.1028242133034788,-0.024684322398109648,-0.715728066712695,0,1,0,1,0,0.2,Low,1.0,0.0,-0.6884866344473989,0,0,1,0.0
4905,-0.4668677109124311,-2.033354318627618,-0.47441753166499956,0,2,0,0,0,0.0,Low,1.0,0.0,0.14874282923706889,0,0,0,0.0
4906,-1.4508810345580938,1.9839856738313988,0.05421991087319989,0,1,0,0,0,0.0,Low,0.0,1.0,-0.39912943008786206,0,0,0,0.0
4907,-0.5186578858411502,-0.024684322398109648,-0.8740876639590958,0,1,0,0,0,0.0,Low,1.0,0.0,-0.8281369773143429,0,0,0,0.0
4908,-0.8293989354134648,-0.4710554326713337,0.07303323441335374,0,1,0,0,0,0.0,Low,1.0,0.0,0.14554440450957837,0,0,0,0.0
4909,-1.4508810345580938,0.6448723430117265,-0.43499712175466204,0,1,0,0,0,0.0,Low,1.0,0.0,-0.5493391797889147,0,0,0,0.0
4910,-0.2597070111975548,0.6448723430117265,2.1027676833509683,0,1,0,0,0,0.0,Low,1.0,0.0,1.408860796070961,0,0,0,0.0
4911,-0.4668677109124311,0.6448723430117265,-0.8868841137544257,0,2,0,0,0,0.0,Low,1.0,0.0,-0.8980259828547712,0,0,0,0.0
4912,1.0868375369491414,-1.1406120980811698,1.5003599789132012,0,1,0,0,0,0.0,Low,1.0,0.0,2.0701712456312875,0,0,0,0.0
4913,0.6207259625906697,1.3144290084215626,0.06266613270278855,0,2,0,0,0,0.0,Low,1.0,0.0,-0.29232213313185834,0,0,0,0.0
4914,-0.5186578858411502,0.8680578981483386,-0.751560950962973,0,1,0,0,0,0.0,Low,1.0,0.0,-0.8141933663767148,0,0,0,0.0
4915,-0.41507753598371205,-0.024684322398109648,0.603831666817652,0,1,0,0,0,0.0,Low,0.0,1.0,0.4751748829167752,0,0,0,0.0
4916,-0.3114971861262739,0.1985012327385024,-0.5955742053342493,0,1,0,0,0,0.0,Low,1.0,0.0,-0.6155158993930955,0,0,0,0.0
4917,-1.606251559344251,-0.6942409878079457,-0.4073421011153067,0,3,0,0,0,0.0,Low,1.0,0.0,-0.26791432332517456,0,0,0,0.0
4918,0.20640456316091696,-0.2478698775347217,-0.7264482713425574,0,1,0,0,0,0.0,Low,1.0,0.0,-0.6674244930107236,0,0,0,0.0
4919,1.3975785865214558,-0.2478698775347217,1.0074141794575608,0,3,1,1,0,0.5,Medium,1.0,0.0,0.9380431543317087,0,0,2,0.0
4920,0.879676837234265,-0.9174265429445578,3.1242803047609486,0,2,0,0,0,0.0,Low,1.0,0.0,3.6404600540062764,0,0,0,0.0
4921,0.7243063124481078,0.6448723430117265,-0.8796243177336758,0,2,0,0,0,0.0,Low,1.0,0.0,-0.8924241507370039,0,0,0,0.0
4922,-0.6740284106273075,1.7608001186947866,0.8755514252752208,0,1,0,0,0,0.0,Low,1.0,0.0,0.156710012981646,0,0,0,0.0
4923,1.0350473620204224,-0.6942409878079457,-0.1490826259413466,0,1,0,0,0,0.0,Low,1.0,0.0,-0.0022087454435221515,0,0,0,0.0
4924,1.1386277118778605,-1.1406120980811698,0.7214714354107019,0,1,0,0,0,0.0,Low,1.0,0.0,1.1686577223830354,0,0,0,0.0
4925,1.2939982366640177,1.3144290084215626,0.0320450475413367,0,1,0,1,0,0.2,Low,0.0,1.0,-0.31332476526557174,0,0,1,0.0
4926,0.879676837234265,-0.2478698775347217,-0.3675968365192156,0,3,0,0,0,0.0,Low,1.0,0.0,-0.3351464806773778,0,0,0,0.0
4927,-0.7258185855560266,1.0912434532849506,4.622298253704092,0,2,0,0,0,0.0,Low,1.0,0.0,2.994433304425128,0,0,0,0.0
4928,1.2939982366640177,1.5376145635581746,-0.03678177348807036,0,2,0,0,0,0.0,Low,1.0,0.0,-0.39437954975854456,0,0,0,0.0
4929,-1.2955105097719366,-0.024684322398109648,0.8532494448924107,0,1,0,0,0,0.0,Low,1.0,0.0,0.6951254184757627,0,0,0,0.0
4930,-1.7098319092016891,-0.9174265429445578,-0.7153608396766258,0,1,0,0,0,0.0,Low,1.0,0.0,-0.5422583562891732,0,0,0,0.0
4931,-0.2597070111975548,-0.2478698775347217,1.938108730024306,0,1,0,0,0,0.0,Low,1.0,0.0,1.7998185447632233,0,0,0,0.0
4932,1.5011589363788942,-0.024684322398109648,-0.19113012157125522,0,1,0,0,0,0.0,Low,1.0,0.0,-0.2258668489707632,0,0,0,0.0
4933,1.1386277118778605,-0.2478698775347217,-1.0551729650914634,0,2,0,0,0,0.0,Low,1.0,0.0,-0.9718066892183156,0,0,0,0.0
4934,0.051034038374759706,-0.2478698775347217,-0.5221852945875226,0,2,0,0,0,0.0,Low,1.0,0.0,-0.47828745934422046,0,0,0,0.0
4935,-1.606251559344251,1.3144290084215626,-0.058575285667092455,0,1,0,0,0,0.0,Low,0.0,1.0,-0.37548015630335063,0,0,0,0.0
4936,-1.3990908596293747,0.1985012327385024,-0.10966221603100892,0,1,0,0,0,0.0,Low,1.0,0.0,-0.2064890221078772,0,0,0,0.0
4937,-0.363287361054993,0.6448723430117265,-0.2980638096512143,0,1,0,0,0,0.0,Low,1.0,0.0,-0.44367816348199834,0,0,0,0.0
4938,-1.7098319092016891,-1.3637976532177818,-0.14521261794584947,0,1,0,0,0,0.0,Low,0.0,1.0,0.263778740461696,0,0,0,0.0
4939,0.5171456127332315,-1.810168763491006,-0.9221661574506003,0,1,0,0,0,0.0,Low,1.0,0.0,-0.6011682829042595,0,0,0,0.0
4940,0.36177508794707425,-2.033354318627618,-0.18132798453156532,0,1,0,0,0,0.0,Low,1.0,0.0,0.6010526279755567,0,0,0,0.0
4941,0.4135652628757933,0.42168678787511443,-0.6113367196516756,0,1,0,0,0,0.0,Low,1.0,0.0,-0.6583266096863171,0,0,0,0.0
4942,-0.052546311482678465,-0.4710554326713337,0.32129283491281757,0,2,1,0,0,0.3,Medium,1.0,0.0,0.38751877223597,0,0,1,0.0
4943,0.827886662305546,-0.2478698775347217,-0.12743035493004326,0,1,0,0,0,0.0,Low,1.0,0.0,-0.11276464410807772,0,0,0,0.0
4944,1.5011589363788942,1.5376145635581746,-0.6838075628082294,0,2,0,0,0,0.0,Low,1.0,0.0,-0.8223171750752616,0,0,0,0.0
4945,0.1546143882321979,1.0912434532849506,0.3883541413457387,0,1,0,0,0,0.0,Low,1.0,0.0,-0.021270512001296756,0,0,0,0.0
4946,1.2939982366640177,2.207171228968011,0.9785444847758235,0,3,0,0,0,0.0,Low,1.0,0.0,0.12372267182792668,0,0,0,0.0
4947,0.7243063124481078,0.8680578981483386,0.11108360499681832,0,3,1,0,0,0.3,Medium,1.0,0.0,-0.17518169616704277,0,0,1,0.0
4948,-1.5026712094868129,-0.024684322398109648,-0.7983823980617798,0,1,0,0,0,0.0,Low,0.0,1.0,-0.7613758430147692,0,0,0,0.0
4949,0.7243063124481078,1.0912434532849506,2.7246242965836243,0,1,0,1,0,0.2,Low,1.0,0.0,1.6427804618387023,0,0,1,0.0
4950,-1.606251559344251,-0.2478698775347217,-0.2563552928238309,0,1,0,0,0,0.0,Low,1.0,0.0,-0.23214252014927816,0,0,0,0.0
4951,0.6725161375193888,-0.4710554326713337,0.07550495484843403,0,1,0,0,0,0.0,Low,1.0,0.0,0.14795354795567933,0,0,0,0.0
4952,1.4493687614501751,-0.9174265429445578,-1.2066399933531833,0,1,0,0,0,0.0,Low,1.0,0.0,-1.0774339842652874,0,0,0,0.0
4953,-1.036559635128341,-0.024684322398109648,-0.1504385411514477,0,1,0,0,0,0.0,Low,1.0,0.0,-0.1899827392847422,0,0,0,0.0
4954,1.5011589363788942,-1.1406120980811698,0.6954265640833416,0,2,0,0,0,0.0,Low,1.0,0.0,1.1385124546053222,0,0,0,0.0
4955,1.3975785865214558,-0.6942409878079457,-0.4435280882848821,0,1,0,0,0,0.0,Low,0.0,1.0,-0.3051436200455898,0,0,0,0.0
4956,-0.15612666134011663,0.8680578981483386,0.24534745903037933,0,1,0,0,0,0.0,Low,1.0,0.0,-0.07572454545296292,0,0,0,0.0
4957,-0.8811891103421838,0.42168678787511443,0.28366618783250985,0,1,0,0,0,0.0,Low,1.0,0.0,0.06230535608576957,0,0,0,0.0
4958,-0.5186578858411502,2.4303567841046227,0.8108912186935205,0,3,0,0,0,0.0,Low,1.0,0.0,-0.018050632218849096,0,0,0,0.0
4959,-0.5704480607698693,0.6448723430117265,-0.22645453761774545,0,1,0,0,0,0.0,Low,1.0,0.0,-0.38842273772892305,0,0,0,0.0
4960,0.827886662305546,-0.024684322398109648,-0.5536961991056034,0,1,0,1,0,0.2,Low,1.0,0.0,-0.5455978783495053,0,0,1,0.0
4961,-0.363287361054993,-0.2478698775347217,-1.0091424685318826,0,3,0,0,0,0.0,Low,1.0,0.0,-0.9291848116965942,0,0,0,0.0
4962,-0.984769460199622,-0.024684322398109648,0.29649088586138345,0,1,0,0,0,0.0,Low,0.0,1.0,0.20414460635731194,0,0,0,0.0
4963,0.827886662305546,-0.9174265429445578,2.536137958262788,0,1,0,0,0,0.0,Low,1.0,0.0,2.999766372479285,0,0,0,0.0
4964,0.1028242133034788,-0.9174265429445578,-0.7828741178462474,0,1,0,0,0,0.0,Low,1.0,0.0,-0.6158040395748537,0,0,0,0.0
4965,-1.3473006847006557,-1.1406120980811698,0.5998062935376641,0,1,0,0,0,0.0,Low,1.0,0.0,1.0278381255081859,0,0,0,0.0
4966,-1.606251559344251,-0.6942409878079457,2.166721684094074,0,1,0,0,0,0.0,Low,1.0,0.0,2.380364525273108,0,0,0,0.0
4967,1.4493687614501751,-0.9174265429445578,-0.7132704703943865,0,2,0,0,0,0.0,Low,1.0,0.0,-0.539981209610035,0,0,0,0.0
4968,0.6725161375193888,0.8680578981483386,1.0353799306658982,0,1,0,0,0,0.0,Low,0.0,1.0,0.5094990738603192,0,0,0,0.0
4969,1.3975785865214558,-0.4710554326713337,-1.059975164793905,0,1,0,0,1,0.4,Medium,0.0,0.0,-0.9587794181151986,0,0,0,0.0
4970,-0.10433648641139755,1.3144290084215626,1.0559163964522222,0,1,0,0,0,0.0,Low,1.0,0.0,0.3889362153640466,0,0,0,0.0
4971,-1.08834981005706,1.7608001186947866,-1.1974593174514565,0,1,0,0,0,0.0,Low,1.0,0.0,-1.1670841666885639,0,0,0,0.0
4972,-1.7098319092016891,-0.4710554326713337,-1.283291575074216,0,1,0,0,0,0.0,Low,0.0,1.0,-1.1764420868369363,0,0,0,0.0
4973,-0.0007561365539593763,1.3144290084215626,-0.8782825266403463,0,3,0,0,0,0.0,Low,1.0,0.0,-0.937707443439968,0,0,0,0.0
4974,1.4493687614501751,-0.2478698775347217,0.33356669238758774,0,3,0,0,0,0.0,Low,1.0,0.0,0.31409496326579833,0,0,0,0.0
4975,-0.15612666134011663,1.7608001186947866,-0.054267430051666884,0,1,1,0,0,0.3,Medium,1.0,0.0,-0.43705863638402753,0,0,1,0.0
4976,1.5529491113076133,-0.9174265429445578,1.1040231381772705,0,1,0,0,0,0.0,Low,1.0,0.0,1.4396901053764444,0,0,0,0.0
4977,-0.4668677109124311,-0.9174265429445578,-0.258601027390561,0,1,0,0,0,0.0,Low,1.0,0.0,-0.04468642077126041,0,0,0,0.0
4978,0.20640456316091696,-0.9174265429445578,-0.9337338090867761,0,3,0,0,0,0.0,Low,0.0,1.0,-0.7801432536280658,0,0,0,0.0
4979,-1.036559635128341,-1.3637976532177818,-0.02060965978425928,0,1,0,0,0,0.0,Low,0.0,1.0,0.4176133332801991,0,0,0,0.0
4980,-1.3473006847006557,0.42168678787511443,0.45905946990580665,0,1,0,0,0,0.0,Low,1.0,0.0,0.20352724998887003,0,0,0,0.0
4981,1.0350473620204224,-2.033354318627618,0.24925983937619212,0,2,0,0,0,0.0,Low,1.0,0.0,1.2655563398131324,0,0,0,0.0
4982,-1.65804173427297,-1.3637976532177818,0.3032280895615737,0,1,0,0,0,0.0,Low,0.0,1.0,0.8174228485990193,0,0,0,0.0
4983,1.1386277118778605,0.42168678787511443,0.6336053049727907,0,1,0,0,0,0.0,Low,1.0,0.0,0.3440668026426402,0,0,0,0.0
4984,1.3975785865214558,-0.4710554326713337,-0.18323474029577014,0,1,0,0,0,0.0,Low,1.0,0.0,-0.10423558798218098,0,0,0,0.0
4985,-0.6222382356985884,0.1985012327385024,1.1036276629076576,0,1,0,0,0,0.0,Low,1.0,0.0,0.8148238521343345,0,0,0,0.0
4986,0.051034038374759706,-0.024684322398109648,-1.113929290862515,0,2,0,0,0,0.0,Low,1.0,0.0,-1.0396427276018543,0,0,0,0.0
4987,-0.9329792852709029,-1.3637976532177818,1.1988242099501782,0,1,0,1,0,0.2,Low,1.0,0.0,1.9231242423905002,0,0,1,0.0
4988,0.827886662305546,-0.9174265429445578,1.13268097110743,0,1,0,0,0,0.0,Low,1.0,0.0,1.4709085554573325,0,0,0,0.0
4989,0.4653554378045124,-0.4710554326713337,-0.24735823044013866,0,1,0,0,0,0.0,Low,1.0,0.0,-0.1667356522410318,0,0,0,0.0
4990,-0.8811891103421838,1.3144290084215626,0.12906360564743094,0,2,0,0,0,0.0,Low,0.0,1.0,-0.2467809091186728,0,0,0,0.0
4991,1.2422080617352986,-0.024684322398109648,0.3782695219706113,0,2,0,0,0,0.0,Low,1.0,0.0,0.2762615779234562,0,0,0,0.0
4992,-1.65804173427297,-0.2478698775347217,4.143547191604198,0,1,0,0,0,0.0,Low,1.0,0.0,3.8419413767313793,0,0,0,0.0
4993,-1.554461384415532,-1.3637976532177818,-0.3242075497959778,0,1,0,0,0,0.0,Low,1.0,0.0,0.0427919126688048,0,0,0,0.0
4994,0.25819473808963606,0.8680578981483386,-0.28723061208717665,0,1,0,0,0,0.0,Low,1.0,0.0,-0.47023651494337,0,0,0,0.0
4995,-1.4508810345580938,1.0912434532849506,-0.9798490503469883,0,1,0,0,0,0.0,Low,1.0,0.0,-0.995798157463365,0,0,0,0.0
4996,-0.7258185855560266,1.7608001186947866,1.8601436054434874,0,1,0,0,0,0.0,Low,1.0,0.0,0.7854561022282297,0,0,0,0.0
4997,1.5529491113076133,0.8680578981483386,0.26934433342581593,0,1,0,0,0,0.0,Low,1.0,0.0,-0.05794864611957118,0,0,0,0.0
4998,-0.9329792852709029,0.1985012327385024,-0.4763384115459763,0,3,0,0,0,0.0,Low,1.0,0.0,-0.5151466031677135,0,0,0,0.0
4999,0.879676837234265,1.3144290084215626,-0.1389838824494472,0,1,0,0,0,0.0,Low,0.0,1.0,-0.43063144077624277,0,0,0,0.0
5000,0.1546143882321979,1.9839856738313988,0.789012961813867,0,1,0,0,0,0.0,Low,1.0,0.0,0.05445767356152522,0,0,0,0.0
