customer_id,age,country_risk,monthly_txn_count,monthly_txn_volume,unusual_txn_flag,product_risk_score,pep_flag,adverse_media_flag,high_risk_jurisdiction,risk_score,risk_class
1,69,Low,23,2273.6,0,1,0,0,0,0.02789418803411978,Low
2,32,Low,25,1570.8,0,1,0,0,0,0.04382539900567397,Low
3,78,Low,15,539.06,0,1,0,0,0,0.052781097398495305,Low
4,38,Low,14,1977.78,0,1,0,0,0,0.22444051512941757,Medium
5,41,Medium,20,1026.26,0,2,0,0,0,0.0,Low
6,20,Medium,23,1777.29,0,1,0,0,0,0.0656635305640392,Low
7,39,Low,23,1162.93,0,3,0,0,0,0.220830399289374,Medium
8,70,Low,17,2650.02,0,1,0,0,0,0.0,Low
9,19,Low,25,330.98,0,1,0,0,0,0.0,Low
10,47,Low,17,722.62,0,3,0,1,0,0.21831091905806482,Medium
11,55,Low,24,1316.14,0,1,0,0,0,0.0,Low
12,19,Medium,18,947.63,0,2,0,0,0,0.0,Low
13,81,Low,20,392.9,0,1,0,0,0,0.0,Low
14,77,Low,16,2476.83,0,1,0,0,0,0.0,Low
15,38,Low,15,804.51,0,1,0,0,0,0.1401381003138635,Low
16,50,Low,28,1662.48,0,2,0,0,0,0.0,Low
17,75,Low,26,1244.75,0,1,0,0,0,0.3368209581472201,Medium
18,39,Low,22,1472.27,0,1,0,0,0,0.0,Low
19,66,Low,24,311.03,0,3,0,0,0,0.3009528147382459,Medium
20,76,Low,15,829.9,0,1,0,0,0,0.04387542957068383,Low
21,59,Low,24,1497.8,0,1,0,0,0,0.002781587075754695,Low
22,77,High,19,1654.76,0,3,0,1,1,0.43489986615875165,Medium
23,32,Low,18,1556.51,0,1,0,0,0,0.0,Low
24,79,Low,20,471.63,0,1,0,1,0,0.3887950538904496,Medium
25,79,Low,13,182.23,0,2,0,0,0,0.0,Low
26,64,Low,20,275.59,0,1,0,0,0,0.0,Low
27,79,Low,16,861.82,0,1,0,0,0,0.0,Low
28,68,Medium,20,926.89,0,1,0,0,0,0.17565563714294527,Low
29,72,Low,28,859.07,0,2,0,0,0,0.10211049495370883,Low
30,81,Low,19,319.49,0,1,0,0,0,0.0,Low
31,20,Low,24,554.06,0,1,0,1,0,0.1292573087647203,Low
32,68,Low,14,2461.46,0,1,0,0,0,0.01947486059139644,Low
33,24,Medium,21,1113.55,0,1,0,0,0,0.152951190410847,Low
34,38,Medium,23,817.83,0,1,0,0,0,0.0,Low
35,56,Low,14,2424.9,0,1,0,0,0,0.019980335792504196,Low
36,35,Medium,16,2795.62,0,1,0,0,0,0.0,Low
37,21,Low,21,601.39,0,1,0,0,0,0.0,Low
38,77,High,18,1119.46,0,1,0,0,1,0.2655267321671054,Medium
39,31,Low,22,221.84,0,1,0,0,0,0.03147363416193771,Low
40,26,High,22,165.86,0,1,0,0,1,0.2826329717351128,Medium
41,70,Medium,20,719.1,0,1,0,0,0,0.014322345681927652,Low
42,19,Low,20,301.66,0,1,0,0,0,0.23437466153265818,Medium
43,77,Low,24,554.75,0,1,0,0,0,0.15655829379733865,Low
44,61,High,19,1042.01,0,1,0,0,1,0.6084714090385336,High
45,25,Medium,14,2105.7,0,1,0,0,0,0.04746320912543953,Low
46,64,Low,26,1141.46,0,3,0,0,0,0.16992555248401864,Low
47,52,Low,23,606.54,0,1,0,1,0,0.0,Low
48,53,Low,17,2900.04,0,1,0,0,0,0.0,Low
49,67,Low,14,909.81,0,2,0,0,0,0.0,Low
50,21,Low,25,1668.81,0,1,0,0,0,0.0,Low
51,19,Low,21,1767.52,0,2,0,0,0,0.15718706979447342,Low
52,23,Medium,11,812.84,0,3,0,0,0,0.0,Low
53,71,Low,26,58.85,0,1,1,0,0,0.09648851564896571,Low
54,21,Medium,12,500.61,0,2,0,0,0,0.0,Low
55,71,Low,18,520.85,0,1,0,0,0,0.020548656060768115,Low
56,80,Low,25,834.7,0,1,0,0,0,0.13125732374191262,Low
57,35,Low,28,702.29,0,1,0,0,0,0.0,Low
58,61,Low,23,732.51,0,1,0,0,0,0.0,Low
59,51,Low,19,874.79,0,1,0,0,0,0.13307990303409023,Low
60,79,Low,27,999.45,0,1,0,0,0,0.0,Low
61,31,Low,17,176.56,0,2,0,0,0,0.01840025377558237,Low
62,65,Low,17,987.04,0,1,0,0,0,0.08549399513286515,Low
63,32,Low,21,1387.97,0,1,0,0,0,0.0,Low
64,79,Low,11,2926.75,0,1,0,0,0,0.1291014758117136,Low
65,57,Medium,23,961.15,0,1,0,0,0,0.0,Low
66,70,Medium,19,1598.31,0,1,0,0,0,0.23435316306253928,Medium
67,41,Low,18,1301.89,0,2,0,0,0,0.0,Low
68,43,Low,11,451.62,0,1,0,0,0,0.0,Low
69,77,Low,26,1006.98,0,1,0,0,0,0.0,Low
70,58,High,15,2286.32,0,1,0,0,1,0.23198605823547705,Medium
71,46,Low,23,2207.84,0,1,0,0,0,0.0,Low
72,32,Low,23,2205.82,0,1,0,0,0,0.0,Low
73,62,Low,23,4438.34,0,1,0,0,0,0.0,Low
74,82,Low,25,1375.19,0,1,0,0,0,0.00658008697401241,Low
75,26,Low,14,617.72,0,1,0,0,0,0.09017147541447179,Low
76,18,Medium,28,1397.8,0,2,0,0,0,0.0419357990509959,Low
77,25,Low,25,397.03,0,2,0,0,0,0.0,Low
78,80,Low,15,1235.95,0,1,0,0,0,0.0,Low
79,28,Low,18,377.07,0,2,0,0,0,0.17056383577350234,Low
80,25,Low,13,496.42,0,2,0,0,0,0.0,Low
81,52,Medium,19,156.95,0,1,0,1,0,0.18184236830619108,Low
82,52,Low,14,1172.04,0,1,0,0,0,0.0,Low
83,50,Medium,17,2129.8,0,1,0,0,0,0.19581070717727947,Low
84,22,Low,21,964.88,0,1,0,0,0,0.0,Low
85,58,Low,20,874.79,0,1,0,0,0,0.10316598286216641,Low
86,45,High,25,529.0,0,1,0,0,1,0.29133951850865375,Medium
87,24,Low,16,1709.22,0,1,0,0,0,0.0,Low
88,29,Medium,17,1906.68,0,1,0,0,0,0.07064537439126119,Low
89,51,Low,20,233.58,0,1,0,0,0,0.0,Low
90,50,Medium,26,1029.88,0,1,0,0,0,0.0,Low
91,65,Low,29,1666.62,0,1,0,1,0,0.4798828738251553,Medium
92,40,Low,17,613.02,0,1,0,0,0,0.469460071596637,Medium
93,79,Medium,18,197.81,0,1,0,0,0,0.0030173487691476262,Low
94,54,Medium,20,359.9,0,2,0,0,0,0.0,Low
95,61,Medium,20,2364.56,0,1,0,0,0,0.0038876297372959327,Low
96,52,Medium,18,1860.87,0,1,0,0,0,0.0,Low
97,82,Medium,15,2024.42,0,1,0,0,0,0.0,Low
98,64,Low,23,275.89,0,1,0,0,0,0.2403582746701333,Medium
99,20,Low,22,1655.54,0,1,0,0,0,0.031419863326921885,Low
100,18,Low,21,2467.23,0,1,0,0,0,0.0,Low
101,22,Low,20,500.19,0,1,0,0,0,0.06096530972293851,Low
102,31,Low,20,754.53,0,1,0,0,0,0.0,Low
103,44,Low,23,1062.48,0,1,0,0,0,0.0,Low
104,26,Low,23,1193.75,0,1,0,0,0,0.11486344538428496,Low
105,32,Low,31,640.43,0,2,0,0,0,0.0,Low
106,59,Low,19,1788.48,0,1,0,0,0,0.23602387917265638,Medium
107,68,Low,20,1337.13,0,1,0,0,0,0.0,Low
108,80,Low,30,418.22,0,2,0,0,0,0.18412778680528097,Low
109,69,Medium,18,1708.52,0,2,0,0,0,0.24623570640259004,Medium
110,21,Low,26,797.65,0,1,0,0,0,0.023342113310800296,Low
111,40,Low,18,1378.17,0,1,0,0,0,0.0,Low
112,32,Low,19,450.69,0,1,0,0,0,0.0,Low
113,60,Low,20,473.58,0,1,0,0,0,0.0,Low
114,46,Low,14,181.48,0,1,0,1,0,0.0,Low
115,53,Low,19,1949.45,0,3,0,0,0,0.09610706932982653,Low
116,30,Low,18,1596.1,0,1,0,0,0,0.09084401547984099,Low
117,49,Low,15,1067.0,0,3,0,0,0,0.0,Low
118,76,Low,20,265.15,0,1,0,0,0,0.004492824015346736,Low
119,45,High,26,2172.53,0,2,0,0,1,0.3319082592900633,Medium
120,83,High,28,1359.47,0,1,0,0,1,0.21753687302047475,Medium
121,59,Low,20,639.89,0,1,0,1,0,0.004394824126001701,Low
122,62,Low,13,1142.34,0,2,0,0,0,0.0,Low
123,79,Low,15,781.24,0,1,0,0,0,0.0,Low
124,74,Low,27,1360.23,0,1,0,0,0,0.17332475486953788,Low
125,23,Medium,23,384.92,0,1,0,0,0,0.10027009340857,Low
126,45,Low,27,107.08,0,1,0,0,0,0.2310509743879114,Medium
127,45,Medium,22,1272.1,0,1,0,0,0,0.10352345577888349,Low
128,61,Low,22,1418.26,0,1,0,0,0,0.0,Low
129,47,High,27,181.0,0,2,0,0,1,0.17731687892621228,Low
130,79,Low,21,60.27,0,1,0,0,0,0.0,Low
131,79,Medium,28,1075.79,0,1,0,0,0,0.0,Low
132,18,Low,16,1304.16,0,1,0,0,0,0.0,Low
133,44,Low,24,756.64,0,2,0,0,0,0.1038012768912269,Low
134,79,Low,16,408.78,0,1,0,0,0,0.17677549439996285,Low
135,20,Low,25,2938.84,0,1,0,0,0,0.0,Low
136,44,Medium,27,1221.52,0,1,0,0,0,0.0,Low
137,26,Medium,20,1932.1,0,1,0,0,0,0.2466591171000725,Medium
138,79,Medium,19,327.03,0,1,0,1,0,0.23471394347520358,Medium
139,54,Low,20,2130.21,0,1,0,0,0,0.0,Low
140,68,Medium,17,1188.79,0,1,0,0,0,0.23723577747118338,Medium
141,61,Low,21,2746.56,0,1,0,0,0,0.18677929802134557,Low
142,41,Low,14,1378.13,0,2,0,0,0,0.0,Low
143,76,Low,22,953.1,0,1,0,0,0,0.13056653962603187,Low
144,49,Low,20,832.64,0,1,0,0,0,0.17284500036996311,Low
145,69,Low,22,515.05,0,1,0,0,0,0.1257834163068214,Low
146,79,Low,16,839.34,0,1,0,0,0,0.1902188930463486,Low
147,75,Low,21,1395.23,0,1,0,0,0,0.0,Low
148,69,Medium,22,1568.47,0,1,0,0,0,0.003916687571645964,Low
149,29,Low,23,449.01,0,1,0,0,0,0.24682148064790138,Medium
150,56,Low,24,235.3,0,1,0,0,0,0.0,Low
151,19,Low,16,1117.73,0,1,0,1,0,0.10322984789962296,Low
152,20,Low,18,169.75,0,1,1,0,0,0.316657309422076,Medium
153,73,Low,25,853.02,0,1,0,1,0,0.0,Low
154,76,Low,21,269.76,0,1,0,0,0,0.04895577018712557,Low
155,19,Low,16,1524.33,0,2,0,0,0,0.0,Low
156,19,Low,23,637.33,0,1,0,0,0,0.19001451521672502,Low
157,71,Low,17,703.71,0,1,0,0,0,0.0,Low
158,18,Medium,17,220.18,0,2,0,0,0,0.12738437173490955,Low
159,36,Low,17,1805.65,0,2,0,1,0,0.09054381819872097,Low
160,19,Low,23,1031.38,0,1,0,0,0,0.0,Low
161,70,Medium,13,1058.96,0,1,0,0,0,0.003936213155024364,Low
162,61,Low,13,282.08,0,2,0,0,0,0.04489852776656358,Low
163,49,Low,13,152.14,0,2,0,0,0,0.01380632780141099,Low
164,49,Medium,26,446.23,0,2,0,0,0,0.050990002168977075,Low
165,72,Low,20,624.59,0,1,0,0,0,0.10365297309960735,Low
166,73,Low,21,434.8,0,1,0,0,0,0.0,Low
167,34,Low,22,2754.97,0,1,0,0,0,0.020284263752992998,Low
168,55,Low,9,1838.34,0,3,0,0,0,0.0,Low
169,41,Low,14,869.5,0,2,0,0,0,0.0,Low
170,28,Low,21,476.62,0,2,0,0,0,0.0,Low
171,33,Low,28,333.98,0,1,0,0,0,0.0,Low
172,76,Low,22,840.25,0,1,0,0,0,0.0,Low
173,20,Low,24,1083.67,0,1,0,0,0,0.0,Low
174,37,Low,26,597.91,0,2,0,0,0,0.060758281559278815,Low
175,76,Low,26,1199.06,0,1,0,0,0,0.2278137075209793,Medium
176,53,Low,17,560.58,0,3,0,0,0,0.23472169269623594,Medium
177,36,Low,24,330.29,0,1,0,0,0,0.0,Low
178,84,Medium,16,1201.19,0,1,0,0,0,0.0,Low
179,36,Low,21,145.79,0,3,0,0,0,0.11719453192752352,Low
180,37,Low,20,234.11,0,1,0,0,0,0.008500994719802974,Low
181,69,Low,27,385.69,0,1,0,0,0,0.0,Low
182,50,Low,19,524.47,0,2,0,0,0,0.0,Low
183,57,Medium,20,1398.37,0,1,0,0,0,0.018062535323781295,Low
184,56,Low,20,221.08,0,2,0,0,0,0.12976387980072981,Low
185,18,High,20,706.2,0,1,0,0,1,0.2841150777019638,Medium
186,28,Low,15,1093.42,0,2,0,0,0,0.0695657253302281,Low
187,74,Low,24,1027.31,0,1,0,0,0,0.023951719355586307,Low
188,67,Low,22,1398.8,0,1,0,0,0,0.0,Low
189,40,Medium,22,722.85,0,1,0,0,0,0.0,Low
190,48,Low,18,510.12,0,1,0,0,0,0.0,Low
191,59,Low,22,2030.03,0,1,0,0,0,0.1283777035533542,Low
192,24,Low,15,493.53,0,3,0,0,0,0.0,Low
193,33,Low,22,436.89,0,2,0,0,0,0.0,Low
194,77,Medium,23,409.78,0,3,0,0,0,0.13538595903674758,Low
195,19,Low,16,396.61,0,1,0,0,0,0.0,Low
196,18,Low,20,2352.99,0,1,0,0,0,0.0,Low
197,65,Medium,17,2614.76,0,1,0,0,0,0.027552876071673456,Low
198,29,Low,15,1519.56,0,3,0,0,0,0.2692949774961383,Medium
199,54,High,24,1235.26,0,1,0,0,1,0.5746132700871734,Medium
200,49,Low,14,437.63,0,1,0,0,0,0.09152446532720672,Low
201,26,Low,27,590.43,0,1,0,0,0,0.1491295379755735,Low
202,36,Medium,22,191.0,0,1,0,0,0,0.07745765303039144,Low
203,65,Low,20,710.71,0,3,0,0,0,0.034306382618633974,Low
204,20,Low,22,259.28,0,1,0,0,0,0.1371025980848867,Low
205,37,Low,32,974.09,0,3,0,0,0,0.052061807655367304,Low
206,41,Low,23,467.21,0,1,0,0,0,0.0,Low
207,71,Low,15,1035.33,0,2,0,0,0,0.027951155222455313,Low
208,50,Medium,20,402.52,0,1,0,0,0,0.04981425318883075,Low
209,41,Low,26,157.5,0,1,0,0,0,0.04595216823163713,Low
210,53,Low,24,346.56,0,1,0,0,0,0.0547494691133539,Low
211,55,High,24,1101.62,0,1,0,0,1,0.2519615717494147,Medium
212,42,Low,25,1153.79,0,1,0,0,0,0.0,Low
213,35,Low,21,1071.56,0,1,0,0,0,0.0,Low
214,83,Low,20,964.69,0,1,0,0,0,0.03940039652030021,Low
215,71,Medium,15,869.83,0,1,0,0,0,0.05162336713266061,Low
216,52,Low,23,1340.3,0,1,0,0,0,0.19771621959101363,Low
217,78,Medium,29,62.54,0,1,0,0,0,0.045049687987051446,Low
218,58,Medium,21,2280.52,0,2,0,0,0,0.0,Low
219,50,Low,26,695.36,0,3,0,0,0,0.0,Low
220,50,Low,22,1347.27,0,1,0,0,0,0.0968564798266928,Low
221,31,Medium,25,815.31,0,1,0,0,0,0.0,Low
222,38,Low,20,459.39,0,1,0,0,0,0.022990820977668382,Low
223,65,Medium,17,653.84,0,1,0,0,0,0.14304812663000488,Low
224,37,Medium,18,328.98,0,2,0,0,0,0.30372392973426676,Medium
225,25,Low,37,381.03,0,1,0,1,0,0.37333285199043176,Medium
226,24,Low,28,1192.63,0,1,0,0,0,0.0,Low
227,84,Medium,22,979.25,0,1,0,0,0,0.0,Low
228,34,Medium,18,138.87,0,2,0,0,0,0.09452873205790191,Low
229,50,Low,19,394.58,0,1,0,0,0,0.0,Low
230,65,Low,13,692.73,0,3,0,1,0,0.0,Low
231,76,Low,19,818.78,0,3,0,0,0,0.38884890629960756,Medium
232,39,Low,22,2876.09,0,1,0,0,0,0.025951794574213812,Low
233,47,Low,20,959.37,0,1,0,0,0,0.1873957574947085,Low
234,55,Low,17,115.99,0,1,0,0,0,0.0,Low
235,68,Low,26,851.85,0,1,0,0,0,0.0,Low
236,71,Low,27,265.86,0,1,0,0,0,0.02273180816865736,Low
237,25,Low,17,719.06,0,1,0,0,0,0.0,Low
238,44,Low,27,3050.83,0,1,0,0,0,0.0,Low
239,44,Low,27,560.95,0,1,0,0,0,0.3296290904921961,Medium
240,38,Low,30,1567.46,0,2,0,0,0,0.053243516864684225,Low
241,47,Low,23,844.62,0,3,0,0,0,0.0,Low
242,45,Low,20,2209.73,0,1,0,0,0,0.015255691190767147,Low
243,81,Low,23,1251.05,0,1,0,0,0,0.0,Low
244,78,Low,21,1709.06,0,1,0,0,0,0.0,Low
245,65,High,31,1091.97,0,2,1,0,1,0.7160208898416468,High
246,36,Low,16,554.67,0,3,0,0,0,0.08089035273172351,Low
247,21,High,19,2039.67,0,1,0,0,1,0.021523885881395477,Low
248,52,Low,20,1005.16,0,1,0,0,0,0.2573764351283008,Medium
249,81,Low,23,584.96,0,1,0,0,0,0.0,Low
250,66,Medium,13,459.52,0,1,0,0,0,0.0,Low
251,34,Low,15,1031.05,0,1,0,0,0,0.23002990208311494,Medium
252,61,Low,16,1808.09,0,1,0,0,0,0.25672317072787226,Medium
253,47,Low,18,1160.2,0,3,0,0,0,0.0,Low
254,63,Low,14,621.9,0,1,0,0,0,0.1594800230187109,Low
255,23,Low,14,1128.66,0,2,0,0,0,0.02380853753271624,Low
256,54,Low,27,1461.16,0,1,0,0,0,0.39817604793769873,Medium
257,41,Low,20,182.37,0,1,0,0,0,0.0,Low
258,63,Low,20,268.55,0,2,0,0,0,0.24745428350138926,Medium
259,70,High,21,1367.52,0,3,0,0,1,0.3122210543274448,Medium
260,77,Low,19,257.97,0,2,0,0,0,0.0,Low
261,80,Low,24,718.08,0,2,0,0,0,0.0,Low
262,49,Medium,13,910.22,0,2,0,0,0,0.0,Low
263,50,Low,25,352.43,0,1,0,0,0,0.0,Low
264,84,Low,21,741.07,0,2,0,0,0,0.0,Low
265,35,Low,18,920.2,0,2,0,0,0,0.0,Low
266,42,Low,20,1863.03,0,1,0,0,0,0.13746254668759136,Low
267,71,Low,15,1733.31,0,1,0,0,0,0.12327776197757714,Low
268,75,Medium,24,1027.88,0,2,0,0,0,0.0,Low
269,84,High,27,510.85,0,2,0,0,1,0.1394164504105022,Low
270,63,Low,26,1758.37,0,1,0,0,0,0.0,Low
271,41,Low,22,1799.32,0,2,0,0,0,0.0,Low
272,49,Low,20,451.25,0,2,0,0,0,0.0,Low
273,64,Low,20,963.06,0,1,0,0,0,0.0,Low
274,40,Medium,15,585.61,0,2,0,0,0,0.24330264345966185,Medium
275,83,Low,15,1053.93,0,1,0,0,0,0.0,Low
276,44,Low,34,423.08,0,1,0,0,0,0.0,Low
277,19,Medium,17,1449.93,0,1,0,0,0,0.0,Low
278,34,Low,21,1058.82,0,3,0,0,0,0.0,Low
279,50,Low,24,423.88,0,1,0,0,0,0.08955675420980937,Low
280,26,Low,16,1364.0,0,2,0,0,0,0.03683394892376421,Low
281,60,Medium,23,507.39,0,1,0,0,0,0.2780464041868914,Medium
282,65,Low,19,142.95,0,2,0,0,0,0.0,Low
283,56,Medium,15,346.44,0,2,0,0,0,0.2896456355634469,Medium
284,59,Low,21,1560.86,0,2,0,0,0,0.104685110936463,Low
285,43,Medium,18,2382.44,0,2,0,0,0,0.07957939272495501,Low
286,67,Medium,15,2421.37,0,2,0,0,0,0.0,Low
287,42,Low,22,533.62,0,1,0,0,0,0.0,Low
288,41,Low,27,717.49,0,1,0,0,0,0.0,Low
289,30,Low,17,595.05,0,1,0,1,0,0.2320347938343203,Medium
290,77,Low,19,823.85,0,2,0,0,0,0.11313575713910018,Low
291,24,Low,23,248.47,0,1,0,1,0,0.2801855482509845,Medium
292,74,Low,17,545.9,0,1,0,0,0,0.005668001429543243,Low
293,53,Low,19,965.49,0,2,0,0,0,0.1355035390966179,Low
294,62,Low,25,1566.26,0,2,1,0,0,0.47916648738706424,Medium
295,37,Low,16,1027.67,0,2,0,1,0,0.15375191924445245,Low
296,82,Low,20,692.44,0,1,0,0,0,0.08372795048277933,Low
297,25,Low,15,354.56,0,1,0,0,0,0.05760068196279999,Low
298,33,Medium,19,1630.47,0,1,0,0,0,0.12094877622732822,Low
299,31,Low,24,215.97,0,1,0,0,0,0.049138604501343296,Low
300,32,Low,21,264.27,0,1,0,0,0,0.03961190002601124,Low
301,83,High,24,1265.99,0,1,0,0,1,0.3093411817310859,Medium
302,49,Low,23,1390.4,0,1,0,0,0,0.030846025137654498,Low
303,80,Medium,17,57.43,0,1,0,0,0,0.0,Low
304,68,Low,20,697.13,0,1,0,0,0,0.0,Low
305,42,Low,16,116.62,0,1,0,0,0,0.04499844039541786,Low
306,75,Low,24,730.73,0,2,0,0,0,0.0,Low
307,80,Low,22,616.19,0,2,0,0,0,0.0,Low
308,79,Low,16,2055.25,0,2,0,0,0,0.0,Low
309,39,Low,16,1138.52,0,1,0,0,0,0.0,Low
310,75,Low,21,1165.04,0,3,0,0,0,0.2107991146531382,Medium
311,75,Low,20,1834.39,0,3,0,0,0,0.24574298166335667,Medium
312,66,Low,17,1880.45,0,1,0,0,0,0.0,Low
313,69,Low,8,924.13,0,1,0,0,0,0.14960152733717083,Low
314,59,Low,23,495.21,0,1,0,0,0,0.0,Low
315,32,Low,24,1508.09,0,2,0,0,0,0.0,Low
316,71,High,19,1457.14,0,1,0,0,1,0.39083582893302143,Medium
317,77,Low,23,1257.25,0,3,0,0,0,0.0,Low
318,25,Medium,14,921.15,0,1,0,0,0,0.05634570978710537,Low
319,70,Medium,18,725.18,0,3,0,0,0,0.04313030881658612,Low
320,77,Low,22,1884.17,0,2,0,0,0,0.0,Low
321,22,Low,22,614.63,0,3,0,0,0,0.35508081725256635,Medium
322,23,Low,23,476.09,0,1,0,0,0,0.05520225037812447,Low
323,64,Low,20,690.0,0,1,0,0,0,0.08640499477437469,Low
324,72,Low,26,414.66,0,2,0,0,0,0.07283253473338147,Low
325,57,Low,19,1461.72,0,2,0,0,0,0.0,Low
326,69,Low,21,921.83,0,1,0,0,0,0.2925372448290277,Medium
327,33,Low,27,125.8,0,2,0,0,0,0.0,Low
328,30,Low,23,1141.84,0,1,0,0,0,0.04276271292061138,Low
329,47,Low,30,708.29,0,1,0,0,0,0.11165102770938345,Low
330,36,Medium,21,842.18,0,1,0,0,0,0.14754674656569366,Low
331,34,Low,18,1006.56,0,3,0,0,0,0.0,Low
332,80,Low,21,556.94,0,1,0,0,0,0.1115214892367164,Low
333,36,Low,13,471.84,0,2,1,0,0,0.14275463176496886,Low
334,75,Low,23,1260.39,0,1,0,0,0,0.2505650231300081,Medium
335,72,Low,27,295.69,0,2,0,0,0,0.0,Low
336,79,Low,17,374.46,0,3,0,0,0,0.0,Low
337,40,Low,19,447.34,0,1,0,0,0,0.0,Low
338,26,Low,21,1613.95,0,1,0,0,0,0.044613701976615995,Low
339,29,Medium,23,1934.66,0,1,0,0,0,0.0,Low
340,18,Medium,13,443.89,0,3,0,0,0,0.13271355376675162,Low
341,75,Low,25,380.76,0,1,0,0,0,0.0,Low
342,18,Low,28,913.93,0,1,0,0,0,0.19566679126604775,Low
343,51,Low,22,707.51,0,1,0,0,0,0.0,Low
344,65,Low,17,1480.23,0,1,0,0,0,0.019807017429376145,Low
345,18,Low,14,1190.71,0,1,0,0,0,0.08308245231002619,Low
346,33,Low,20,2513.18,0,3,0,0,0,0.09933252881125638,Low
347,78,Medium,20,396.35,0,1,0,0,0,0.0,Low
348,81,Low,24,1464.8,0,1,0,0,0,0.0,Low
349,80,Low,24,615.96,0,2,0,0,0,0.0,Low
350,39,Low,19,360.64,0,1,0,0,0,0.1749985293516585,Low
351,84,Low,21,607.63,0,1,0,0,0,0.3138417172190279,Medium
352,43,Low,13,659.59,0,2,0,0,0,0.0,Low
353,33,High,15,1818.03,0,1,0,1,1,0.48930193903271996,Medium
354,68,Low,19,201.46,0,1,0,0,0,0.0,Low
355,74,Low,22,455.12,0,1,0,0,0,0.0,Low
356,46,Low,20,882.48,0,1,0,0,0,0.0,Low
357,64,Low,14,339.75,0,1,0,0,0,0.0,Low
358,79,Low,18,2352.06,0,3,0,0,0,0.24945131997412184,Medium
359,33,Low,28,2596.68,0,1,0,0,0,0.1720304509480268,Low
360,65,Low,14,830.59,0,2,0,0,0,0.03650876700852953,Low
361,56,Medium,18,1263.34,0,1,0,0,0,0.0,Low
362,50,Low,21,2102.94,0,3,0,0,0,0.133875656173704,Low
363,40,Low,25,745.51,0,2,0,0,0,0.0,Low
364,27,Low,16,1211.21,0,2,0,0,0,0.035756252777419825,Low
365,51,Medium,21,302.79,0,1,0,1,0,0.10921929034269995,Low
366,69,Low,16,131.35,0,1,0,0,0,0.3515243362615129,Medium
367,27,Low,19,1585.17,0,1,0,0,0,0.0,Low
368,36,Low,23,781.57,0,2,0,1,0,0.1591670625853057,Low
369,75,Low,21,2546.15,0,2,0,0,0,0.0,Low
370,18,Low,20,517.33,0,1,0,0,0,0.11281598585290473,Low
371,21,Medium,16,279.77,0,3,0,0,0,0.11247512104369713,Low
372,33,Low,26,1479.42,0,3,0,0,0,0.0,Low
373,41,Low,25,2411.72,0,1,0,0,0,0.0,Low
374,19,Low,18,305.83,0,1,0,0,0,0.0,Low
375,49,Medium,19,392.06,0,2,0,0,0,0.0,Low
376,41,Low,19,2048.74,0,1,0,0,0,0.009614956510983734,Low
377,29,Low,20,3074.58,0,2,0,0,0,0.24296492989561047,Medium
378,67,Low,26,1218.37,0,2,0,0,0,0.09920219600441324,Low
379,52,Low,21,480.03,0,1,0,0,0,0.11387493041399069,Low
380,50,Low,23,1928.44,0,1,0,0,0,0.0,Low
381,50,Low,27,669.8,0,1,0,0,0,0.39653450761643405,Medium
382,78,Low,16,492.83,0,3,0,0,0,0.017480010854746528,Low
383,68,Low,26,554.77,0,1,0,0,0,0.10884176572851197,Low
384,60,Low,15,1348.95,0,1,0,0,0,0.16479513498985876,Low
385,29,Low,16,865.16,0,2,0,0,0,0.0,Low
386,84,Low,19,1169.72,0,1,0,0,0,0.03111930440731811,Low
387,82,Medium,19,1508.46,0,1,0,0,0,0.0,Low
388,50,High,24,697.86,0,1,0,0,1,0.4027002385885579,Medium
389,57,High,23,1642.71,0,1,0,0,1,0.6195169464636061,High
390,60,Medium,30,841.36,0,1,0,0,0,0.17458751524067678,Low
391,61,Low,26,561.59,0,1,0,1,0,0.303133018774323,Medium
392,46,Low,23,223.75,0,3,0,0,0,0.13654553945654285,Low
393,30,Low,15,674.92,0,1,0,0,0,0.0,Low
394,29,Low,13,2192.52,0,1,0,0,0,0.1422242780233749,Low
395,63,Low,22,1455.44,0,1,0,0,0,0.0,Low
396,19,Low,22,1164.32,0,1,0,0,0,0.0,Low
397,52,Medium,21,330.86,0,1,0,0,0,0.2748669063316303,Medium
398,25,Low,29,546.7,0,1,0,0,0,0.0,Low
399,43,Low,34,1317.98,0,3,0,0,0,0.15814281280348577,Low
400,51,Medium,17,1552.73,0,1,0,0,0,0.0,Low
401,24,Low,22,1478.69,0,1,0,0,0,0.0,Low
402,75,Low,20,1007.49,0,1,0,0,0,0.0,Low
403,46,Medium,23,436.48,0,1,0,0,0,0.0,Low
404,53,Low,18,1555.29,0,1,0,0,0,0.1133037033845726,Low
405,38,Low,15,543.43,0,1,0,0,0,0.0,Low
406,53,Low,18,1570.05,0,1,0,1,0,0.382830128212135,Medium
407,27,Low,24,676.03,0,1,0,0,0,0.03499930887286318,Low
408,41,Medium,18,2461.72,0,1,0,0,0,0.0,Low
409,81,Low,24,621.11,0,1,0,0,0,0.10046965237977683,Low
410,66,Low,16,611.6,0,1,0,0,0,0.0,Low
411,53,Low,15,787.51,0,1,0,0,0,0.0,Low
412,41,Low,16,442.12,0,3,0,0,0,0.0,Low
413,40,High,19,376.33,0,2,0,0,1,0.452513651215759,Medium
414,79,Low,19,429.32,0,3,0,0,0,0.037096477033329356,Low
415,54,Low,19,1999.05,0,1,0,0,0,0.018919009843067176,Low
416,29,Low,21,397.87,0,1,0,0,0,0.0,Low
417,72,Low,15,616.17,0,1,0,0,0,0.202860650235583,Medium
418,30,Medium,15,3257.72,0,2,0,0,0,0.13630616840244147,Low
419,40,Low,18,1603.04,0,1,0,0,0,0.035107431222051275,Low
420,47,Low,10,1583.96,0,1,0,0,0,0.0,Low
421,34,Low,23,2941.56,0,1,0,0,0,0.0,Low
422,79,Medium,24,770.58,0,1,0,0,0,0.0,Low
423,30,Low,21,141.8,0,1,0,0,0,0.0,Low
424,76,Medium,20,1484.15,0,1,0,0,0,0.12796807929990256,Low
425,36,Low,20,707.97,0,1,0,0,0,0.1889002797479084,Low
426,66,Medium,19,3276.68,0,3,0,0,0,0.25636124371571867,Medium
427,29,Low,16,122.02,0,2,0,0,0,0.0,Low
428,78,Low,17,376.51,0,1,0,0,0,0.20659015072902082,Medium
429,36,Low,24,526.56,0,1,0,0,0,0.2158364684248189,Medium
430,26,Low,31,782.14,0,1,0,0,0,0.0,Low
431,45,Medium,27,256.04,0,1,0,0,0,0.0,Low
432,69,Medium,23,1085.82,0,1,0,0,0,0.16298942865992952,Low
433,33,Low,16,502.77,0,1,0,0,0,0.0,Low
434,29,Low,23,1676.54,0,2,0,0,0,0.0,Low
435,42,Low,24,2091.98,0,1,0,0,0,0.12245290913263904,Low
436,69,Medium,25,645.48,0,1,0,0,0,0.0,Low
437,70,Low,15,1216.72,0,1,0,0,0,0.0,Low
438,40,Low,19,836.2,0,1,0,0,0,0.0,Low
439,33,Low,24,789.45,0,2,0,0,0,0.0,Low
440,74,Low,18,236.89,0,1,0,0,0,0.0,Low
441,56,Low,17,756.57,0,1,0,0,0,0.0,Low
442,70,Low,24,1562.02,0,1,0,0,0,0.0,Low
443,59,Low,22,1106.32,0,1,0,0,0,0.0,Low
444,75,High,14,385.31,0,1,0,0,1,0.24901439107972,Medium
445,56,Low,23,238.92,0,1,0,0,0,0.20172984320469803,Medium
446,31,Low,26,735.94,0,1,0,0,0,0.04472677604466064,Low
447,22,Low,16,450.42,0,1,0,0,0,0.0,Low
448,52,Medium,20,495.87,0,2,0,0,0,0.0,Low
449,35,Low,30,457.05,0,1,0,0,0,0.11478127827976542,Low
450,26,Low,23,844.77,0,1,0,0,0,0.012881928696326515,Low
451,75,Low,25,1277.67,0,3,0,0,0,0.0,Low
452,34,Low,16,435.97,0,1,0,0,0,0.0,Low
453,24,Low,18,419.73,0,3,0,0,0,0.0,Low
454,63,Medium,21,279.55,0,1,0,0,0,0.0,Low
455,30,Medium,22,951.86,0,2,0,0,0,0.10276247796756662,Low
456,57,Low,25,1535.85,0,1,0,0,0,0.08771604459411109,Low
457,59,Low,26,765.19,0,2,0,0,0,0.1543722151848725,Low
458,26,Medium,21,1282.09,0,1,0,0,0,0.021326249552048565,Low
459,67,Low,29,1833.91,0,1,0,0,0,0.0,Low
460,44,Medium,20,998.22,0,1,0,0,0,0.0,Low
461,83,Low,22,393.87,0,3,0,0,0,0.07111259340845905,Low
462,22,Medium,17,356.5,0,1,0,0,0,0.015263611842980626,Low
463,46,Medium,23,414.9,0,3,0,0,0,0.0,Low
464,54,Medium,25,2661.31,0,1,0,0,0,0.0,Low
465,55,Low,30,3168.59,0,1,0,0,0,0.2849667323689667,Medium
466,25,Low,13,625.23,0,1,0,0,0,0.1397373728957843,Low
467,82,Medium,20,1772.13,0,1,0,0,0,0.22479203081412016,Medium
468,34,Low,21,1992.17,0,2,0,0,0,0.0,Low
469,62,Low,27,242.4,0,1,0,0,0,0.2505592096114672,Medium
470,21,Low,19,2561.52,0,3,0,0,0,0.0,Low
471,53,Medium,18,687.07,0,1,0,0,0,0.2358313933948699,Medium
472,48,Medium,18,660.37,0,1,0,0,0,0.05374541799138521,Low
473,36,Low,20,290.18,0,2,0,0,0,0.09427435444892744,Low
474,78,Medium,11,2672.92,0,1,0,0,0,0.10419771753035523,Low
475,71,Low,25,881.22,0,1,0,1,0,0.21481981704928577,Medium
476,56,Low,25,2497.29,0,1,0,1,0,0.2875172759522706,Medium
477,36,Low,25,1909.41,0,1,0,0,0,0.0,Low
478,56,Low,21,634.32,0,3,0,0,0,0.0,Low
479,84,Low,11,903.07,0,3,0,0,0,0.1171042991281494,Low
480,62,High,14,488.04,0,2,0,0,1,0.4163295566090544,Medium
481,30,Low,20,538.53,0,2,0,0,0,0.0,Low
482,75,Low,24,1152.14,0,1,0,0,0,0.035062992208796585,Low
483,37,High,21,1424.85,0,1,0,0,1,0.1953969266999704,Low
484,78,Low,20,136.31,0,2,0,0,0,0.15691657162992514,Low
485,56,Medium,25,140.91,0,1,0,0,0,0.0,Low
486,18,Low,16,550.96,0,1,0,0,0,0.0,Low
487,20,Medium,26,1032.56,0,2,0,0,0,0.11403095888182951,Low
488,79,Low,13,2014.9,0,1,0,0,0,0.01223179944642227,Low
489,80,Medium,21,871.08,0,1,0,0,0,0.0,Low
490,42,Low,23,684.1,0,2,0,0,0,0.16494319028028276,Low
491,73,Low,18,1266.23,0,1,0,1,0,0.09666133309412439,Low
492,50,Medium,23,388.11,0,2,0,0,0,0.25270599471992544,Medium
493,55,Low,25,887.79,0,1,0,0,0,0.0,Low
494,23,Low,21,752.3,0,1,0,0,0,0.0,Low
495,75,Low,26,939.92,0,1,0,0,0,0.10921735950905283,Low
496,61,Low,16,1845.66,0,2,0,0,0,0.0,Low
497,62,Low,19,167.2,0,1,0,0,0,0.014397908522708912,Low
498,49,Low,27,785.2,0,1,0,0,0,0.0856941288625776,Low
499,62,Low,22,1420.86,0,1,0,0,0,0.0,Low
500,78,Low,17,1206.04,0,1,0,0,0,0.09192955698458109,Low
501,64,Low,18,184.47,0,1,0,0,0,0.0,Low
502,38,Low,15,140.12,0,1,0,0,0,0.0,Low
503,53,Low,16,1349.54,0,1,0,0,0,0.0,Low
504,36,Low,19,175.72,0,1,0,0,0,0.0,Low
505,37,Low,21,900.21,0,1,0,0,0,0.2537163609210924,Medium
506,74,Medium,17,1763.15,0,1,0,0,0,0.02510635557570792,Low
507,35,Low,20,225.95,0,1,0,0,0,0.0,Low
508,64,Low,26,2506.39,0,1,0,0,0,0.02129654964069593,Low
509,66,Low,14,1317.92,0,1,0,0,0,0.3730215737508546,Medium
510,31,Low,22,4353.0,0,3,0,1,0,0.05069319707952308,Low
511,32,Low,16,566.47,0,1,0,0,0,0.09869303391471917,Low
512,48,Low,23,2077.27,0,1,0,0,0,0.0,Low
513,18,Low,29,618.64,0,1,0,0,0,0.07234629610963536,Low
514,71,Low,19,859.09,0,2,0,0,0,0.0,Low
515,20,Low,23,479.17,0,3,0,0,0,0.0,Low
516,33,Low,26,828.46,0,1,0,0,0,0.023722688074637854,Low
517,74,Low,17,1602.79,0,2,0,0,0,0.19800891351238717,Low
518,29,Low,8,2564.74,0,1,0,0,0,0.0,Low
519,33,High,26,400.04,0,1,0,0,1,0.65494980331116,High
520,41,Low,22,960.04,0,1,0,0,0,0.0,Low
521,45,Low,25,531.9,0,1,0,0,0,0.04914806779089024,Low
522,25,Medium,26,997.9,0,1,0,0,0,0.009055935200853502,Low
523,53,Low,28,1768.0,0,1,0,0,0,0.0,Low
524,25,Low,16,570.18,0,1,0,0,0,0.005441306423917971,Low
525,75,Medium,20,1167.27,0,2,0,0,0,0.0782739500117254,Low
526,77,Medium,21,378.27,0,1,1,0,0,0.3692572519642376,Medium
527,67,Low,22,1868.58,0,1,0,0,0,0.0,Low
528,45,Low,20,1457.39,0,1,0,0,0,0.10548998422786617,Low
529,58,Low,31,438.75,0,1,0,0,0,0.0,Low
530,81,High,19,429.51,0,1,0,0,1,0.41401826260636376,Medium
531,44,Low,23,2158.13,0,1,0,0,0,0.1736674727891901,Low
532,80,Low,27,3055.57,0,1,0,0,0,0.17799977895191246,Low
533,34,Medium,19,455.54,0,1,0,0,0,0.15716701951345804,Low
534,50,Low,14,1610.55,0,2,0,0,0,0.0,Low
535,46,Low,25,639.13,0,1,0,0,0,0.06394513716713453,Low
536,30,Low,17,2160.84,0,1,0,0,0,0.06922287789952664,Low
537,63,Low,19,665.84,0,1,0,1,0,0.4651418290593918,Medium
538,52,Medium,21,1376.77,0,3,0,0,0,0.11892847728230466,Low
539,23,Low,28,937.81,0,1,0,0,0,0.0,Low
540,64,Medium,21,94.46,0,1,0,0,0,0.0,Low
541,42,Low,28,403.66,0,1,0,0,0,0.0,Low
542,83,Low,18,1358.81,0,1,0,0,0,0.0,Low
543,27,High,19,1245.06,0,1,0,0,1,0.3446095434851035,Medium
544,73,Low,22,1032.12,0,1,0,0,0,0.0,Low
545,47,Low,15,2625.05,0,1,0,0,0,0.0,Low
546,22,Low,24,1534.5,0,1,0,0,0,0.23056297296516154,Medium
547,50,Medium,7,1403.91,0,1,0,0,0,0.0,Low
548,82,Low,10,92.53,0,2,0,0,0,0.0,Low
549,35,Low,20,1588.53,0,1,0,0,0,0.35800338587318686,Medium
550,66,Low,17,195.85,0,2,0,0,0,0.14761254791309336,Low
551,28,Low,18,829.73,0,1,0,0,0,0.0458839789337138,Low
552,43,Medium,17,198.22,0,1,0,0,0,0.0,Low
553,80,Low,19,1188.56,0,1,0,0,0,0.0,Low
554,76,Low,18,1818.79,0,1,0,0,0,0.0,Low
555,44,Low,23,778.81,0,1,0,0,0,0.05514702322964693,Low
556,66,Low,27,798.74,0,2,0,0,0,0.1199517883820645,Low
557,50,Medium,19,370.49,0,1,0,0,0,0.0,Low
558,18,Low,30,1797.66,0,2,0,0,0,0.0,Low
559,38,High,9,218.92,0,1,0,0,1,0.49970319185086964,Medium
560,72,Low,20,937.97,0,1,0,0,0,0.11628520040750519,Low
561,23,Low,17,770.41,0,2,0,0,0,0.12478788248673174,Low
562,22,Medium,24,1104.46,0,1,0,0,0,0.0,Low
563,20,Low,23,1480.89,0,1,0,0,0,0.0,Low
564,70,Low,24,735.91,0,1,0,0,0,0.0,Low
565,40,High,17,1596.11,0,1,0,0,1,0.5928795315244855,Medium
566,70,Low,22,810.37,0,2,0,0,0,0.0,Low
567,54,Low,21,1076.66,0,1,0,0,0,0.10499293177630317,Low
568,34,Low,28,313.92,0,1,0,0,0,0.0,Low
569,18,Low,24,594.96,0,2,0,0,0,0.0,Low
570,68,Low,23,174.52,0,2,0,0,0,0.27388182861626054,Medium
571,62,Low,18,874.72,0,1,0,0,0,0.2794294533155692,Medium
572,21,Low,25,1423.33,0,1,0,0,0,0.024486107968571178,Low
573,79,Medium,19,708.01,0,1,0,0,0,0.0,Low
574,82,Low,24,774.15,0,1,0,0,0,0.15480705020556335,Low
575,49,Low,18,1118.79,0,1,0,0,0,0.0,Low
576,51,Low,21,1208.35,0,1,0,0,0,0.18173913414892098,Low
577,56,Low,16,166.39,0,1,0,0,0,0.30307542287805406,Medium
578,43,Low,20,507.53,0,1,0,0,0,0.08710039418668544,Low
579,51,Medium,18,196.6,0,1,0,0,0,0.0,Low
580,71,Low,25,607.66,0,1,0,0,0,0.22868996605791533,Medium
581,20,Medium,29,2312.12,0,1,0,0,0,0.04691105032062413,Low
582,67,Medium,22,1437.14,0,1,0,0,0,0.0,Low
583,29,Low,16,827.91,0,1,0,0,0,0.0,Low
584,82,Low,18,2747.6,0,1,0,0,0,0.0,Low
585,71,Low,11,1042.81,0,1,0,0,0,0.17300764879142036,Low
586,22,Low,20,3747.43,0,1,0,0,0,0.0,Low
587,74,Medium,25,923.48,0,1,0,0,0,0.0,Low
588,34,Medium,29,505.52,0,2,0,0,0,0.018912226480506097,Low
589,64,Low,29,291.19,0,2,0,0,0,0.0,Low
590,40,Low,22,1331.35,0,1,0,0,0,0.0,Low
591,31,Medium,24,602.6,0,1,0,0,0,0.0,Low
592,83,High,13,922.12,0,2,0,0,1,0.6242728639337456,High
593,68,Low,17,1184.38,0,2,0,0,0,0.12414283414613174,Low
594,55,Low,21,401.36,0,3,0,0,0,0.0,Low
595,81,Low,16,1030.04,0,1,0,0,0,0.0,Low
596,55,High,14,717.5,0,3,0,0,1,0.5569422951519382,Medium
597,67,Low,25,209.43,0,1,0,0,0,0.0,Low
598,47,Low,20,1230.55,0,1,0,0,0,0.25440054583252697,Medium
599,68,Low,16,1347.37,0,1,0,0,0,0.0,Low
600,80,Low,21,2025.63,0,1,0,0,0,0.08043223955378272,Low
601,69,Low,24,300.21,0,1,0,0,0,0.0,Low
602,55,High,14,3099.78,0,1,0,0,1,0.3316551039680786,Medium
603,47,Low,22,439.06,0,2,0,0,0,0.0,Low
604,68,Low,25,108.34,0,1,0,0,0,0.23052159635122177,Medium
605,22,Low,19,855.24,0,3,0,0,0,0.08876570600503325,Low
606,46,Low,19,1104.97,0,1,0,0,0,0.0,Low
607,21,Low,11,741.15,0,1,0,0,0,0.10583142183843719,Low
608,27,Low,19,296.08,0,1,0,0,0,0.14107186813091332,Low
609,73,Low,17,565.25,0,1,0,0,0,0.16221956152998715,Low
610,34,Low,24,1057.81,0,2,0,0,0,0.042214033757797496,Low
611,34,Low,13,3402.71,0,1,0,0,0,0.02564873364719525,Low
612,51,Low,15,310.48,0,1,0,0,0,0.0,Low
613,23,High,20,501.57,0,2,0,0,1,0.5997468768141815,Medium
614,70,Medium,19,238.51,0,1,0,0,0,0.10000527293896995,Low
615,83,Low,15,606.5,0,1,0,0,0,0.14833564235100644,Low
616,60,Low,15,782.16,0,1,0,0,0,0.0,Low
617,40,Medium,20,1670.46,0,1,0,0,0,0.14348637130889716,Low
618,72,Low,18,1073.3,0,1,0,0,0,0.0037606782473384223,Low
619,33,Medium,21,2240.23,0,1,0,0,0,0.12414444646285511,Low
620,25,Medium,18,809.71,0,1,0,0,0,0.0,Low
621,21,Low,27,20.78,0,1,0,0,0,0.27197491134672724,Medium
622,21,Low,17,1109.88,0,2,0,1,0,0.10220098862473628,Low
623,73,High,21,151.45,0,2,0,0,1,0.5727690884504005,Medium
624,42,Low,22,1634.53,0,1,0,0,0,0.0,Low
625,84,Low,28,810.54,0,1,0,1,0,0.4775442563764447,Medium
626,84,Low,14,482.83,0,1,0,0,0,0.044657762344766976,Low
627,44,Low,21,273.95,0,1,1,0,0,0.582710864209684,Medium
628,49,Low,14,544.99,0,1,0,0,0,0.0,Low
629,67,Low,17,781.55,0,2,0,0,0,0.0,Low
630,78,High,17,2813.8,0,2,0,0,1,0.4444182119994174,Medium
631,68,Low,32,730.73,0,1,0,0,0,0.0,Low
632,36,Low,26,983.67,0,1,0,0,0,0.0,Low
633,38,Low,30,764.08,0,1,0,0,0,0.18647244035539892,Low
634,22,Low,19,985.28,0,2,0,0,0,0.0,Low
635,59,Low,21,941.37,0,2,0,0,0,0.28673533430764364,Medium
636,78,High,21,821.66,0,1,0,0,1,0.37224758410907316,Medium
637,39,Medium,9,468.84,0,1,0,0,0,0.0,Low
638,38,Low,19,1366.46,0,1,0,0,0,0.05847328571227562,Low
639,18,Low,22,310.38,0,1,0,0,0,0.0274144874288395,Low
640,22,Low,19,1192.61,0,1,0,0,0,0.0,Low
641,29,Low,21,1385.15,0,1,0,0,0,0.0,Low
642,63,Low,30,117.33,0,1,0,0,0,0.19711158600815737,Low
643,51,Low,23,282.56,0,1,0,0,0,0.0809081346144567,Low
644,66,High,13,137.5,0,1,0,0,1,0.32714809386823246,Medium
645,62,Low,29,1965.13,0,1,0,0,0,0.059734798524577165,Low
646,44,Low,21,527.63,0,1,0,0,0,0.0,Low
647,43,Medium,18,1893.4,0,1,0,0,0,0.14678072423589303,Low
648,64,Low,21,627.11,0,2,0,0,0,0.3145126955961219,Medium
649,73,Low,16,335.28,0,1,0,0,0,0.16606446008863648,Low
650,80,Low,29,448.12,0,1,0,0,0,0.0,Low
651,65,Low,19,928.09,0,1,0,0,0,0.0,Low
652,78,Medium,25,1374.61,0,1,0,0,0,0.01482801769842048,Low
653,43,Low,25,842.93,0,1,0,0,0,0.0,Low
654,53,Medium,26,1594.79,0,1,0,0,0,0.1372429138362377,Low
655,18,Low,15,717.43,0,2,0,0,0,0.09985947577681699,Low
656,25,Low,17,783.42,0,1,0,0,0,0.0,Low
657,69,Medium,26,423.0,0,2,0,0,0,0.0,Low
658,64,Low,19,383.59,0,1,0,0,0,0.0,Low
659,73,Low,18,1441.09,0,1,0,0,0,0.23426918889777118,Medium
660,31,Low,29,311.45,0,1,0,0,0,0.0,Low
661,45,Low,18,625.77,0,2,0,0,0,0.0,Low
662,19,Low,17,1490.92,0,3,0,1,0,0.08273350933551481,Low
663,43,Low,24,169.6,0,2,0,0,0,0.14840945477099268,Low
664,31,Low,24,2000.35,0,1,0,0,0,0.0,Low
665,76,Low,24,340.18,0,1,0,0,0,0.1797877770263098,Low
666,73,High,24,2005.75,0,1,0,0,1,0.3697705974995278,Medium
667,24,Low,16,310.93,0,1,0,0,0,0.0,Low
668,20,Medium,18,1438.64,0,1,0,0,0,0.11230212949118527,Low
669,40,Low,28,515.13,0,1,0,0,0,0.0,Low
670,35,Low,24,2887.29,0,1,0,0,0,0.0557333901498112,Low
671,55,Medium,28,680.37,0,1,0,0,0,0.0,Low
672,32,Low,23,272.85,0,1,0,0,0,0.18463988710881019,Low
673,81,Low,16,1193.37,0,2,0,0,0,0.06684914118590357,Low
674,45,Low,19,564.94,0,1,0,0,0,0.32495828253663206,Medium
675,56,Low,21,1282.16,0,1,0,1,0,0.3065812606855648,Medium
676,74,Low,17,1984.72,0,1,0,0,0,0.0,Low
677,34,Low,22,1466.86,0,1,0,0,0,0.0,Low
678,61,Medium,24,158.38,0,1,0,0,0,0.0,Low
679,42,Low,24,304.77,0,2,0,0,0,0.0,Low
680,34,High,17,1004.22,0,1,0,0,1,0.3865225913880324,Medium
681,30,High,14,1083.35,0,1,0,0,1,0.6386476491845736,High
682,42,Low,26,246.35,0,1,0,0,0,0.0,Low
683,27,Low,25,334.07,0,1,0,0,0,0.15220469025654926,Low
684,84,Medium,15,2087.28,0,1,0,0,0,0.0,Low
685,35,High,20,465.75,0,1,0,1,1,0.8837766450285861,High
686,51,Low,14,1367.51,0,1,0,0,0,0.0,Low
687,25,Low,12,1793.33,0,3,0,0,0,0.20280729213884063,Medium
688,57,Low,19,450.79,0,1,0,0,0,0.0,Low
689,59,Low,28,761.79,0,1,0,0,0,0.13373465353528177,Low
690,58,Low,24,1370.36,0,1,0,0,0,0.23576521811249587,Medium
691,23,Low,23,156.72,0,1,0,0,0,0.0,Low
692,69,Low,29,650.26,0,1,0,0,0,0.0,Low
693,43,Low,25,1921.8,0,2,0,0,0,0.0,Low
694,81,Low,13,1063.5,0,2,0,0,0,0.0,Low
695,76,Low,15,1072.27,0,1,0,0,0,0.0,Low
696,73,Low,25,1600.53,0,1,0,0,0,0.0,Low
697,76,Low,20,507.96,0,3,0,0,0,0.0974674978724927,Low
698,50,Low,26,322.74,0,2,0,0,0,0.03689796932772395,Low
699,70,Low,17,1019.49,0,1,0,0,0,0.0,Low
700,39,Low,16,541.48,0,1,0,0,0,0.0,Low
701,38,High,20,512.28,0,2,0,0,1,0.3143576654021219,Medium
702,21,Low,27,313.08,0,1,0,0,0,0.04255660310729937,Low
703,79,Low,15,1185.33,0,1,0,0,0,0.12378827546124067,Low
704,79,Low,19,696.63,0,1,0,0,0,0.0,Low
705,41,High,16,319.82,0,2,0,0,1,0.42360645491055976,Medium
706,72,Low,22,1669.16,0,1,0,0,0,0.03975938145434894,Low
707,26,Low,22,617.12,0,1,0,0,0,0.0,Low
708,20,Low,14,1206.36,0,1,0,0,0,0.0820407150949091,Low
709,48,Low,16,2433.31,0,2,0,0,0,0.14001836230282788,Low
710,57,Low,11,1649.59,0,1,0,0,0,0.0,Low
711,53,Low,23,2256.57,0,2,0,0,0,0.0,Low
712,41,Low,21,1626.88,0,2,0,0,0,0.32332783502924656,Medium
713,23,Low,17,652.84,0,1,0,0,0,0.12007197125259908,Low
714,83,Low,21,401.25,0,1,0,0,0,0.026966846606802607,Low
715,21,Low,21,626.03,0,1,0,0,0,0.0,Low
716,23,Medium,15,663.52,0,2,0,0,0,0.0,Low
717,68,Low,18,1975.69,0,1,0,0,0,0.0859662209153065,Low
718,79,Medium,24,552.97,0,1,0,0,0,0.0,Low
719,74,Low,29,248.82,0,1,0,0,0,0.0,Low
720,83,Low,19,977.66,0,1,0,0,0,0.0,Low
721,25,Low,21,855.43,0,1,0,0,0,0.09574116567904263,Low
722,43,High,10,419.4,0,1,0,0,1,0.6645973333256808,High
723,68,Low,17,594.65,0,1,0,0,0,0.036061562024200036,Low
724,62,Low,22,2303.76,0,2,0,0,0,0.0,Low
725,61,Low,21,1181.71,0,1,0,0,0,0.0,Low
726,22,Low,26,633.78,0,1,0,0,0,0.19561865794919966,Low
727,43,Low,18,417.0,0,2,0,0,0,0.1804726834587696,Low
728,36,Low,25,3135.95,0,1,0,0,0,0.1870612127412938,Low
729,37,Low,23,2627.59,0,1,0,0,0,0.1520515057793009,Low
730,29,Low,18,1552.94,0,2,0,0,0,0.28711527112705987,Medium
731,64,Low,22,688.6,0,2,1,0,0,0.3311133544562443,Medium
732,18,Low,16,399.46,0,1,0,0,0,0.11275437494684254,Low
733,31,Low,21,412.99,0,2,0,0,0,0.0,Low
734,81,Low,21,681.92,0,1,0,0,0,0.03494522385865481,Low
735,55,Low,34,551.28,0,1,0,0,0,0.04089300042830211,Low
736,54,Low,27,811.42,0,2,0,0,0,0.11829800872290983,Low
737,28,High,18,781.31,0,1,0,0,1,0.306245112500071,Medium
738,20,High,27,346.1,0,1,0,0,1,0.16522351306342015,Low
739,50,Medium,21,357.35,0,1,0,0,0,0.0,Low
740,23,Low,25,638.74,0,1,0,0,0,0.15927180471774588,Low
741,67,Low,25,765.34,0,1,0,0,0,0.0,Low
742,27,Low,19,2174.42,0,1,0,0,0,0.0704110611505273,Low
743,22,Low,15,1019.62,0,1,0,0,0,0.0,Low
744,40,Low,25,991.85,0,1,0,0,0,0.1561034459742399,Low
745,27,Medium,21,1049.68,0,1,0,0,0,0.0,Low
746,61,Medium,14,1831.23,0,1,0,0,0,0.0,Low
747,19,Medium,19,6847.33,0,1,0,0,0,0.1991293101051049,Low
748,30,Low,26,516.4,0,2,0,0,0,0.2364783995543842,Medium
749,57,Low,24,2977.05,0,1,0,0,0,0.20209741107171253,Medium
750,19,Low,13,215.05,0,1,0,0,0,0.0,Low
751,82,Low,17,644.15,0,1,0,0,0,0.0,Low
752,80,Low,13,313.48,0,1,0,0,0,0.0,Low
753,34,Low,24,1339.08,0,1,0,0,0,0.0,Low
754,26,Low,22,1617.63,0,1,0,1,0,0.06007124815865669,Low
755,32,Low,13,249.34,0,1,0,0,0,0.0,Low
756,41,Low,22,1759.75,0,1,0,0,0,0.0,Low
757,55,Medium,19,1068.48,0,1,0,0,0,0.0,Low
758,52,Low,24,1485.74,0,1,0,0,0,0.0,Low
759,66,Medium,20,1941.03,0,1,0,0,0,0.0,Low
760,79,Low,18,1366.57,0,3,0,0,0,0.06609827199763468,Low
761,77,Low,20,204.42,0,3,0,0,0,0.05284242307415333,Low
762,67,Low,16,592.9,0,1,0,0,0,0.0,Low
763,26,Low,18,234.13,0,2,0,0,0,0.0,Low
764,51,High,18,103.79,0,1,0,0,1,0.45509111393984103,Medium
765,52,Low,18,294.28,0,1,0,0,0,0.028868722429544098,Low
766,18,Low,27,632.42,0,1,0,1,0,0.2842650044383677,Medium
767,57,Low,17,2827.35,0,1,0,0,0,0.0,Low
768,81,Medium,28,801.99,0,1,0,0,0,0.260086160538444,Medium
769,39,Low,21,1074.57,0,1,0,0,0,0.09471366804349667,Low
770,77,Medium,11,530.49,0,3,0,0,0,0.11141925082950316,Low
771,81,Low,14,694.59,0,2,0,0,0,0.0,Low
772,28,Low,24,864.63,0,2,0,0,0,0.0,Low
773,31,Low,18,664.41,0,2,0,0,0,0.0,Low
774,77,Low,17,1243.64,0,2,0,0,0,0.11054642002023558,Low
775,47,Low,21,483.26,0,1,0,0,0,0.0,Low
776,52,Medium,20,216.61,0,1,0,0,0,0.06697565129885713,Low
777,54,Low,19,170.59,0,1,0,0,0,0.21879162610801361,Medium
778,22,Low,17,1531.52,0,1,0,0,0,0.0,Low
779,43,Low,18,47.55,0,1,0,0,0,0.0,Low
780,79,Low,18,684.94,0,2,0,0,0,0.0,Low
781,21,Low,12,305.17,0,3,0,0,0,0.0,Low
782,59,Low,26,1276.78,0,1,0,0,0,0.14253069238056348,Low
783,35,Low,18,821.03,0,1,0,0,0,0.15173671014690346,Low
784,57,Low,22,837.07,0,2,0,0,0,0.11980892281903423,Low
785,56,Low,24,892.86,0,1,0,0,0,0.0,Low
786,31,Low,21,870.17,0,1,0,0,0,0.0,Low
787,49,Low,23,215.98,0,2,0,0,0,0.0,Low
788,68,Low,18,556.13,0,2,0,0,0,0.06064640163497375,Low
789,55,Low,17,385.2,0,1,0,1,0,0.33500612225222215,Medium
790,40,Medium,20,449.55,0,2,0,0,0,0.0,Low
791,80,Medium,15,879.81,0,1,0,0,0,0.2881950806431524,Medium
792,32,Low,20,1538.47,0,1,0,0,0,0.0,Low
793,42,Low,30,1500.93,0,1,0,0,0,0.07979835226427733,Low
794,34,Medium,18,997.0,0,1,0,0,0,0.32166918561599994,Medium
795,83,Medium,17,583.7,0,1,0,0,0,0.1377118156671654,Low
796,70,Medium,17,836.26,0,3,0,0,0,0.08917256999395912,Low
797,68,Low,19,1369.42,0,1,0,0,0,0.0,Low
798,56,Low,27,447.2,0,1,1,0,0,0.39172143492727174,Medium
799,68,Medium,14,809.54,0,1,0,0,0,0.0,Low
800,23,Low,13,526.63,0,1,0,0,0,0.16919723017413643,Low
801,84,Low,14,441.33,0,2,0,0,0,0.0,Low
802,24,Low,18,772.43,0,1,0,0,0,0.0,Low
803,68,Low,26,586.25,0,1,0,0,0,0.0,Low
804,59,Low,23,1013.71,0,1,0,0,0,0.0,Low
805,81,Low,16,593.38,0,2,0,0,0,0.0,Low
806,32,Low,12,718.38,0,1,0,0,0,0.0,Low
807,46,Low,16,215.69,0,1,0,0,0,0.005007269961937588,Low
808,50,Low,14,1413.87,0,3,0,0,0,0.0,Low
809,44,Low,20,1432.49,0,1,0,0,0,0.0,Low
810,53,Low,21,384.64,0,1,0,0,0,0.0,Low
811,46,Low,15,416.12,0,3,0,0,0,0.05424319149363604,Low
812,55,Medium,14,914.97,0,1,0,0,0,0.0,Low
813,74,Low,23,542.84,0,2,0,0,0,0.0,Low
814,44,Low,17,989.96,0,1,0,0,0,0.171836553635542,Low
815,72,Low,19,2046.1,0,1,0,0,0,0.0,Low
816,50,Medium,22,401.66,0,1,0,0,0,0.21936308759335038,Medium
817,83,Low,23,1491.38,0,3,0,0,0,0.16137236439803512,Low
818,27,Low,17,342.5,0,3,0,0,0,0.05460477553146826,Low
819,22,Low,25,447.72,0,1,0,0,0,0.0,Low
820,55,Low,16,920.61,0,1,0,0,0,0.0010095525512895955,Low
821,30,Medium,20,1233.64,0,1,0,0,0,0.07348929106002285,Low
822,48,Medium,23,2004.43,0,1,0,0,0,0.29984563799233316,Medium
823,64,Low,19,2476.63,0,1,0,0,0,0.07513061154202569,Low
824,69,Low,27,638.98,0,2,0,0,0,0.223270682678387,Medium
825,73,Low,23,802.99,0,2,0,0,0,0.0,Low
826,32,Low,21,1028.32,0,2,0,1,0,0.11896175604419648,Low
827,46,Low,19,776.12,0,1,0,0,0,0.0024919389454737977,Low
828,25,Low,16,633.54,0,2,0,0,0,0.201528421700324,Medium
829,22,Low,16,514.07,0,2,0,0,0,0.0,Low
830,46,Low,14,1245.62,0,1,0,0,0,0.4526630921623105,Medium
831,64,Medium,17,2014.95,0,1,0,0,0,0.0,Low
832,62,Low,23,190.33,0,1,0,0,0,0.17669976702187565,Low
833,19,Medium,22,675.3,0,1,0,0,0,0.0,Low
834,44,Low,26,195.05,0,3,0,0,0,0.0,Low
835,53,Low,19,1193.56,0,1,0,0,0,0.2570009331411803,Medium
836,53,Low,25,438.64,0,3,0,1,0,0.17100257341672317,Low
837,43,Low,20,1830.1,0,1,0,0,0,0.0,Low
838,60,Low,16,716.74,0,2,0,0,0,0.0576970744148337,Low
839,44,Low,14,1204.79,0,2,0,0,0,0.08941082162061609,Low
840,37,High,15,393.87,0,1,0,0,1,0.4502256512175812,Medium
841,28,Low,23,892.84,0,3,0,0,0,0.06244248809336953,Low
842,55,Low,7,885.42,0,1,0,0,0,0.057106299945888186,Low
843,23,Medium,15,1076.16,0,1,0,0,0,0.18497026452222187,Low
844,40,Low,16,485.07,0,1,0,1,0,0.20849041421272624,Medium
845,64,Low,21,1723.0,0,1,0,0,0,0.0,Low
846,63,Low,24,1031.08,0,3,0,0,0,0.10836552395885919,Low
847,29,Medium,28,1949.93,0,1,0,0,0,0.0,Low
848,30,High,19,220.5,0,1,0,0,1,0.4903022190120164,Medium
849,79,High,25,898.5,0,2,0,0,1,0.626126679424996,High
850,77,Low,18,695.81,0,1,1,0,0,0.4143174025947757,Medium
851,60,Medium,15,2513.3,0,1,0,0,0,0.0,Low
852,22,Low,19,1265.66,0,1,0,0,0,0.21636501938646374,Medium
853,54,Low,20,785.63,0,1,0,0,0,0.0,Low
854,48,Low,21,1211.63,0,1,0,0,0,0.02990324766373222,Low
855,26,Low,13,569.52,0,1,0,0,0,0.19357833553068013,Low
856,68,High,26,1107.18,0,1,0,0,1,0.30732067316645406,Medium
857,46,Medium,17,3464.69,0,1,0,0,0,0.02084229025264076,Low
858,57,Low,26,509.79,0,1,0,0,0,0.0,Low
859,58,Low,21,887.45,0,2,0,0,0,0.0,Low
860,28,Low,20,424.35,0,1,0,0,0,0.0,Low
861,40,Medium,24,363.62,0,3,0,0,0,0.07249728771036028,Low
862,18,Low,27,1502.2,0,2,0,0,0,0.0,Low
863,63,Low,24,290.36,0,3,0,0,0,0.0,Low
864,38,Low,12,1094.8,0,1,0,0,0,0.0,Low
865,53,Low,22,1438.83,0,2,0,0,0,0.0,Low
866,71,Low,18,588.83,0,2,0,1,0,0.36514048774598484,Medium
867,74,Medium,24,1904.03,0,1,0,0,0,0.0,Low
868,18,Low,22,1791.88,0,1,0,0,0,0.0,Low
869,80,Low,20,586.25,0,1,0,0,0,0.028800968713143676,Low
870,71,Low,15,249.19,0,1,0,0,0,0.09637151774919199,Low
871,72,Low,23,1156.01,0,1,0,0,0,0.0,Low
872,57,High,16,767.38,0,1,0,0,1,0.3732307146018843,Medium
873,32,Low,21,927.3,0,1,0,0,0,0.11350089287055842,Low
874,38,Low,22,1147.17,0,3,0,0,0,0.24957310995324977,Medium
875,64,Low,14,207.21,0,1,0,0,0,0.0047803268330345716,Low
876,70,Low,18,560.04,0,1,0,0,0,0.0,Low
877,26,Low,23,2342.35,0,1,0,0,0,0.0,Low
878,69,Low,22,948.35,0,1,0,0,0,0.0,Low
879,74,Low,23,1202.72,0,1,0,0,0,0.05101806607916385,Low
880,43,Low,24,889.55,0,2,0,0,0,0.2761098413359605,Medium
881,58,Low,19,1177.63,0,1,0,0,0,0.0,Low
882,52,Low,28,1766.48,0,1,0,0,0,0.16453475538601692,Low
883,80,Low,16,112.21,0,1,0,0,0,0.13546461803712195,Low
884,42,Low,16,1374.02,0,2,0,0,0,0.09815944546195506,Low
885,55,Medium,25,775.73,0,3,0,0,0,0.03927584508970963,Low
886,19,Medium,17,1540.68,0,1,0,0,0,0.3111879070175227,Medium
887,24,Low,19,605.57,0,1,0,0,0,0.19353815748702946,Low
888,51,Low,23,586.39,0,2,0,0,0,0.0,Low
889,34,Low,12,279.7,0,2,0,0,0,0.007371871713521361,Low
890,60,Low,18,791.44,0,1,0,0,0,0.0,Low
891,76,Medium,24,262.65,0,1,0,0,0,0.20813682258589505,Medium
892,68,Low,13,739.37,0,1,0,0,0,0.007082690237483614,Low
893,71,Low,13,926.43,0,1,0,0,0,0.0,Low
894,41,Medium,18,453.79,0,1,0,0,0,0.0,Low
895,42,Medium,21,183.75,0,1,0,0,0,0.0,Low
896,69,Low,20,138.89,0,1,0,1,0,0.07363674228980832,Low
897,50,Low,17,348.51,0,1,0,0,0,0.0,Low
898,66,Low,21,127.81,0,3,0,0,0,0.0,Low
899,46,Low,26,907.97,0,3,0,0,0,0.19445054567005074,Low
900,80,Medium,17,3527.08,0,1,0,0,0,0.21371807235763854,Medium
901,39,Medium,13,274.86,0,2,0,0,0,0.3349339645030343,Medium
902,43,Medium,18,4085.96,0,1,0,0,0,0.2562523020785682,Medium
903,45,Low,15,882.59,0,1,0,0,0,0.09443556553761713,Low
904,66,Medium,19,1022.65,0,1,0,0,0,0.0,Low
905,66,Low,20,196.05,0,2,0,1,0,0.320313605770718,Medium
906,37,Low,14,938.87,0,3,0,0,0,0.0,Low
907,80,Low,20,531.81,0,2,0,0,0,0.04975197586442452,Low
908,78,Low,18,2243.9,0,1,0,0,0,0.0,Low
909,66,Medium,17,139.07,0,2,0,1,0,0.49135306664881556,Medium
910,18,Low,13,539.69,0,3,0,0,0,0.05762741689177687,Low
911,30,Low,31,404.9,0,1,0,0,0,0.0,Low
912,68,Low,36,1053.88,0,2,0,0,0,0.0,Low
913,73,Low,26,63.87,0,1,0,0,0,0.0,Low
914,79,Low,29,2197.39,0,2,0,0,0,0.0,Low
915,49,Low,22,1023.7,0,1,0,0,0,0.0,Low
916,47,Medium,16,972.39,0,1,0,0,0,0.0,Low
917,46,Low,20,288.01,0,2,0,0,0,0.0,Low
918,66,Low,19,1426.39,0,1,0,0,0,0.0,Low
919,62,Low,31,1326.21,0,1,0,0,0,0.0781476648734312,Low
920,47,Medium,26,1877.1,0,1,0,0,0,0.005021085051416999,Low
921,33,Low,16,641.16,0,2,0,0,0,0.1299909392421009,Low
922,57,Low,15,181.9,0,1,0,0,0,0.0,Low
923,36,Low,19,470.48,0,2,0,0,0,0.016963793694689082,Low
924,35,Low,19,1580.6,0,2,0,0,0,0.0,Low
925,18,Low,23,543.21,0,1,0,0,0,0.1366385184391308,Low
926,64,Low,19,2874.18,0,1,0,0,0,0.18999192775753607,Low
927,83,Low,20,1450.74,0,1,0,0,0,0.0976367742472635,Low
928,55,Low,24,2615.49,0,1,0,0,0,0.0,Low
929,68,Low,26,568.37,0,1,0,0,0,0.08308518959308715,Low
930,80,Low,16,1123.07,0,1,0,0,0,0.026323243079936682,Low
931,21,Low,21,351.19,0,1,0,0,0,0.0,Low
932,18,Low,22,1505.47,0,1,0,0,0,0.1861784381774612,Low
933,25,Low,25,1184.82,0,2,0,0,0,0.0,Low
934,46,Low,23,1393.57,0,1,0,0,0,0.08626460028036727,Low
935,72,Low,24,611.38,0,3,0,0,0,0.004261840983278316,Low
936,20,Medium,17,910.38,0,1,0,0,0,0.20214341281239764,Medium
937,49,High,22,874.63,0,1,0,0,1,0.2704481719559737,Medium
938,27,Low,23,613.8,0,1,0,0,0,0.0,Low
939,51,Low,25,951.77,0,1,0,0,0,0.10337961892094218,Low
940,72,Low,14,1078.04,0,2,0,0,0,0.0,Low
941,49,Medium,30,1224.75,0,1,0,0,0,0.2134762987875937,Medium
942,67,Low,21,601.75,0,1,0,0,0,0.0,Low
943,24,Low,28,1449.1,0,1,0,0,0,0.08824456914897023,Low
944,25,Medium,26,1383.32,0,1,0,0,0,0.0,Low
945,82,Low,19,1241.73,0,1,0,0,0,0.0,Low
946,74,Medium,19,1528.75,0,1,0,0,0,0.19762149823076866,Low
947,84,Low,15,720.52,0,1,0,0,0,0.0,Low
948,76,Low,21,307.93,0,1,0,0,0,0.07971023223626444,Low
949,71,Medium,10,1387.28,0,1,0,0,0,0.0,Low
950,84,Low,12,519.55,0,2,0,0,0,0.048424015238276205,Low
951,68,Low,22,192.19,0,1,0,0,0,0.18334290515346957,Low
952,25,Low,21,531.53,0,1,0,0,0,0.0,Low
953,51,High,17,936.18,0,1,0,0,1,0.4318397068007538,Medium
954,52,Low,22,2082.05,0,1,0,0,0,0.25589451086543047,Medium
955,49,Low,23,1084.93,0,1,0,0,0,0.15860795028118743,Low
956,63,Low,19,1522.44,0,1,0,0,0,0.0,Low
957,33,Low,17,1365.94,0,1,0,0,0,0.0,Low
958,54,Low,24,1047.22,0,1,0,1,0,0.15700392118697626,Low
959,71,Low,19,676.66,0,2,0,0,0,0.046853588595284955,Low
960,31,Low,17,350.05,0,2,0,0,0,0.0,Low
961,72,Medium,20,3108.67,0,1,0,0,0,0.0,Low
962,65,Low,24,543.63,0,1,0,0,0,0.0,Low
963,24,Low,18,666.38,0,1,0,1,0,0.0,Low
964,24,Medium,18,760.54,0,2,0,0,0,0.0,Low
965,50,Low,22,532.14,0,3,0,0,0,0.126094740884909,Low
966,40,Medium,21,1198.93,0,1,0,0,0,0.0,Low
967,36,Low,17,539.81,0,1,0,0,0,0.0,Low
968,36,Low,14,654.63,0,2,0,0,0,0.0,Low
969,53,Low,24,506.52,0,2,0,0,0,0.05761937241239272,Low
970,46,Low,22,643.51,0,1,0,0,0,0.14401715313489402,Low
971,77,Low,20,294.71,0,1,0,0,0,0.1744463526540895,Low
972,19,Low,6,234.15,0,1,0,0,0,0.0,Low
973,18,Medium,14,2385.19,0,1,0,0,0,0.0,Low
974,64,Low,19,1528.17,0,1,0,0,0,0.004314932268475572,Low
975,37,Low,14,2139.37,0,1,0,0,0,0.0,Low
976,28,Low,21,2269.18,0,2,0,0,0,0.04947186100288618,Low
977,19,High,18,390.96,0,2,0,0,1,0.569719573119578,Medium
978,84,Low,18,2077.12,0,2,0,0,0,0.1493581093807647,Low
979,29,Low,21,1714.89,0,1,0,0,0,0.0,Low
980,37,Low,18,639.25,0,1,0,0,0,0.0,Low
981,22,Low,21,1077.18,0,1,0,0,0,0.0,Low
982,54,Low,18,1492.23,0,1,1,0,0,0.03942002642672987,Low
983,55,Medium,22,1276.29,0,1,0,0,0,0.08168910803885342,Low
984,26,Low,20,765.02,0,1,0,0,0,0.0,Low
985,70,Medium,17,946.57,0,1,0,0,0,0.0012663301314184531,Low
986,61,Low,21,1169.46,0,1,0,0,0,0.36692136565532096,Medium
987,41,Low,12,623.85,0,1,0,0,0,0.2380908782502692,Medium
988,47,Medium,23,1262.06,0,1,0,0,0,0.006462958531623872,Low
989,76,Low,20,470.95,0,1,0,0,0,0.03130055444079525,Low
990,31,High,21,2122.15,0,2,0,1,1,0.433623235331024,Medium
991,26,Low,29,1660.93,0,1,0,0,0,0.09683939746257768,Low
992,57,Medium,17,1513.55,0,1,0,0,0,0.034353762374529556,Low
993,83,Low,24,1113.27,0,1,0,0,0,0.0,Low
994,42,Low,17,997.02,0,2,0,0,0,0.037437277780857946,Low
995,39,Low,17,1704.03,0,1,0,0,0,0.15634258384174976,Low
996,21,Low,14,322.57,0,2,0,0,0,0.31015087604079017,Medium
997,43,Low,12,424.33,0,1,0,0,0,0.0,Low
998,75,Low,27,1283.83,0,1,0,0,0,0.0,Low
999,46,Low,18,819.58,0,3,0,0,0,0.0,Low
1000,54,Low,22,533.92,0,1,0,0,0,0.0345415766711615,Low
1001,35,Medium,22,1792.45,0,1,0,0,0,0.2521596070456911,Medium
1002,59,Low,20,927.39,0,1,0,0,0,0.18426076164081484,Low
1003,58,Low,13,1074.91,0,1,0,0,0,0.0,Low
1004,55,Low,12,1822.49,0,1,0,0,0,0.0,Low
1005,51,Low,15,756.29,0,1,0,0,0,0.0,Low
1006,34,Low,24,2902.71,0,1,0,0,0,0.0,Low
1007,54,Low,18,349.21,0,3,0,0,0,0.08754992852875854,Low
1008,42,Medium,21,1785.04,0,1,0,0,0,0.021008631752054457,Low
1009,44,Medium,13,561.18,0,1,0,0,0,0.2489680637135046,Medium
1010,74,Low,13,1596.52,0,1,0,0,0,0.0,Low
1011,48,Low,13,477.67,0,1,0,0,0,0.0,Low
1012,23,Low,22,231.57,0,1,0,0,0,0.0,Low
1013,57,Low,24,1610.83,0,1,0,0,0,0.23605463749084266,Medium
1014,29,Low,24,642.15,0,3,0,0,0,0.0,Low
1015,70,Low,17,240.76,0,1,0,0,0,0.03245172020068759,Low
1016,27,Low,20,1663.05,0,1,0,0,0,0.0,Low
1017,62,Low,24,992.09,0,1,0,0,0,0.21716245687868996,Medium
1018,34,Low,24,640.41,0,1,0,0,0,0.27557428637477066,Medium
1019,43,Medium,9,1115.82,0,2,0,0,0,0.0,Low
1020,79,Low,21,751.95,0,1,0,0,0,0.0,Low
1021,63,Medium,28,683.95,0,1,0,0,0,0.03957349906314341,Low
1022,81,High,28,1480.6,0,2,0,0,1,0.2773314133487417,Medium
1023,19,Low,18,1000.4,0,2,0,0,0,0.17197909732431946,Low
1024,71,Low,23,452.72,0,1,0,0,0,0.06843652026803647,Low
1025,82,Low,22,837.57,0,2,0,0,0,0.19006162924902806,Low
1026,68,High,16,1465.42,0,1,0,0,1,0.23786667259626046,Medium
1027,70,High,17,337.92,0,1,0,0,1,0.19363874301063277,Low
1028,53,Low,24,1902.1,0,1,0,0,0,0.05480522393544294,Low
1029,43,Low,12,974.67,0,1,0,0,0,0.2534555897563754,Medium
1030,46,Medium,19,920.04,0,1,0,0,0,0.0,Low
1031,38,Low,20,954.58,0,1,0,0,0,0.06915951910256954,Low
1032,28,Medium,13,2462.09,0,1,0,0,0,0.0,Low
1033,57,Medium,29,841.73,0,1,0,0,0,0.15879876366577264,Low
1034,28,Low,18,647.09,0,1,0,0,0,0.0,Low
1035,53,Low,27,763.16,0,2,0,0,0,0.0412557942902543,Low
1036,76,Low,15,1610.33,0,1,0,0,0,0.168096575659068,Low
1037,56,Low,21,1321.1,0,1,0,0,0,0.0,Low
1038,71,Low,18,851.52,0,1,0,0,0,0.09033909490702592,Low
1039,72,Medium,22,3286.7,0,1,0,0,0,0.0,Low
1040,41,Medium,19,1246.89,0,1,0,0,0,0.12710658955564544,Low
1041,39,Medium,14,404.08,0,3,0,0,0,0.0553453627426276,Low
1042,73,Low,16,117.43,0,1,0,0,0,0.0,Low
1043,50,Medium,24,1333.32,0,2,0,0,0,0.0,Low
1044,53,Low,27,683.5,0,1,0,0,0,0.0,Low
1045,37,Low,18,223.81,0,2,0,0,0,0.13050040410927893,Low
1046,79,Low,15,783.89,0,1,0,0,0,0.2849721720019464,Medium
1047,43,Low,24,1396.71,0,3,0,0,0,0.0,Low
1048,83,Medium,22,740.82,0,1,0,0,0,0.0,Low
1049,57,Low,18,820.82,0,1,0,1,0,0.4358627132397262,Medium
1050,34,Low,19,105.3,0,1,0,0,0,0.0,Low
1051,18,Low,15,1335.22,0,1,0,0,0,0.07554806763977492,Low
1052,78,Low,11,177.26,0,1,0,0,0,0.25105613030144974,Medium
1053,60,Low,22,529.68,0,1,0,0,0,0.0,Low
1054,59,Low,16,1038.22,0,2,0,0,0,0.0,Low
1055,42,Low,20,444.46,0,1,0,0,0,0.19926978974129272,Low
1056,56,Low,14,523.15,0,1,0,0,0,0.0,Low
1057,52,Medium,24,1004.05,0,1,0,0,0,0.1292913064318416,Low
1058,20,Low,22,1063.22,0,1,0,1,0,0.2563258041079706,Medium
1059,61,Low,21,870.92,0,1,0,0,0,0.17030071677654482,Low
1060,68,Low,25,93.15,0,1,0,0,0,0.0,Low
1061,29,Low,17,137.66,0,1,0,0,0,0.230368175034197,Medium
1062,36,Low,10,1609.51,0,1,0,0,0,0.0,Low
1063,61,Low,18,629.51,0,1,0,0,0,0.0,Low
1064,76,Medium,27,3653.64,0,3,0,0,0,0.0,Low
1065,66,Low,20,1007.72,0,1,0,0,0,0.0,Low
1066,78,Medium,17,2866.94,0,1,0,1,0,0.301444244611146,Medium
1067,34,High,20,732.32,0,1,0,0,1,0.2873378911854336,Medium
1068,74,Low,19,568.86,0,1,1,1,0,0.49716552029089084,Medium
1069,72,Low,24,1347.13,0,1,0,0,0,0.013625749980736608,Low
1070,64,Low,31,1833.64,0,3,0,0,0,0.0,Low
1071,29,High,22,735.34,0,3,0,0,1,0.42344761249344415,Medium
1072,79,Medium,25,1316.67,0,1,0,0,0,0.14114375597875137,Low
1073,25,Low,21,178.3,0,1,0,0,0,0.005362741992521299,Low
1074,38,Medium,20,403.6,0,3,0,0,0,0.1377690287561287,Low
1075,42,Low,23,1142.06,0,1,0,0,0,0.0,Low
1076,29,High,19,632.99,0,1,0,0,1,0.43983445345199024,Medium
1077,32,High,9,1036.36,0,1,0,0,1,0.4145718814719367,Medium
1078,76,Low,14,1155.36,0,1,0,0,0,0.16106765859335895,Low
1079,43,Low,13,1302.12,0,3,0,0,0,0.06369750036879612,Low
1080,43,Low,24,1585.88,0,2,0,0,0,0.0,Low
1081,64,Low,15,1611.92,0,1,0,0,0,0.073178981947647,Low
1082,49,Medium,22,330.55,0,2,0,0,0,0.0,Low
1083,27,Low,19,746.81,0,1,0,0,0,0.06058440866760384,Low
1084,33,Low,17,728.81,0,2,0,0,0,0.0,Low
1085,34,Low,26,807.45,0,1,0,0,0,0.022492217637712645,Low
1086,40,High,20,680.95,0,1,0,0,1,0.3939935279072624,Medium
1087,43,Low,15,847.6,0,1,0,0,0,0.0,Low
1088,24,Low,25,509.64,0,1,0,0,0,0.0,Low
1089,31,Low,27,1516.22,0,1,0,0,0,0.1620909958766595,Low
1090,24,High,14,1156.67,0,1,0,0,1,0.6823269352958337,High
1091,26,Medium,23,505.33,0,3,0,0,0,0.04062013602538762,Low
1092,65,Low,17,859.95,0,3,0,0,0,0.004766773363986791,Low
1093,76,Low,16,2682.83,0,1,0,0,0,0.0,Low
1094,56,Low,19,347.47,0,2,1,0,0,0.03610412029239135,Low
1095,35,Low,15,415.53,0,3,0,0,0,0.0,Low
1096,76,Low,17,1563.81,0,1,0,0,0,0.0795967605922055,Low
1097,34,Medium,16,2312.69,0,1,0,0,0,0.0,Low
1098,31,Low,21,1067.01,0,2,0,0,0,0.09875574189526104,Low
1099,48,Medium,23,900.74,0,1,0,0,0,0.0,Low
1100,41,Low,17,291.64,0,1,0,0,0,0.023941843693979614,Low
1101,77,Low,22,591.58,0,1,0,0,0,0.0,Low
1102,62,Low,16,567.02,0,1,0,0,0,0.0,Low
1103,20,Low,17,596.27,0,3,0,0,0,0.0,Low
1104,54,Low,16,458.53,0,1,0,0,0,0.0,Low
1105,60,Low,23,274.61,0,2,0,0,0,0.0,Low
1106,57,Low,18,1356.58,0,2,0,0,0,0.33358960862852105,Medium
1107,72,Low,16,1114.82,0,1,0,0,0,0.19560848682255963,Low
1108,56,Low,24,275.47,0,2,0,0,0,0.027279576146551517,Low
1109,32,High,18,868.36,0,1,0,0,1,0.34503995131871495,Medium
1110,21,Low,22,660.09,0,1,0,0,0,0.0,Low
1111,42,Medium,24,2497.25,0,2,0,1,0,0.21645930783899864,Medium
1112,30,Low,15,1950.14,0,1,0,0,0,0.0,Low
1113,50,Medium,16,2487.19,0,2,0,0,0,0.0,Low
1114,33,Low,15,584.55,0,1,0,0,0,0.07300381392981167,Low
1115,59,Medium,24,154.75,0,2,0,0,0,0.0,Low
1116,83,Low,19,320.96,0,1,0,0,0,0.0,Low
1117,72,Low,22,593.36,0,1,0,0,0,0.0,Low
1118,59,Low,21,698.32,0,1,0,1,0,0.4177958799096485,Medium
1119,51,Low,15,2524.23,0,1,0,0,0,0.0,Low
1120,47,Low,10,1510.12,0,1,0,0,0,0.0,Low
1121,30,Low,14,1116.19,0,1,0,1,0,0.10451667016296498,Low
1122,30,Low,22,1969.64,0,1,0,0,0,0.0,Low
1123,35,Medium,16,1255.51,0,1,0,0,0,0.22553436037362495,Medium
1124,49,Low,12,1448.73,0,1,0,0,0,0.014672379490029124,Low
1125,56,Low,29,660.36,0,1,0,0,0,0.0,Low
1126,63,Low,16,222.88,0,3,0,0,0,0.0,Low
1127,46,Low,21,179.73,0,3,0,1,0,0.19411950569073547,Low
1128,79,Low,22,182.83,0,1,0,0,0,0.0,Low
1129,79,Low,20,1344.1,0,1,0,0,0,0.0,Low
1130,74,High,17,430.37,0,1,0,0,1,0.3806111724908641,Medium
1131,33,Medium,21,664.15,0,1,0,1,0,0.24647453065340497,Medium
1132,73,Medium,22,252.07,0,1,0,0,0,0.05601039751711009,Low
1133,27,Low,26,1798.85,0,1,0,0,0,0.0,Low
1134,47,Medium,24,835.77,0,1,0,0,0,0.009026607489400082,Low
1135,42,Low,18,1001.14,0,1,0,0,0,0.027213449700950597,Low
1136,22,Low,23,1074.96,0,1,0,0,0,0.0,Low
1137,82,Low,21,1171.9,0,1,0,0,0,0.25589768570717375,Medium
1138,66,Low,13,1863.56,0,2,0,0,0,0.0,Low
1139,20,Low,21,1377.08,0,2,0,0,0,0.07559500918423177,Low
1140,62,Low,18,363.35,0,2,0,0,0,0.0,Low
1141,31,Low,16,412.35,0,1,0,0,0,0.0,Low
1142,47,Low,16,4235.34,0,1,0,0,0,0.051383108006816246,Low
1143,35,Low,26,1641.34,0,1,0,0,0,0.0,Low
1144,79,Low,18,3339.07,0,1,0,0,0,0.1117501110396918,Low
1145,54,Low,12,702.46,0,1,0,0,0,0.0,Low
1146,42,Low,23,2306.85,0,2,0,0,0,0.13219113906646043,Low
1147,65,Medium,21,1199.82,0,3,0,0,0,0.0,Low
1148,82,Low,17,1047.78,0,2,0,0,0,0.30910762933814456,Medium
1149,70,Low,20,862.2,0,2,0,0,0,0.14743408839534164,Low
1150,32,Low,25,1494.12,0,1,0,0,0,0.14818695163279347,Low
1151,66,Low,21,1238.61,0,2,0,0,0,0.021737820465418993,Low
1152,29,Medium,17,734.3,0,3,0,0,0,0.1514360984953139,Low
1153,76,Low,17,526.02,0,1,0,0,0,0.11401071326166949,Low
1154,54,Low,27,752.09,0,1,0,0,0,0.0,Low
1155,78,Medium,12,843.99,0,1,0,0,0,0.0,Low
1156,60,Low,15,616.36,0,1,0,0,0,0.0,Low
1157,56,Low,29,399.47,0,1,0,0,0,0.0,Low
1158,73,Low,17,888.09,0,3,0,0,0,0.0,Low
1159,80,Low,18,1136.59,0,1,0,0,0,0.07748076896332197,Low
1160,63,Low,21,1031.53,0,1,0,0,0,0.17622427657765885,Low
1161,28,Low,20,316.1,0,1,0,0,0,0.09089360187409257,Low
1162,79,High,11,2478.62,0,1,0,0,1,0.5861313726917429,Medium
1163,42,Low,23,2887.09,0,1,0,0,0,0.0,Low
1164,69,Low,23,1327.54,0,2,0,1,0,0.12444218069985402,Low
1165,21,Low,19,1519.37,0,1,0,1,0,0.16094587408765576,Low
1166,76,Medium,19,1006.04,0,3,0,0,0,0.0,Low
1167,37,Medium,18,1092.66,0,1,0,0,0,0.0,Low
1168,80,Low,15,169.02,0,1,0,0,0,0.05852406420758241,Low
1169,71,Low,19,786.52,0,3,0,0,0,0.0,Low
1170,74,Low,17,795.44,0,3,0,0,0,0.12102176913292917,Low
1171,58,Low,17,2827.53,0,1,0,0,0,0.0,Low
1172,20,Low,23,672.63,0,2,0,0,0,0.12954625557605548,Low
1173,23,Low,20,2450.91,0,1,0,0,0,0.032230827025147034,Low
1174,22,Low,17,860.9,0,1,0,0,0,0.03226923487457304,Low
1175,22,Medium,22,598.73,0,1,0,0,0,0.036581427440102156,Low
1176,71,Low,19,180.35,0,1,0,0,0,0.0,Low
1177,64,High,25,1080.01,0,1,0,0,1,0.3904340714515604,Medium
1178,66,Low,17,449.46,0,1,0,0,0,0.0,Low
1179,26,Low,12,205.86,0,1,0,0,0,0.04485195567873305,Low
1180,37,Low,21,1321.32,0,1,0,0,0,0.08275450284444455,Low
1181,78,Low,18,1111.17,0,1,0,0,0,0.0,Low
1182,52,Low,17,1181.77,0,2,0,0,0,0.20823556860715933,Medium
1183,67,Low,23,855.21,0,1,0,0,0,0.0,Low
1184,79,Low,23,486.84,0,1,0,0,0,0.0,Low
1185,34,Low,19,353.29,0,3,0,0,0,0.0,Low
1186,20,Medium,20,2249.15,0,1,0,0,0,0.0,Low
1187,49,Low,22,1399.02,0,1,0,0,0,0.06994289724446416,Low
1188,30,Low,22,1657.12,0,1,0,0,0,0.0,Low
1189,31,Low,21,758.67,0,1,0,0,0,0.11004622774022241,Low
1190,28,Medium,20,436.92,0,1,0,0,0,0.0,Low
1191,73,Low,23,397.34,0,2,0,0,0,0.0,Low
1192,84,Low,15,901.75,0,1,0,0,0,0.0,Low
1193,46,Low,29,452.97,0,1,0,1,0,0.32402390009108045,Medium
1194,26,Low,20,150.44,0,1,0,0,0,0.0,Low
1195,84,High,24,1274.48,0,1,0,0,1,0.4396783261714267,Medium
1196,42,Low,15,1656.73,0,2,0,0,0,0.15691431225467228,Low
1197,59,Low,19,548.21,0,2,0,0,0,0.0,Low
1198,26,Low,15,197.58,0,1,0,0,0,0.0,Low
1199,57,Low,22,962.72,0,2,0,1,0,0.16545038229045397,Low
1200,42,High,14,751.53,0,2,0,0,1,0.4285073098591113,Medium
1201,22,Low,12,630.84,0,1,0,0,0,0.12104227451519582,Low
1202,28,Low,23,1164.83,0,3,0,0,0,0.11659420130134045,Low
1203,76,Low,21,926.3,0,2,0,0,0,0.07368990638702226,Low
1204,55,Low,21,1133.07,0,1,0,0,0,0.181485553201892,Low
1205,22,Medium,16,895.06,0,1,0,0,0,0.012399633149569312,Low
1206,65,Low,22,452.03,0,2,0,0,0,0.21069552099588357,Medium
1207,35,Low,17,424.28,0,1,0,0,0,0.1574845276378673,Low
1208,54,Medium,16,856.28,0,2,0,0,0,0.0,Low
1209,77,Low,28,1575.85,0,1,0,0,0,0.11811213828997577,Low
1210,65,Low,22,911.87,0,1,0,0,0,0.0,Low
1211,45,Low,20,498.97,0,1,0,0,0,0.1803301231420561,Low
1212,57,High,27,959.61,0,1,0,0,1,0.38930575054553596,Medium
1213,62,Low,13,988.32,0,1,0,0,0,0.0,Low
1214,79,Low,15,455.93,0,2,1,0,0,0.03787371176156201,Low
1215,75,Low,15,2859.77,0,1,0,0,0,0.0,Low
1216,84,Low,22,1521.03,0,1,0,1,0,0.382307155653554,Medium
1217,73,Low,18,761.39,0,1,0,0,0,0.03641036697794096,Low
1218,57,Low,16,2719.46,0,1,0,0,0,0.0,Low
1219,57,Low,15,1083.82,0,2,0,0,0,0.0,Low
1220,50,Low,19,1020.09,0,2,0,0,0,0.19949125577395468,Low
1221,23,Low,24,2101.41,0,1,0,0,0,0.10482602642059734,Low
1222,36,Medium,17,1528.63,0,1,0,0,0,0.0,Low
1223,57,High,23,1196.83,0,1,0,0,1,0.540175981454065,Medium
1224,76,Low,15,616.2,0,1,0,0,0,0.11901573183883851,Low
1225,76,Low,20,846.76,0,2,0,0,0,0.0,Low
1226,65,Low,24,751.18,0,1,0,0,0,0.0,Low
1227,58,Low,22,506.87,0,1,0,0,0,0.21290848451388014,Medium
1228,30,Medium,14,3474.99,0,1,0,0,0,0.10142727758660768,Low
1229,62,Low,20,1537.65,0,3,0,0,0,0.26587228548601577,Medium
1230,70,Low,19,729.2,0,3,0,0,0,0.08986751860556062,Low
1231,59,Medium,17,1112.75,0,3,0,0,0,0.0,Low
1232,80,Low,19,757.57,0,2,0,0,0,0.0,Low
1233,44,Low,25,442.13,0,2,0,0,0,0.11810469177054526,Low
1234,55,Low,22,147.88,0,2,0,0,0,0.0,Low
1235,77,Low,21,1181.43,0,2,0,0,0,0.009090217529744036,Low
1236,24,Low,23,867.6,0,3,0,0,0,0.3052550705743122,Medium
1237,22,Medium,16,1832.58,0,1,0,1,0,0.1644301239152068,Low
1238,62,Medium,20,552.67,0,1,0,0,0,0.04828979517935263,Low
1239,75,Low,17,1834.58,0,1,0,0,0,0.03906478619166659,Low
1240,48,Medium,17,1976.8,0,1,0,0,0,0.1369700497929238,Low
1241,40,Low,19,1666.23,0,2,0,0,0,0.03910442688423271,Low
1242,59,Medium,14,1481.58,0,2,0,0,0,0.019420410494391267,Low
1243,27,Low,14,805.09,0,1,0,0,0,0.30232418284099855,Medium
1244,49,Medium,28,1812.7,0,1,0,0,0,0.0,Low
1245,70,Medium,24,1618.0,0,3,0,0,0,0.10998037871426136,Low
1246,47,Low,18,936.43,0,1,0,0,0,0.0,Low
1247,56,Medium,18,207.62,0,1,0,0,0,0.00033292077150855686,Low
1248,48,Medium,18,702.08,0,2,0,0,0,0.0,Low
1249,19,Medium,17,1682.14,0,1,0,0,0,0.0,Low
1250,29,Low,28,1070.78,0,1,0,0,0,0.0,Low
1251,56,Medium,15,599.28,0,1,0,0,0,0.0,Low
1252,83,Medium,25,891.18,0,1,0,1,0,0.06972474982447152,Low
1253,30,Low,19,934.43,0,1,0,0,0,0.16296794016554972,Low
1254,63,High,19,428.96,0,1,0,0,1,0.27024262206796035,Medium
1255,44,Low,12,583.93,0,1,1,0,0,0.3942200773121736,Medium
1256,34,Low,16,3306.51,0,1,0,0,0,0.10131003646748751,Low
1257,77,Low,26,49.0,0,2,0,1,0,0.11064833749146051,Low
1258,81,Low,18,883.49,0,1,0,1,0,0.07244004232250406,Low
1259,52,Low,24,1682.07,0,1,0,0,0,0.0,Low
1260,47,Low,20,872.44,0,1,0,0,0,0.0,Low
1261,80,High,18,535.0,0,1,0,0,1,0.25250244203697014,Medium
1262,45,Low,20,661.63,0,1,0,0,0,0.0,Low
1263,77,Low,20,2772.44,0,1,0,0,0,0.04679610888304003,Low
1264,54,Low,18,1366.22,0,3,0,0,0,0.0,Low
1265,39,Low,21,1308.7,0,3,0,0,0,0.0,Low
1266,37,Medium,18,801.78,0,1,0,0,0,0.0,Low
1267,81,Low,31,1029.22,0,1,0,0,0,0.014002786804427236,Low
1268,34,Medium,22,370.77,0,1,0,1,0,0.4826907077996836,Medium
1269,29,Low,21,2879.87,0,1,0,0,0,0.0,Low
1270,39,Low,21,1429.54,0,2,0,0,0,0.0,Low
1271,34,Low,14,878.29,0,1,0,0,0,0.04192583838169525,Low
1272,27,Low,18,976.57,0,2,0,0,0,0.0,Low
1273,82,Low,30,1231.11,0,3,0,0,0,0.055188811446409566,Low
1274,39,Low,22,367.76,0,1,0,0,0,0.0,Low
1275,67,Low,18,689.85,0,1,0,0,0,0.0,Low
1276,31,Medium,20,378.57,0,1,0,0,0,0.0,Low
1277,81,Low,26,1423.29,0,1,0,0,0,0.0,Low
1278,64,Low,26,273.58,0,3,0,1,0,0.015156641368530094,Low
1279,46,Low,26,401.11,0,1,0,0,0,0.04697271681245729,Low
1280,53,Low,21,1549.82,0,1,0,0,0,0.212111369316328,Medium
1281,69,Medium,25,1032.2,0,2,0,0,0,0.04136240484005878,Low
1282,24,Low,18,2571.48,0,1,0,0,0,0.0,Low
1283,46,Low,11,683.74,0,1,0,0,0,0.0,Low
1284,28,High,26,776.01,0,1,0,0,1,0.3580089371777303,Medium
1285,50,Low,19,2217.55,0,1,0,0,0,0.0,Low
1286,23,Low,19,1847.99,0,1,0,0,0,0.0024200473253684434,Low
1287,49,Low,19,1572.25,0,1,1,0,0,0.3715459753878868,Medium
1288,68,Low,22,474.45,0,1,0,0,0,0.0,Low
1289,75,Medium,19,508.16,0,1,0,0,0,0.17211029218628315,Low
1290,43,Medium,20,825.76,0,1,0,0,0,0.0,Low
1291,63,High,22,809.96,0,3,0,0,1,0.4021470731980324,Medium
1292,46,Low,21,481.87,0,1,0,0,0,0.19290464071747446,Low
1293,21,Low,15,660.42,0,1,0,0,0,0.0,Low
1294,30,Medium,17,843.31,0,3,0,0,0,0.0,Low
1295,56,Low,17,1780.29,0,3,0,1,0,0.25842174828280234,Medium
1296,32,Low,20,2114.38,0,2,0,0,0,0.0012702065581576,Low
1297,46,Low,26,1388.81,0,1,0,0,0,0.22287680530153695,Medium
1298,46,Low,19,234.37,0,1,0,0,0,0.0,Low
1299,49,Low,21,1939.28,0,1,0,0,0,0.07284097957016072,Low
1300,19,Medium,19,1393.48,0,2,0,0,0,0.0,Low
1301,64,Medium,25,1612.87,0,1,0,0,0,0.1422201874976057,Low
1302,39,Low,11,506.56,0,1,0,0,0,0.0,Low
1303,44,Low,19,2273.03,0,1,0,0,0,0.0,Low
1304,84,Low,22,755.0,0,1,0,0,0,0.10922189670541925,Low
1305,73,Medium,20,476.57,0,1,0,0,0,0.0,Low
1306,38,Low,25,1477.24,0,2,0,0,0,0.0,Low
1307,64,Low,11,834.08,0,2,0,0,0,0.007471461954697055,Low
1308,76,Low,15,1364.32,0,1,0,0,0,0.0504480255596715,Low
1309,23,Low,15,657.18,0,2,0,0,0,0.0,Low
1310,36,Low,18,344.71,0,1,0,1,0,0.1272907256951899,Low
1311,74,Medium,29,644.06,0,1,0,0,0,0.0742012797317857,Low
1312,20,Low,19,279.67,0,1,0,0,0,0.11163100868734631,Low
1313,18,Low,27,1396.66,0,1,0,0,0,0.02587048982830015,Low
1314,75,Low,12,66.45,0,1,0,0,0,0.0,Low
1315,55,Low,18,1858.5,0,1,0,1,0,0.21408307295116855,Medium
1316,32,Medium,35,301.3,0,3,0,0,0,0.12640345042063977,Low
1317,51,Low,30,1704.21,0,3,0,0,0,0.03023588905682807,Low
1318,78,Medium,15,1280.14,0,1,0,0,0,0.0,Low
1319,52,Low,21,118.34,0,1,0,0,0,0.0,Low
1320,81,Low,23,1003.22,0,1,0,0,0,0.005493958077530436,Low
1321,42,Low,31,263.72,0,1,0,0,0,0.0,Low
1322,41,Low,25,1007.05,0,1,0,0,0,0.11885562361910196,Low
1323,29,Low,21,514.99,0,1,0,0,0,0.0,Low
1324,35,Medium,30,121.15,0,1,0,0,0,0.0,Low
1325,32,Low,21,1234.66,0,1,0,0,0,0.25319006100886643,Medium
1326,44,Low,9,810.97,0,1,0,0,0,0.0,Low
1327,77,Medium,15,873.5,0,2,0,0,0,0.04250970637311353,Low
1328,63,Medium,17,147.5,0,2,0,0,0,0.08980671600226033,Low
1329,34,Low,19,130.57,0,1,0,0,0,0.21776039681535148,Medium
1330,70,High,20,694.53,0,1,0,0,1,0.31106594983067576,Medium
1331,25,Low,22,1671.41,0,3,0,0,0,0.02657439087527924,Low
1332,44,Low,19,1414.21,0,1,0,0,0,0.0,Low
1333,63,Medium,19,1207.37,0,1,0,0,0,0.35974786426215116,Medium
1334,67,Low,15,2034.72,0,1,0,0,0,0.0,Low
1335,20,Low,28,538.36,0,1,0,0,0,0.0,Low
1336,81,Low,17,1259.44,0,1,0,0,0,0.0,Low
1337,61,Medium,25,192.09,0,1,0,0,0,0.0,Low
1338,70,Medium,24,3440.18,0,1,0,0,0,0.0,Low
1339,41,Low,18,461.74,0,2,0,0,0,0.0,Low
1340,77,Low,21,1191.3,0,1,0,0,0,0.0,Low
1341,20,Low,27,2537.83,0,1,0,0,0,0.129368935602489,Low
1342,37,Low,19,639.71,0,1,0,0,0,0.0,Low
1343,63,Low,15,1170.94,0,1,0,0,0,0.0,Low
1344,32,Medium,30,989.3,0,1,0,0,0,0.21477357457283117,Medium
1345,42,Low,25,614.39,0,1,0,0,0,0.29448775579895436,Medium
1346,34,Low,17,511.76,0,1,0,0,0,0.045178599015801964,Low
1347,26,Low,20,294.3,0,1,0,0,0,0.06406249121775594,Low
1348,55,Low,16,760.21,0,2,0,0,0,0.013333596135225272,Low
1349,65,Medium,23,472.58,0,2,0,0,0,0.0,Low
1350,77,Low,15,445.98,0,1,0,0,0,0.0,Low
1351,80,Low,15,1320.49,0,1,0,0,0,0.0,Low
1352,19,Low,15,939.81,0,3,0,0,0,0.0,Low
1353,28,Low,18,1748.42,0,1,0,0,0,0.08632365437177539,Low
1354,81,Low,16,608.92,0,3,0,0,0,0.0,Low
1355,38,Low,16,317.76,0,1,0,0,0,0.0,Low
1356,35,Low,23,1335.26,0,1,0,0,0,0.0066109386247460876,Low
1357,81,Low,18,1384.17,0,1,0,0,0,0.015903456579984418,Low
1358,55,Low,33,1063.47,0,2,0,0,0,0.0,Low
1359,49,Low,16,435.6,0,1,0,0,0,0.06194727913578969,Low
1360,28,High,13,883.43,0,2,0,0,1,0.23316186040882833,Medium
1361,62,Low,21,304.33,0,2,0,0,0,0.04597659797351459,Low
1362,50,Low,18,466.64,0,1,0,0,0,0.0,Low
1363,58,Low,31,1909.35,0,1,0,0,0,0.0,Low
1364,25,Low,22,565.94,0,1,0,0,0,0.0,Low
1365,28,Medium,11,1611.87,0,1,0,0,0,0.02918007485940944,Low
1366,68,Low,13,1109.58,0,2,0,0,0,0.03537456184088672,Low
1367,58,Low,15,2500.95,0,1,0,1,0,0.07239961794213443,Low
1368,34,Low,23,1078.97,0,1,0,0,0,0.0,Low
1369,63,Low,22,1029.92,0,1,0,0,0,0.18090142977905052,Low
1370,49,Medium,21,194.09,0,2,0,0,0,0.010008045260026141,Low
1371,71,Low,29,478.37,0,1,0,0,0,0.0,Low
1372,37,Low,26,692.63,0,3,0,0,0,0.0546101266736748,Low
1373,50,Low,30,3160.56,0,2,0,0,0,0.0,Low
1374,57,Low,18,509.31,0,2,0,0,0,0.16063812239917905,Low
1375,49,Low,29,323.96,0,1,0,0,0,0.08640438878604763,Low
1376,19,Medium,23,233.32,0,1,0,0,0,0.0,Low
1377,50,Low,17,187.62,0,1,0,0,0,0.0,Low
1378,47,Medium,16,3233.95,0,1,0,0,0,0.0,Low
1379,50,Low,15,972.78,0,2,0,0,0,0.1999847437416916,Low
1380,43,Low,27,363.96,0,1,0,0,0,0.06469115272302217,Low
1381,39,Low,20,2073.5,0,1,0,1,0,0.28135820651009424,Medium
1382,83,Medium,21,2722.11,0,1,0,0,0,0.010375589181855929,Low
1383,55,Low,17,379.44,0,1,0,0,0,0.0,Low
1384,63,Low,19,590.44,0,1,0,0,0,0.28186522939741276,Medium
1385,32,Low,21,1857.15,0,1,0,0,0,0.0,Low
1386,61,Low,20,1397.34,0,1,0,0,0,0.03289869301938795,Low
1387,66,Low,18,744.9,0,1,0,0,0,0.309205283571417,Medium
1388,78,Medium,16,1891.75,0,1,0,0,0,0.19905221958394825,Low
1389,84,High,24,186.34,0,1,0,0,1,0.4568943937453968,Medium
1390,23,Low,17,310.53,0,1,0,0,0,0.0,Low
1391,26,Medium,13,455.27,0,2,0,0,0,0.3253197222014712,Medium
1392,23,Low,13,408.95,0,2,0,0,0,0.0,Low
1393,49,Low,20,83.9,0,1,0,0,0,0.012585978193650186,Low
1394,58,Low,25,621.04,0,1,0,0,0,0.15477220292749364,Low
1395,25,Low,12,1260.99,0,1,0,0,0,0.0,Low
1396,67,High,21,1536.3,0,2,0,0,1,0.4319024894580574,Medium
1397,79,Low,18,1453.3,0,2,0,0,0,0.009672610360662737,Low
1398,79,Low,21,1773.5,0,1,0,0,0,0.0,Low
1399,24,Low,20,1159.2,0,3,0,1,0,0.25269912576055015,Medium
1400,21,Low,22,536.09,0,1,0,0,0,0.0,Low
1401,23,Low,22,141.11,0,1,0,0,0,0.0,Low
1402,75,High,17,137.04,0,3,0,0,1,0.48112478865424313,Medium
1403,39,Medium,25,924.75,0,1,0,0,0,0.18775825843231597,Low
1404,43,Medium,19,384.62,0,1,0,0,0,0.0,Low
1405,20,Low,19,889.62,0,2,0,0,0,0.0,Low
1406,58,Low,13,280.98,0,1,0,0,0,0.0007253623972885873,Low
1407,77,Low,10,2017.14,0,2,0,0,0,0.0008889442047727487,Low
1408,31,Low,25,639.83,0,1,0,0,0,0.0,Low
1409,29,Low,16,682.34,0,1,0,1,0,0.13640250036654042,Low
1410,29,Medium,16,733.26,0,1,0,0,0,0.2692850608873564,Medium
1411,30,Low,14,1864.72,0,1,0,0,0,0.2096164360663021,Medium
1412,42,Low,23,317.03,0,2,0,0,0,0.2556445825979371,Medium
1413,62,Low,18,747.93,0,2,0,0,0,0.09264177839594477,Low
1414,36,Low,21,869.1,0,1,0,0,0,0.0,Low
1415,72,Low,23,419.26,0,1,0,1,0,0.23846025015305344,Medium
1416,62,Medium,18,1283.31,0,2,0,0,0,0.08976146556571837,Low
1417,25,Low,16,1722.5,0,2,0,0,0,0.0,Low
1418,70,Medium,13,138.48,0,2,0,0,0,0.0,Low
1419,72,Low,8,1380.43,0,1,0,0,0,0.13581897115486904,Low
1420,49,Low,23,108.57,0,1,0,0,0,0.0,Low
1421,68,Low,22,420.2,0,2,0,0,0,0.09395925745404424,Low
1422,61,Medium,15,528.14,0,2,0,0,0,0.0,Low
1423,35,Medium,15,541.29,0,1,0,0,0,0.0,Low
1424,39,Low,23,1930.42,0,1,0,0,0,0.05818988897384193,Low
1425,54,Low,20,572.16,0,1,0,0,0,0.09465563597734929,Low
1426,73,Low,19,571.56,0,2,0,0,0,0.11228410459843445,Low
1427,76,Low,24,244.16,0,2,0,0,0,0.0,Low
1428,20,Medium,22,1040.62,0,2,0,0,0,0.028926123336065312,Low
1429,45,Low,26,703.2,0,1,0,0,0,0.058453227335180054,Low
1430,52,Low,17,1188.64,0,1,0,0,0,0.04795221403029624,Low
1431,78,Low,20,239.5,0,2,1,0,0,0.3856770826656022,Medium
1432,71,Low,21,2539.13,0,1,0,0,0,0.0,Low
1433,80,Low,18,1449.53,0,1,0,0,0,0.2794865494529752,Medium
1434,24,Low,18,860.47,0,1,0,0,0,0.0,Low
1435,66,Low,20,1655.79,0,3,0,0,0,0.0,Low
1436,48,Low,20,2583.37,0,1,0,0,0,0.0,Low
1437,75,Low,21,1057.25,0,1,0,0,0,0.034762960373688895,Low
1438,78,Medium,20,720.88,0,1,0,0,0,0.0,Low
1439,41,Low,28,561.23,0,1,0,0,0,0.0,Low
1440,37,Low,17,651.73,0,1,0,0,0,0.0,Low
1441,54,Low,15,950.99,0,1,0,0,0,0.0,Low
1442,21,Low,20,694.47,0,2,0,0,0,0.023673868013140167,Low
1443,37,Low,15,1360.44,0,1,0,0,0,0.0854238491519382,Low
1444,77,Low,26,2148.3,0,1,0,0,0,0.0,Low
1445,41,Low,22,288.14,0,2,0,0,0,0.04289791497486379,Low
1446,67,High,21,286.66,0,1,0,0,1,0.1471100430515307,Low
1447,66,Low,22,577.84,0,1,0,1,0,0.2233882163496427,Medium
1448,68,Low,20,139.98,0,1,0,0,0,0.1885593878744649,Low
1449,53,Low,18,2420.31,0,2,0,0,0,0.0695714269314747,Low
1450,83,Low,15,1778.57,0,2,0,0,0,0.0,Low
1451,51,Low,20,714.54,0,1,0,0,0,0.02535740448995836,Low
1452,53,Medium,19,767.59,0,1,0,0,0,0.2047290578759168,Medium
1453,23,Low,26,1077.33,0,2,0,0,0,0.08542935600233088,Low
1454,56,Low,18,425.86,0,1,0,0,0,0.08951477376999178,Low
1455,59,Low,25,632.35,0,2,0,0,0,0.0,Low
1456,75,Low,17,453.03,0,1,0,0,0,0.0,Low
1457,29,Low,21,871.63,0,1,0,0,0,0.0,Low
1458,20,Low,20,889.71,0,1,0,0,0,0.27103621346649814,Medium
1459,35,Low,19,750.73,0,1,0,0,0,0.0,Low
1460,57,Low,27,1664.54,0,1,1,0,0,0.3389449575723385,Medium
1461,38,Low,26,758.76,0,1,0,0,0,0.10098084717546375,Low
1462,32,High,26,795.93,0,1,0,0,1,0.5112659457145868,Medium
1463,43,Low,16,200.2,0,1,0,0,0,0.0,Low
1464,25,Medium,18,1331.05,0,1,0,0,0,0.0,Low
1465,59,Medium,17,937.42,0,1,0,0,0,0.2891387089891052,Medium
1466,61,Low,15,1433.16,0,2,0,0,0,0.0,Low
1467,31,Low,25,392.53,0,3,0,0,0,0.0,Low
1468,19,Low,25,306.87,0,1,0,0,0,0.1393736585853385,Low
1469,54,Low,19,686.73,0,1,0,0,0,0.019257165029595406,Low
1470,55,Low,22,114.12,0,1,0,0,0,0.0,Low
1471,58,Medium,12,2511.93,0,1,0,0,0,0.14692511012892076,Low
1472,79,Medium,23,668.66,0,1,0,1,0,0.14034409429757855,Low
1473,77,Low,19,51.18,0,1,0,0,0,0.0,Low
1474,31,Low,21,544.75,0,2,1,0,0,0.6990338759847521,High
1475,19,Low,22,726.29,0,1,0,1,0,0.16480268425546507,Low
1476,34,Medium,11,2159.96,0,1,0,0,0,0.010101056524031213,Low
1477,45,Low,11,864.12,0,2,0,0,0,0.1369799422363621,Low
1478,83,Low,21,217.11,0,1,0,0,0,0.0,Low
1479,52,Low,10,1087.8,0,1,0,0,0,0.0837492593016149,Low
1480,22,Low,18,854.01,0,1,0,0,0,0.13860509688478828,Low
1481,82,Medium,17,704.9,0,3,0,0,0,0.1989775346748108,Low
1482,57,Low,14,617.34,0,1,0,0,0,0.09891397181666864,Low
1483,73,Low,8,1587.17,0,1,0,0,0,0.0,Low
1484,53,Medium,28,834.57,0,2,0,0,0,0.06544009523541544,Low
1485,62,Low,26,794.61,0,1,0,0,0,0.0,Low
1486,40,Low,28,1846.96,0,2,0,0,0,0.18450467168759727,Low
1487,64,Low,25,1462.99,0,1,0,1,0,0.36112475600053284,Medium
1488,48,Low,18,1090.98,0,3,0,0,0,0.03370781168338828,Low
1489,28,Low,17,463.45,0,2,0,0,0,0.027606986807804986,Low
1490,27,Low,17,650.95,0,1,0,0,0,0.0,Low
1491,84,Low,18,773.38,0,1,0,0,0,0.0,Low
1492,31,Low,25,244.99,0,3,0,0,0,0.14517432160065652,Low
1493,27,Medium,18,553.16,0,1,0,0,0,0.0,Low
1494,18,Medium,27,857.87,0,1,0,0,0,0.32877033093224156,Medium
1495,22,Low,18,1262.25,0,2,0,0,0,0.02595974419533909,Low
1496,37,Low,25,1224.78,0,1,0,0,0,0.1862290600263271,Low
1497,25,Low,24,159.01,0,1,0,0,0,0.0,Low
1498,60,Low,27,619.42,0,1,0,0,0,0.0,Low
1499,18,Medium,19,416.31,0,1,0,0,0,0.13745936772411635,Low
1500,74,Low,35,126.29,0,1,1,0,0,0.3484044844292229,Medium
1501,81,Low,18,744.44,0,1,0,0,0,0.004265287593050415,Low
1502,45,Low,22,547.33,0,2,0,0,0,0.15894535861903056,Low
1503,54,Low,20,836.05,0,1,0,0,0,0.31805145614559055,Medium
1504,64,Low,16,1233.07,0,1,0,0,0,0.0,Low
1505,54,Low,15,1083.34,0,2,0,1,0,0.35013404770327794,Medium
1506,66,High,16,2749.31,0,1,0,0,1,0.3336476357422983,Medium
1507,61,Medium,20,934.96,0,1,0,0,0,0.128223799465662,Low
1508,73,Low,13,2104.34,0,2,0,0,0,0.0,Low
1509,45,Low,19,321.36,0,1,0,1,0,0.27940625330656754,Medium
1510,23,Medium,23,1071.21,0,1,0,0,0,0.09303997785680548,Low
1511,78,Low,22,458.31,0,1,0,0,0,0.0,Low
1512,37,Low,20,678.67,0,1,0,0,0,0.0,Low
1513,19,Low,16,1487.65,0,2,0,0,0,0.0,Low
1514,54,Medium,26,673.59,0,1,0,0,0,0.0,Low
1515,37,Low,17,1684.84,0,1,0,0,0,0.06805981056071433,Low
1516,43,Low,23,470.69,0,2,0,0,0,0.22091541433228726,Medium
1517,46,Medium,28,310.17,0,1,0,0,0,0.0,Low
1518,18,Medium,18,978.59,0,1,0,0,0,0.09872757611677571,Low
1519,52,Medium,16,1011.55,0,1,0,0,0,0.051462756174282843,Low
1520,76,Low,15,639.86,0,1,0,0,0,0.0,Low
1521,50,Low,21,1299.15,0,1,0,0,0,0.3061350602023724,Medium
1522,68,Low,18,103.33,0,1,0,0,0,0.17258179520539918,Low
1523,29,Medium,23,356.62,0,1,0,0,0,0.18578199150424243,Low
1524,37,Low,10,1131.37,0,1,0,0,0,0.006076462149720119,Low
1525,70,Low,19,695.43,0,1,0,0,0,0.0,Low
1526,60,Medium,16,488.85,0,3,0,0,0,0.025685996194284674,Low
1527,67,Low,19,923.59,0,1,0,0,0,0.0,Low
1528,46,Low,21,1598.65,0,1,0,0,0,0.15327823243590974,Low
1529,74,Low,25,1075.21,0,1,0,0,0,0.0,Low
1530,56,Low,21,1422.33,0,1,0,0,0,0.2001532906818127,Medium
1531,73,Low,27,1115.56,0,1,0,0,0,0.0,Low
1532,60,Low,18,1886.58,0,3,0,1,0,0.30586906176636885,Medium
1533,67,Low,19,551.31,0,2,0,0,0,0.0,Low
1534,40,Low,18,1670.22,0,1,0,1,0,0.19427188105759596,Low
1535,61,Low,25,172.06,0,1,0,0,0,0.0,Low
1536,55,Low,20,281.11,0,1,0,1,0,0.21091448551202197,Medium
1537,40,Medium,16,1278.97,0,1,0,0,0,0.0,Low
1538,62,Low,21,265.21,0,1,0,0,0,0.08324401893808825,Low
1539,69,Low,26,640.67,0,1,0,0,0,0.10447219647621503,Low
1540,67,Medium,18,1867.39,0,1,0,0,0,0.0,Low
1541,25,Low,25,316.77,0,1,0,0,0,0.0,Low
1542,18,High,24,1510.64,0,1,0,0,1,0.46076128904536456,Medium
1543,25,Medium,15,615.03,0,3,0,0,0,0.1425793887239068,Low
1544,46,Low,13,291.24,0,3,0,0,0,0.0,Low
1545,22,High,11,828.92,0,1,0,0,1,0.3355771947460523,Medium
1546,64,Low,21,1783.87,0,1,0,0,0,0.0,Low
1547,51,Low,19,257.01,0,1,0,0,0,0.03267537019811605,Low
1548,82,Low,16,242.98,0,2,0,0,0,0.1589999013051807,Low
1549,72,Low,14,1249.9,0,3,0,0,0,0.2144982492844469,Medium
1550,60,Medium,28,528.71,0,2,0,0,0,0.035596871488329164,Low
1551,47,Low,20,2771.34,0,1,0,0,0,0.0,Low
1552,34,Low,17,1012.23,0,1,0,0,0,0.0,Low
1553,43,Low,15,1594.05,0,1,0,0,0,0.17557738913275078,Low
1554,25,Low,16,986.91,0,1,0,0,0,0.12331682466392264,Low
1555,64,Low,17,263.43,0,1,0,0,0,0.0,Low
1556,63,Low,29,382.19,0,1,0,0,0,0.2964987199751108,Medium
1557,50,Medium,16,430.28,0,2,0,0,0,0.0,Low
1558,18,Low,19,1163.62,0,2,0,0,0,0.0,Low
1559,36,Medium,21,806.72,0,1,0,0,0,0.07546225977255691,Low
1560,48,Low,15,136.33,0,3,0,0,0,0.0,Low
1561,31,Medium,20,1324.51,0,1,0,0,0,0.0,Low
1562,70,Low,18,3115.52,0,3,0,0,0,0.0020295987675064465,Low
1563,65,Low,16,311.87,0,3,0,0,0,0.15381163899463704,Low
1564,79,Low,21,357.14,0,1,0,0,0,0.28845687267313047,Medium
1565,83,Medium,18,474.61,0,1,0,0,0,0.04552503903380496,Low
1566,81,Low,20,735.19,0,1,0,0,0,0.0,Low
1567,80,High,13,335.04,0,2,0,0,1,0.4157718958697949,Medium
1568,50,Low,20,1851.36,0,1,0,0,0,0.2961681916318083,Medium
1569,58,Low,25,2329.22,0,3,0,0,0,0.12182328464397774,Low
1570,65,Low,19,889.28,0,1,0,0,0,0.20092965064240123,Medium
1571,30,High,20,773.64,0,1,0,0,1,0.5245960933931805,Medium
1572,48,Low,15,156.1,0,3,0,0,0,0.14109888505473864,Low
1573,21,Medium,14,285.45,0,1,0,0,0,0.007025789469401931,Low
1574,36,Medium,22,84.42,0,1,0,0,0,0.21612112168350672,Medium
1575,30,Low,24,494.24,0,1,0,0,0,0.0,Low
1576,40,Low,21,572.84,0,1,0,0,0,0.08535537456125558,Low
1577,18,Low,20,1238.24,0,1,0,0,0,0.07179799409662914,Low
1578,71,Low,22,896.35,0,1,0,0,0,0.0,Low
1579,32,Medium,22,408.29,0,1,0,0,0,0.05171086118485687,Low
1580,82,Low,23,1285.91,0,2,0,1,0,0.2891993336927431,Medium
1581,32,Low,20,3450.83,0,1,0,0,0,0.0,Low
1582,38,Medium,19,1332.89,0,2,0,0,0,0.05471082220568836,Low
1583,36,Low,18,533.85,0,1,0,0,0,0.19497336665071682,Low
1584,77,Low,16,969.32,0,1,0,0,0,0.2524367285092569,Medium
1585,50,Low,24,326.38,0,1,0,0,0,0.0942638137200099,Low
1586,66,Low,21,294.68,0,1,0,0,0,0.0,Low
1587,52,Low,20,2448.26,0,1,0,0,0,0.14659081524496106,Low
1588,61,Medium,19,980.94,0,1,0,0,0,0.0,Low
1589,28,Low,15,1631.12,0,3,0,0,0,0.11944225645765195,Low
1590,83,Low,13,655.03,0,1,0,0,0,0.0,Low
1591,63,Low,18,292.75,0,1,0,0,0,0.17879319798509102,Low
1592,26,Low,19,241.67,0,1,0,0,0,0.0,Low
1593,20,Low,25,373.9,0,2,0,0,0,0.259525808365746,Medium
1594,43,Medium,24,1078.39,0,1,0,0,0,0.18384347154296296,Low
1595,65,Low,17,194.43,0,2,0,0,0,0.056916523530959225,Low
1596,83,Low,20,833.07,0,1,0,0,0,0.04462076202686752,Low
1597,45,Low,24,1182.41,0,1,0,0,0,0.2575441292669136,Medium
1598,43,Low,22,282.59,0,1,1,0,0,0.6251779525885011,High
1599,42,Low,30,3438.24,0,2,0,1,0,0.15089868596602152,Low
1600,29,Low,16,1496.72,0,1,0,0,0,0.0,Low
1601,22,Low,29,732.58,0,1,0,0,0,0.19833123232533936,Low
1602,65,Low,23,432.42,0,1,0,0,0,0.0,Low
1603,54,Low,20,1007.1,0,1,0,0,0,0.0,Low
1604,61,Low,21,983.28,0,1,0,0,0,0.0,Low
1605,32,High,19,847.11,0,1,0,0,1,0.45218468935993733,Medium
1606,60,Low,24,1034.7,0,1,1,0,0,0.14032959698556077,Low
1607,65,Low,15,343.66,0,3,0,0,0,0.0,Low
1608,63,Low,21,1328.31,0,1,0,0,0,0.0,Low
1609,60,Low,17,225.17,0,1,0,0,0,0.21188599175151115,Medium
1610,38,Low,19,93.99,0,1,0,0,0,0.0,Low
1611,40,Low,16,1226.38,0,2,0,0,0,0.17372550296648498,Low
1612,64,Low,15,1058.14,0,1,1,0,0,0.32332534002435614,Medium
1613,32,Low,18,791.88,0,1,0,0,0,0.24016547926139625,Medium
1614,42,Low,23,474.81,0,1,0,0,0,0.0,Low
1615,53,Low,27,549.86,0,1,0,0,0,0.07084061177368506,Low
1616,68,Low,15,332.84,0,1,0,0,0,0.04168041989899668,Low
1617,32,Low,17,971.07,0,1,0,0,0,0.0,Low
1618,38,Low,22,74.7,0,1,0,0,0,0.12878614086033463,Low
1619,30,Low,13,128.14,0,2,0,0,0,0.11222892984522996,Low
1620,36,Low,23,347.61,0,2,0,1,0,0.2437698095966056,Medium
1621,51,Low,12,885.83,0,1,0,0,0,0.0,Low
1622,69,Medium,16,744.11,0,1,0,0,0,0.0,Low
1623,44,Low,15,1945.37,0,3,0,0,0,0.0,Low
1624,46,Low,18,642.74,0,2,0,0,0,0.04456271564865685,Low
1625,45,Low,15,1403.94,0,1,0,0,0,0.0032197002900096285,Low
1626,52,High,24,852.6,0,1,0,0,1,0.2969346577538994,Medium
1627,25,Low,13,91.29,0,3,0,0,0,0.0,Low
1628,33,Low,24,292.79,0,1,0,0,0,0.11298946465170026,Low
1629,53,Low,21,332.88,0,2,0,0,0,0.0,Low
1630,47,Low,19,409.76,0,1,0,0,0,0.0,Low
1631,35,Low,24,590.38,0,1,0,0,0,0.03287805023224597,Low
1632,19,Low,18,1658.97,0,1,0,0,0,0.0,Low
1633,66,Medium,17,681.43,0,1,0,0,0,0.12278737309429327,Low
1634,21,High,23,455.88,0,1,0,0,1,0.2958168959986329,Medium
1635,24,Low,23,1469.84,0,2,0,0,0,0.0,Low
1636,56,Low,16,1462.28,0,1,0,0,0,0.050491555026948756,Low
1637,30,Medium,22,55.6,0,2,0,0,0,0.0,Low
1638,48,Low,27,738.69,0,1,0,0,0,0.0,Low
1639,80,Low,27,1806.23,0,1,0,0,0,0.0,Low
1640,73,Low,32,650.76,0,1,0,0,0,0.0,Low
1641,59,Low,24,306.11,0,3,0,0,0,0.0,Low
1642,78,Low,19,1394.84,0,1,0,0,0,0.00681127019729962,Low
1643,59,Low,17,265.57,0,1,0,0,0,0.03479183854351538,Low
1644,73,Low,24,861.93,0,3,0,0,0,0.10097129987423169,Low
1645,53,Low,17,645.16,0,1,0,0,0,0.08305940322225994,Low
1646,24,Low,21,155.49,0,2,0,0,0,0.18516833073967273,Low
1647,71,Low,17,1602.31,0,2,0,0,0,0.15214178381206822,Low
1648,18,Medium,22,1028.25,0,1,0,0,0,0.21526202451263993,Medium
1649,61,Low,15,1995.28,0,1,0,0,0,0.19063358805466712,Low
1650,62,Low,21,740.72,0,3,0,0,0,0.0,Low
1651,64,Medium,20,327.94,0,1,0,0,0,0.0,Low
1652,30,Medium,19,170.99,0,1,0,0,0,0.0,Low
1653,39,Low,19,1482.62,0,1,0,0,0,0.18335237559388537,Low
1654,38,Low,19,299.01,0,1,0,0,0,0.0,Low
1655,26,Low,14,3426.07,0,2,0,0,0,0.12525995339162083,Low
1656,43,Medium,17,2517.08,0,3,0,0,0,0.0,Low
1657,26,High,19,798.07,0,3,0,0,1,0.09520669096806494,Low
1658,32,Medium,23,607.74,0,3,0,0,0,0.2046396825023721,Medium
1659,27,Low,20,406.72,0,1,0,0,0,0.08650306079018055,Low
1660,59,Low,14,451.8,0,2,0,0,0,0.1903674062632366,Low
1661,41,Low,17,3023.31,0,1,0,0,0,0.0,Low
1662,66,Low,20,533.16,0,1,0,1,0,0.2383934091237864,Medium
1663,43,Low,17,1082.4,0,2,0,0,0,0.0,Low
1664,54,Low,17,1142.13,0,1,0,0,0,0.1473258544196316,Low
1665,67,Low,23,1541.54,0,3,0,0,0,0.01765598160259544,Low
1666,41,Low,24,1017.43,0,1,0,0,0,0.0,Low
1667,36,Low,22,747.14,0,2,0,0,0,0.14475432955176154,Low
1668,77,Low,24,372.46,0,1,1,0,0,0.2997745237637308,Medium
1669,56,Low,19,1120.82,0,1,0,0,0,0.0,Low
1670,35,Low,20,955.21,0,1,0,0,0,0.0,Low
1671,36,Medium,20,524.61,0,1,0,0,0,0.21607780494640733,Medium
1672,53,Low,22,1052.31,0,1,0,0,0,0.030654757867514454,Low
1673,72,High,22,698.59,0,3,1,0,1,0.7929661370103716,High
1674,64,Low,16,955.4,0,1,0,0,0,0.0,Low
1675,66,Low,21,1280.89,0,1,0,0,0,0.22226201198502268,Medium
1676,50,Low,21,854.95,0,1,0,0,0,0.037678905347008254,Low
1677,38,Low,32,1367.42,0,1,0,0,0,0.2704682964414189,Medium
1678,39,Medium,16,843.28,0,1,0,0,0,0.16237712787100297,Low
1679,65,Low,22,1540.67,0,1,0,0,0,0.0,Low
1680,54,Medium,20,584.07,0,1,0,0,0,0.1281673765870377,Low
1681,32,Low,28,308.4,0,2,0,0,0,0.14866470290797912,Low
1682,52,Medium,26,921.35,0,1,0,0,0,0.10542050527384121,Low
1683,49,Low,25,2289.14,0,1,0,0,0,0.04128018548073614,Low
1684,28,Medium,21,1435.23,0,1,0,0,0,0.0,Low
1685,27,Low,20,2270.84,0,1,0,0,0,0.004426513856504476,Low
1686,74,Low,24,520.89,0,2,0,0,0,0.21908959465281164,Medium
1687,42,Low,28,744.29,0,1,0,1,0,0.42980393781471526,Medium
1688,19,Medium,15,324.62,0,1,0,0,0,0.0,Low
1689,81,Low,16,242.43,0,1,0,0,0,0.0,Low
1690,52,Low,21,2062.47,0,3,0,0,0,0.19841628726376698,Low
1691,24,Medium,8,1924.19,0,1,0,0,0,0.14660038504873465,Low
1692,35,Low,25,1199.37,0,1,0,0,0,0.038984835156346515,Low
1693,84,Low,18,527.1,0,1,0,0,0,0.0,Low
1694,59,Low,22,1305.48,0,1,0,0,0,0.0,Low
1695,56,Low,22,1815.94,0,1,0,0,0,0.12036196949599515,Low
1696,58,Medium,19,2462.01,0,3,0,0,0,0.0,Low
1697,41,Medium,15,189.54,0,1,0,0,0,0.0,Low
1698,77,Low,13,593.45,0,2,0,0,0,0.07072013713640127,Low
1699,63,High,12,546.71,0,1,0,0,1,0.3255417209177789,Medium
1700,36,Low,20,668.55,0,1,0,0,0,0.0,Low
1701,59,Low,12,1137.47,0,3,0,0,0,0.0,Low
1702,49,Low,22,99.24,0,1,0,0,0,0.1063794508640794,Low
1703,56,Low,17,516.67,0,1,0,0,0,0.0,Low
1704,53,Low,28,560.64,0,3,1,0,0,0.07909175047403835,Low
1705,53,Medium,24,837.14,0,3,0,0,0,0.0,Low
1706,20,Medium,24,919.41,0,2,0,1,0,0.4160244926517941,Medium
1707,25,Low,16,659.81,0,2,0,0,0,0.0,Low
1708,58,Low,24,2807.38,0,1,0,0,0,0.0737892393681703,Low
1709,30,Low,21,709.1,0,1,0,1,0,0.1536731664756461,Low
1710,66,Medium,14,1129.54,0,2,0,0,0,0.0,Low
1711,77,Medium,17,1276.27,0,3,0,1,0,0.40613248125381163,Medium
1712,19,Low,31,358.92,0,1,0,0,0,0.018983052912781337,Low
1713,77,Medium,14,377.17,0,1,0,0,0,0.2500744551211674,Medium
1714,22,Low,12,1292.57,0,1,0,0,0,0.29084574956606996,Medium
1715,61,Low,15,1940.44,0,1,0,0,0,0.23762728423048657,Medium
1716,44,Low,26,2451.72,0,1,0,0,0,0.0,Low
1717,49,Low,27,368.68,0,2,0,0,0,0.02640205410721842,Low
1718,38,Low,19,1597.68,0,1,0,0,0,0.2224343743308647,Medium
1719,25,Low,12,788.14,0,1,0,0,0,0.11944389246641156,Low
1720,67,Low,22,1920.69,0,1,0,0,0,0.1746038268190281,Low
1721,84,Low,18,1041.19,0,1,0,0,0,0.1874986441054004,Low
1722,61,Low,16,1206.44,0,1,0,0,0,0.19552577118697392,Low
1723,75,Low,17,2154.41,0,1,0,0,0,0.0,Low
1724,20,Low,29,2304.04,0,1,0,0,0,0.0,Low
1725,19,High,32,887.16,0,1,0,0,1,0.3037911143057636,Medium
1726,61,Low,25,165.86,0,1,0,0,0,0.0,Low
1727,19,Low,18,437.0,0,1,0,0,0,0.03248678363337697,Low
1728,52,Low,21,3079.1,0,3,0,0,0,0.016185100776562253,Low
1729,47,Medium,22,1250.31,0,2,0,0,0,0.0,Low
1730,25,High,11,370.42,0,2,0,0,1,0.21063180132098047,Medium
1731,39,Low,19,496.27,0,1,0,0,0,0.0,Low
1732,61,Low,26,1723.1,0,1,0,0,0,0.27478132282828954,Medium
1733,75,Medium,21,2761.82,0,1,0,0,0,0.18634649414699325,Low
1734,53,Low,17,825.72,0,2,0,0,0,0.05160639247619066,Low
1735,48,Low,20,1923.92,0,1,0,0,0,0.0,Low
1736,64,Low,22,1580.17,0,2,0,0,0,0.0,Low
1737,72,Low,15,1051.11,0,1,0,0,0,0.075267068817054,Low
1738,79,Low,12,1366.73,0,1,0,0,0,0.12714708633817157,Low
1739,47,Low,27,1018.12,0,1,0,1,0,0.15352071357852107,Low
1740,72,Low,22,1970.46,0,2,0,0,0,0.0834783304151269,Low
1741,33,Medium,22,1421.37,0,1,0,0,0,0.0,Low
1742,29,Low,16,190.03,0,1,0,0,0,0.17043111526245078,Low
1743,34,Medium,20,702.9,0,3,0,0,0,0.0,Low
1744,33,Low,20,366.09,0,1,0,0,0,0.0,Low
1745,29,Low,32,900.62,0,1,0,0,0,0.0,Low
1746,25,Low,24,671.96,0,1,0,0,0,0.1133761271812259,Low
1747,20,Medium,21,484.68,0,1,0,0,0,0.06245084720928782,Low
1748,33,Medium,18,268.24,0,1,0,0,0,0.0,Low
1749,47,Low,14,86.88,0,2,0,0,0,0.058214248908240854,Low
1750,40,Medium,21,1948.11,0,1,0,0,0,0.028028369667279243,Low
1751,22,Low,18,1945.85,0,2,0,0,0,0.1445358155187642,Low
1752,82,High,34,257.25,0,1,0,0,1,0.3865257456074206,Medium
1753,47,Low,15,1037.34,0,1,0,0,0,0.0,Low
1754,38,Medium,23,140.91,0,3,0,0,0,0.0,Low
1755,39,Low,31,413.38,0,1,0,0,0,0.2751447672310646,Medium
1756,49,Low,23,636.11,0,2,0,0,0,0.0,Low
1757,50,Low,23,456.37,0,2,0,0,0,0.15499532467137564,Low
1758,33,Low,17,1247.15,0,1,0,0,0,0.0,Low
1759,55,Low,24,33.25,0,1,0,1,0,0.2593925078853361,Medium
1760,31,Low,21,400.57,0,1,0,0,0,0.0,Low
1761,53,Low,25,1506.88,0,3,0,0,0,0.01052854408796738,Low
1762,40,Low,25,126.93,0,1,0,0,0,0.0,Low
1763,83,Low,15,442.73,0,1,0,0,0,0.0,Low
1764,19,Low,17,1650.71,0,1,0,0,0,0.0,Low
1765,82,High,18,2963.48,0,1,0,0,1,0.36792514065008725,Medium
1766,84,Low,22,1947.68,0,1,0,0,0,0.0,Low
1767,69,Low,22,621.78,0,1,0,0,0,0.0,Low
1768,79,Low,22,2949.14,0,3,0,0,0,0.01404434569903499,Low
1769,40,Low,23,1538.18,0,1,0,0,0,0.0,Low
1770,43,Low,22,264.17,0,1,0,0,0,0.0,Low
1771,72,Low,19,149.51,0,1,0,0,0,0.26799937743278407,Medium
1772,23,Low,23,1449.26,0,2,0,0,0,0.23568493325348522,Medium
1773,52,High,17,720.72,0,1,0,0,1,0.27512774119528133,Medium
1774,39,Low,23,254.05,0,1,0,0,0,0.04936190468791597,Low
1775,60,Low,18,691.42,0,1,0,0,0,0.0,Low
1776,32,Low,20,1738.91,0,1,0,0,0,0.0,Low
1777,77,Low,20,461.17,0,1,0,0,0,0.0,Low
1778,29,Medium,22,449.55,0,1,0,0,0,0.2293118240909098,Medium
1779,66,Low,14,684.32,0,1,0,0,0,0.08318510224689821,Low
1780,59,Low,19,762.41,0,1,0,0,0,0.11136201828810956,Low
1781,55,Low,26,585.07,0,2,0,0,0,0.07985208029916811,Low
1782,62,Low,26,1259.84,0,1,0,0,0,0.0,Low
1783,52,Low,13,1362.06,0,3,0,0,0,0.0,Low
1784,47,Medium,23,742.86,0,1,0,0,0,0.0,Low
1785,47,Medium,20,435.6,0,2,0,0,0,0.21985257565447952,Medium
1786,23,Medium,17,517.8,0,1,0,0,0,0.003459783162307835,Low
1787,84,Medium,15,2076.7,0,1,0,0,0,0.2911644468633826,Medium
1788,24,Low,24,2917.57,0,2,0,0,0,0.0,Low
1789,69,Low,22,211.76,0,1,0,0,0,0.0,Low
1790,31,Medium,28,276.82,0,1,0,0,0,0.0,Low
1791,32,Medium,17,508.12,0,2,1,0,0,0.27601222519451707,Medium
1792,38,Medium,12,2111.56,0,2,0,0,0,0.2083185773538074,Medium
1793,52,Low,13,583.74,0,1,0,0,0,0.0,Low
1794,83,Low,26,1255.73,0,1,0,0,0,0.0,Low
1795,19,Medium,21,691.02,0,1,0,0,0,0.001955819349642415,Low
1796,52,Low,17,518.77,0,3,0,0,0,0.18326978955966075,Low
1797,37,High,19,656.54,0,1,0,0,1,0.39933190278149533,Medium
1798,27,Low,20,255.72,0,2,0,0,0,0.03025875320323272,Low
1799,42,Low,13,1367.92,0,1,0,0,0,0.0,Low
1800,83,Low,15,429.37,0,1,0,0,0,0.0,Low
1801,42,Medium,23,473.96,0,1,0,0,0,0.36002851818110004,Medium
1802,71,Low,20,380.49,0,1,0,0,0,0.19704465693566073,Low
1803,50,Low,25,2322.45,0,1,0,0,0,0.2810866435920697,Medium
1804,53,High,19,547.79,0,1,0,0,1,0.8327081270337774,High
1805,31,Low,28,949.93,0,1,0,0,0,0.19296680875060734,Low
1806,82,Medium,17,77.36,0,1,0,0,0,0.0,Low
1807,71,Low,18,29.55,0,1,0,0,0,0.13244322147807394,Low
1808,69,Medium,12,263.12,0,1,0,0,0,0.2866801899849284,Medium
1809,20,Low,16,1650.04,0,2,0,0,0,0.08006112970224052,Low
1810,58,Medium,19,903.31,0,1,0,0,0,0.0,Low
1811,23,Medium,20,2485.69,0,1,0,0,0,0.20605814434262001,Medium
1812,42,Low,20,1829.0,0,3,0,0,0,0.0,Low
1813,30,Low,13,388.97,0,1,0,1,0,0.22121800956421125,Medium
1814,25,Low,16,693.14,0,3,0,0,0,0.11382793123068713,Low
1815,38,Low,29,2034.72,0,1,0,0,0,0.0,Low
1816,42,Medium,20,637.86,0,1,0,0,0,0.09382536375694879,Low
1817,62,Low,25,1331.76,0,1,0,0,0,0.0978763733049781,Low
1818,77,Low,24,216.12,0,1,0,0,0,0.08400879709862774,Low
1819,29,Low,20,1036.83,0,1,0,0,0,0.0,Low
1820,49,Medium,15,786.1,0,1,0,0,0,0.0,Low
1821,30,High,19,393.47,0,2,0,1,1,0.5826923266420726,Medium
1822,48,Low,20,713.59,0,1,0,0,0,0.0,Low
1823,37,Low,23,1020.99,0,1,0,0,0,0.20642640594034847,Medium
1824,35,Low,30,1607.42,0,1,0,0,0,0.08117272703258394,Low
1825,77,Low,27,2358.26,0,2,0,0,0,0.025287982852247547,Low
1826,80,Low,20,1459.3,0,1,0,0,0,0.0,Low
1827,23,Low,15,1900.52,0,1,0,0,0,0.01933247039454227,Low
1828,49,Low,15,343.47,0,2,0,0,0,0.016312577077383022,Low
1829,60,Low,15,289.87,0,3,0,0,0,0.0,Low
1830,19,Low,24,1214.39,0,1,0,0,0,0.15751386821347027,Low
1831,77,Low,27,232.79,0,3,0,0,0,0.0,Low
1832,40,Low,23,659.6,0,1,0,0,0,0.0,Low
1833,48,Medium,19,1436.84,0,3,0,0,0,0.16673255976303694,Low
1834,22,Low,12,2119.1,0,1,0,0,0,0.2256184108043499,Medium
1835,51,Low,24,1057.78,0,2,0,0,0,0.04184959350404649,Low
1836,27,Low,24,314.7,0,2,0,0,0,0.0,Low
1837,19,Medium,16,815.4,0,1,0,0,0,0.19834208257417507,Low
1838,28,High,24,891.78,0,1,0,0,1,0.43172909094001694,Medium
1839,67,Low,25,438.12,0,1,0,1,0,0.21847231724738045,Medium
1840,48,Low,20,164.02,0,1,0,0,0,0.23171638282332518,Medium
1841,73,Low,15,1460.28,0,1,0,0,0,0.12521943916351966,Low
1842,26,Low,12,675.12,0,3,0,0,0,0.0,Low
1843,38,Low,20,1317.53,0,1,0,0,0,0.0,Low
1844,45,Low,14,981.7,0,1,0,0,0,0.0,Low
1845,79,Low,16,678.27,0,1,0,0,0,0.07107837754501711,Low
1846,24,Low,16,600.98,0,1,0,0,0,0.0956262368768896,Low
1847,33,Low,22,767.08,0,1,0,0,0,0.0,Low
1848,21,Low,24,1207.73,0,1,0,0,0,0.0,Low
1849,21,Low,14,51.88,0,2,0,0,0,0.0,Low
1850,57,Low,26,1184.03,0,2,0,0,0,0.05195999413753824,Low
1851,34,Low,14,1116.97,0,2,0,0,0,0.0,Low
1852,69,Medium,22,1450.72,0,2,0,0,0,0.0,Low
1853,69,Low,19,2196.24,0,1,0,1,0,0.06535229081515387,Low
1854,53,Low,17,448.93,0,2,0,0,0,0.10093740459914886,Low
1855,55,Medium,14,196.11,0,1,0,0,0,0.057583172781984306,Low
1856,67,Low,14,939.2,0,1,0,0,0,0.0,Low
1857,80,Low,18,882.4,0,1,0,0,0,0.023136755238627144,Low
1858,80,Low,18,613.57,0,1,0,0,0,0.10132429281814095,Low
1859,79,Medium,15,1142.92,0,1,0,0,0,0.04555180611296878,Low
1860,24,Medium,15,478.59,0,1,0,0,0,0.0,Low
1861,44,Low,14,681.15,0,1,0,0,0,0.34627998735606796,Medium
1862,31,Low,17,1181.38,0,1,0,0,0,0.08066068415834722,Low
1863,22,Low,13,623.79,0,2,0,0,0,0.16850237765917184,Low
1864,72,Low,30,884.43,0,1,0,0,0,0.0,Low
1865,19,Low,22,627.49,0,3,0,0,0,0.0,Low
1866,79,Low,12,320.93,0,1,0,0,0,0.0,Low
1867,38,Low,26,1436.46,0,1,0,0,0,0.30002184991600195,Medium
1868,38,Medium,24,1347.37,0,1,0,0,0,0.0,Low
1869,27,Low,25,1317.18,0,3,0,0,0,0.0,Low
1870,75,Low,17,725.22,0,1,0,0,0,0.27844848859034793,Medium
1871,56,Low,29,1515.33,0,1,0,0,0,0.0,Low
1872,22,Medium,17,1562.4,0,1,0,0,0,0.0023522090801075565,Low
1873,82,Low,25,2017.56,0,1,0,0,0,0.0,Low
1874,30,Low,18,736.08,0,1,0,0,0,0.2917565787339956,Medium
1875,70,Low,13,928.24,0,2,0,0,0,0.0,Low
1876,62,Low,20,319.04,0,1,0,0,0,0.0,Low
1877,49,Medium,28,2193.41,0,1,0,0,0,0.0,Low
1878,53,Low,24,638.38,0,1,0,0,0,0.0,Low
1879,77,Low,20,242.0,0,1,0,0,0,0.0,Low
1880,28,Low,24,2057.47,0,3,0,0,0,0.0,Low
1881,80,Low,21,714.41,0,2,0,0,0,0.0,Low
1882,38,Medium,21,2776.93,0,1,0,0,0,0.08180002130405362,Low
1883,69,Low,21,839.38,0,1,0,0,0,0.0,Low
1884,72,Low,23,435.75,0,3,0,0,0,0.0,Low
1885,43,Low,33,1473.66,0,1,0,0,0,0.0,Low
1886,51,Low,30,679.88,0,1,0,0,0,0.18173456308272715,Low
1887,69,Medium,22,1283.1,0,3,0,0,0,0.0,Low
1888,69,Low,18,458.45,0,1,0,0,0,0.04468669162177635,Low
1889,46,Medium,23,1183.59,0,1,0,0,0,0.0,Low
1890,55,Medium,21,594.65,0,1,0,0,0,0.0,Low
1891,59,Low,28,1406.81,0,3,0,0,0,0.13218736540417278,Low
1892,38,Low,23,765.56,0,1,0,0,0,0.18483853696989164,Low
1893,59,Low,22,927.13,0,1,0,0,0,0.1665996149916231,Low
1894,30,Low,17,669.68,0,2,0,0,0,0.09248405509933424,Low
1895,81,Low,18,790.97,0,2,0,0,0,0.049173662533889606,Low
1896,34,Low,27,1389.1,0,1,0,0,0,0.0,Low
1897,26,Low,26,312.98,0,1,0,0,0,0.0,Low
1898,58,Low,18,1012.72,0,1,0,0,0,0.0,Low
1899,18,Low,15,3736.77,0,1,0,0,0,0.010730861917944194,Low
1900,19,Low,23,1862.64,0,1,0,0,0,0.1167611682372984,Low
1901,77,Low,16,725.35,0,2,0,0,0,0.0,Low
1902,65,Low,21,888.61,0,1,0,0,0,0.0,Low
1903,46,Medium,13,562.24,0,1,0,0,0,0.18932313354920322,Low
1904,27,Low,18,1251.89,0,1,0,0,0,0.0,Low
1905,75,Medium,17,246.5,0,1,0,0,0,0.0,Low
1906,77,Low,12,593.85,0,2,0,0,0,0.09672728514874376,Low
1907,38,Low,12,435.55,0,2,0,0,0,0.0,Low
1908,45,Low,16,579.96,0,1,0,0,0,0.003582770171162284,Low
1909,51,Low,16,975.26,0,1,0,1,0,0.2499366310046237,Medium
1910,25,Low,23,62.85,0,1,0,0,0,0.02247104050194424,Low
1911,76,Low,24,647.42,0,1,0,0,0,0.0,Low
1912,66,Low,18,539.58,0,1,0,0,0,0.018633664269604347,Low
1913,34,Low,26,1609.9,0,1,0,0,0,0.34873052052075143,Medium
1914,77,Low,28,367.1,0,1,0,0,0,0.19432709803443096,Low
1915,62,Medium,28,986.88,0,1,0,0,0,0.14406302381202518,Low
1916,49,Low,13,726.86,0,1,0,0,0,0.07207422221219756,Low
1917,61,Low,19,1691.74,0,1,0,0,0,0.25372146438180404,Medium
1918,82,Low,20,1534.96,0,1,0,0,0,0.14508624341921572,Low
1919,25,Medium,31,2445.13,0,2,0,0,0,0.2090555827752038,Medium
1920,60,Medium,26,1733.33,0,1,0,0,0,0.2143574079781925,Medium
1921,18,Low,20,1039.95,0,3,0,0,0,0.11548815003555998,Low
1922,68,Medium,19,1462.4,0,1,0,0,0,0.0933647139984866,Low
1923,41,Low,25,674.44,0,1,0,0,0,0.0,Low
1924,41,Low,11,902.48,0,1,0,0,0,0.30400271675470475,Medium
1925,34,Medium,24,932.54,0,1,0,0,0,0.004442309558406131,Low
1926,22,Medium,21,384.97,0,2,0,0,0,0.0,Low
1927,37,Low,26,1650.72,0,1,0,0,0,0.06710940542281417,Low
1928,38,Medium,18,2090.85,0,1,0,0,0,0.0,Low
1929,75,Low,15,735.3,0,1,0,0,0,0.0,Low
1930,48,Medium,19,780.01,0,1,0,0,0,0.0,Low
1931,28,Low,20,479.02,0,1,0,0,0,0.01562646352193301,Low
1932,69,Low,21,283.28,0,1,0,1,0,0.22479886021745552,Medium
1933,32,Low,17,1352.03,0,1,0,0,0,0.0,Low
1934,24,Low,16,302.45,0,2,0,0,0,0.0,Low
1935,45,Low,20,286.32,0,1,0,0,0,0.15038359588442368,Low
1936,68,Low,22,1292.82,0,1,0,0,0,0.0,Low
1937,75,Low,23,942.78,0,1,0,0,0,0.0,Low
1938,22,Low,20,1357.49,0,2,0,0,0,0.004732295438058666,Low
1939,22,Low,19,429.53,0,2,0,0,0,0.09920602261691233,Low
1940,25,Low,24,2655.37,0,1,0,0,0,0.0,Low
1941,81,Low,20,374.02,0,1,0,0,0,0.0,Low
1942,27,Low,18,539.23,0,1,0,0,0,0.09165676352817399,Low
1943,55,Medium,14,445.54,0,1,0,0,0,0.0,Low
1944,25,Medium,20,2604.2,0,1,0,0,0,0.2651592016053083,Medium
1945,42,Low,19,601.4,0,1,0,0,0,0.09324614443271856,Low
1946,83,Low,24,346.73,0,2,1,0,0,0.42213315106187194,Medium
1947,67,Low,21,3579.16,0,1,0,0,0,0.011313145698395016,Low
1948,84,Low,25,2328.27,0,1,0,0,0,0.28203107131516053,Medium
1949,66,Low,20,1886.16,0,1,0,0,0,0.0,Low
1950,53,Medium,15,2240.09,0,2,0,0,0,0.0,Low
1951,58,Low,13,359.65,0,1,0,0,0,0.0,Low
1952,79,Low,24,2447.82,0,1,0,0,0,0.0,Low
1953,27,Low,20,696.31,0,1,1,0,0,0.27925114727391653,Medium
1954,38,Medium,18,1070.81,0,1,0,0,0,0.29664300838765856,Medium
1955,53,Low,22,811.38,0,1,0,0,0,0.0,Low
1956,29,Low,20,2078.16,0,1,0,0,0,0.0,Low
1957,19,Low,16,54.33,0,1,0,0,0,0.0,Low
1958,30,Low,24,313.08,0,1,0,0,0,0.2839495796836073,Medium
1959,70,Low,26,2237.41,0,1,0,0,0,0.0,Low
1960,49,Low,18,485.71,0,1,0,0,0,0.021676448439389505,Low
1961,33,Medium,19,2026.3,0,1,0,0,0,0.0,Low
1962,49,Low,18,464.92,0,1,0,0,0,0.0,Low
1963,49,Low,22,675.38,0,2,0,0,0,0.0,Low
1964,28,Low,26,2796.01,0,2,0,0,0,0.0,Low
1965,27,Low,15,1453.33,0,3,0,0,0,0.040405346855541285,Low
1966,32,Low,21,955.67,0,1,0,0,0,0.0,Low
1967,34,Low,17,1216.93,0,1,0,0,0,0.15605593016597474,Low
1968,57,Low,23,1738.19,0,1,0,0,0,0.1999163920712763,Low
1969,35,Medium,20,914.28,0,1,0,0,0,0.24812626850658875,Medium
1970,72,Low,24,1289.48,0,1,0,0,0,0.0,Low
1971,42,Low,24,3626.95,0,1,0,0,0,0.0,Low
1972,76,Medium,26,334.77,0,1,0,0,0,0.0,Low
1973,39,Low,25,948.27,0,1,1,0,0,0.21526146477031036,Medium
1974,47,Low,16,560.33,0,3,0,0,0,0.12027701186865102,Low
1975,61,Low,18,392.29,0,1,0,0,0,0.047696948229516686,Low
1976,49,Low,20,940.26,0,1,0,0,0,0.0,Low
1977,68,Medium,22,399.53,0,1,0,0,0,0.0,Low
1978,63,Low,18,348.3,0,2,0,0,0,0.0,Low
1979,38,Low,14,769.19,0,2,0,0,0,0.0,Low
1980,49,Low,14,1262.18,0,1,0,0,0,0.0,Low
1981,56,Low,22,1191.54,0,1,0,1,0,0.03355618471355312,Low
1982,29,Low,20,781.79,0,2,0,0,0,0.1127157487407763,Low
1983,64,Low,15,245.13,0,1,0,0,0,0.0,Low
1984,35,Medium,15,231.1,0,3,0,0,0,0.10616882816682935,Low
1985,38,Medium,19,1096.26,0,1,0,0,0,0.03566757125085484,Low
1986,30,Low,20,497.55,0,1,0,0,0,0.0,Low
1987,38,Low,23,989.16,0,2,0,0,0,0.07654094447611405,Low
1988,25,Medium,24,894.22,0,1,0,0,0,0.0,Low
1989,63,Low,18,125.86,0,1,0,0,0,0.08479148519307782,Low
1990,24,Low,30,2265.65,0,1,0,0,0,0.0,Low
1991,40,Low,25,227.89,0,2,0,0,0,0.016362268095473965,Low
1992,39,Medium,24,690.93,0,1,0,0,0,0.0,Low
1993,39,Medium,15,274.75,0,1,0,0,0,0.0,Low
1994,46,Low,14,487.79,0,1,0,0,0,0.0,Low
1995,30,Low,16,538.34,0,2,0,0,0,0.0,Low
1996,19,Low,20,582.69,0,1,0,0,0,0.175629988490084,Low
1997,46,Low,27,706.72,0,1,0,0,0,0.0,Low
1998,69,Low,21,2596.67,0,1,0,0,0,0.0,Low
1999,44,Medium,17,378.46,0,2,0,0,0,0.0,Low
2000,67,Low,19,1294.23,0,2,0,1,0,0.0969127087293565,Low
2001,40,Medium,21,1876.26,0,1,0,0,0,0.09522190422657549,Low
2002,61,Low,20,1199.37,0,2,0,0,0,0.07123833446643454,Low
2003,39,Low,28,2143.7,0,1,0,0,0,0.06546330022372784,Low
2004,60,Low,15,1207.51,0,1,0,0,0,0.0,Low
2005,54,Low,21,1181.86,0,2,0,0,0,0.0377614593969952,Low
2006,78,Low,18,1913.23,0,1,0,0,0,0.21652421870746555,Medium
2007,73,High,27,1063.65,0,1,0,0,1,0.261352364859919,Medium
2008,20,Medium,21,1883.01,0,3,0,0,0,0.1839503047744766,Low
2009,80,Low,33,1061.02,0,1,0,0,0,0.0,Low
2010,36,Low,15,1860.12,0,1,0,0,0,0.04540382751519105,Low
2011,40,Medium,20,2432.92,0,2,1,0,0,0.17152459453601898,Low
2012,46,Low,26,622.57,0,1,1,0,0,0.4271510089293011,Medium
2013,47,Low,26,550.38,0,1,0,0,0,0.0,Low
2014,56,Low,24,2140.39,0,1,0,0,0,0.0,Low
2015,42,Medium,14,1835.19,0,1,0,0,0,0.0,Low
2016,25,Low,19,149.63,0,1,0,0,0,0.0,Low
2017,75,Low,16,998.39,0,1,0,0,0,0.0,Low
2018,33,Medium,20,2781.26,0,1,0,0,0,0.0,Low
2019,18,Low,19,311.71,0,2,0,0,0,0.0,Low
2020,22,Low,20,271.39,0,1,0,0,0,0.019201314312628007,Low
2021,20,Low,23,473.88,0,1,0,0,0,0.05522324106120679,Low
2022,82,Medium,21,589.68,0,2,1,0,0,0.06382920358358635,Low
2023,21,Low,28,180.31,0,2,0,0,0,0.036627684844032116,Low
2024,81,High,16,315.48,0,1,0,0,1,0.43047126463442403,Medium
2025,27,Low,20,163.45,0,1,0,0,0,0.06551251922305927,Low
2026,38,Low,25,974.31,0,1,0,0,0,0.01736117804960616,Low
2027,63,High,17,959.29,0,1,0,0,1,0.45275546216396534,Medium
2028,44,Low,20,2153.28,0,1,0,0,0,0.052258077569150276,Low
2029,83,Low,26,1033.86,0,1,0,0,0,0.036808031280904104,Low
2030,58,Low,19,1277.22,0,1,0,0,0,0.0558605444968455,Low
2031,30,Low,23,1375.2,0,3,0,0,0,0.23116975394609385,Medium
2032,26,Low,13,364.51,0,2,0,1,0,0.3964483826235746,Medium
2033,53,Low,19,325.02,0,1,0,0,0,0.0,Low
2034,75,Low,22,280.82,0,1,0,0,0,0.0,Low
2035,71,Medium,16,588.13,0,2,0,0,0,0.19056881735555595,Low
2036,29,Low,17,548.35,0,2,0,0,0,0.34325107667613813,Medium
2037,31,High,19,880.43,0,3,0,0,1,0.3957585687850989,Medium
2038,51,Low,29,1451.43,0,1,0,0,0,0.07495439767671878,Low
2039,70,Low,12,1275.53,0,1,0,0,0,0.0,Low
2040,37,Low,17,544.21,0,3,0,0,0,0.07965932581925618,Low
2041,33,Low,16,465.8,0,1,0,0,0,0.0,Low
2042,73,Low,20,517.28,0,2,0,0,0,0.0,Low
2043,75,Medium,21,576.17,0,1,0,0,0,0.108540750226049,Low
2044,21,Medium,19,213.65,0,2,0,0,0,0.0,Low
2045,21,High,18,1044.63,0,1,0,0,1,0.48318372197952664,Medium
2046,37,Low,17,2791.56,0,1,0,0,0,0.07801699644683005,Low
2047,27,Medium,18,844.76,0,1,0,0,0,0.08687085771552501,Low
2048,41,Low,20,874.44,0,3,0,0,0,0.0,Low
2049,43,Low,22,1158.03,0,1,0,0,0,0.11478690861868132,Low
2050,54,Medium,19,307.52,0,1,0,0,0,0.2772630838191918,Medium
2051,71,Low,25,478.63,0,1,0,0,0,0.0,Low
2052,38,Low,23,522.65,0,2,0,0,0,0.0,Low
2053,55,Low,19,294.43,0,1,0,0,0,0.0,Low
2054,63,Low,15,2414.51,0,1,0,0,0,0.04127651194401832,Low
2055,21,Low,16,1422.29,0,1,0,0,0,0.0,Low
2056,77,Low,16,1495.1,0,1,0,0,0,0.0,Low
2057,74,High,24,633.75,0,1,0,0,1,0.6183617952749557,High
2058,62,Low,21,927.64,0,1,0,0,0,0.17039478753240236,Low
2059,37,Low,25,590.24,0,2,0,0,0,0.0,Low
2060,34,Low,23,699.75,0,1,0,0,0,0.2798860467631533,Medium
2061,21,Low,20,878.11,0,1,0,0,0,0.0,Low
2062,31,Low,20,733.18,0,2,0,0,0,0.050318919578286964,Low
2063,20,Low,21,869.7,0,3,0,0,0,0.006250778091273444,Low
2064,75,Medium,17,187.11,0,2,0,0,0,0.13779496663020185,Low
2065,72,Medium,14,313.4,0,1,0,0,0,0.0,Low
2066,21,Medium,23,588.47,0,1,0,0,0,0.0,Low
2067,41,Medium,22,674.55,0,1,0,0,0,0.0,Low
2068,51,Low,14,674.44,0,1,0,0,0,0.0,Low
2069,47,Medium,15,1247.85,0,1,0,0,0,0.0,Low
2070,36,Low,18,1002.51,0,2,0,0,0,0.0,Low
2071,48,Low,24,1116.19,0,1,0,0,0,0.09620147230563232,Low
2072,77,Low,23,515.63,0,1,0,0,0,0.0,Low
2073,77,Low,25,361.25,0,1,0,0,0,0.0,Low
2074,36,Low,21,719.85,0,1,0,0,0,0.0,Low
2075,66,High,19,1351.92,0,1,0,0,1,0.5482368614919737,Medium
2076,80,Low,19,2346.51,0,1,0,0,0,0.0,Low
2077,39,Low,22,528.94,0,1,0,0,0,0.014321065640876691,Low
2078,41,Low,13,2342.68,0,1,0,0,0,0.19930019352964337,Low
2079,47,Low,12,326.8,0,2,0,0,0,0.23059841491267305,Medium
2080,75,Low,20,204.46,0,1,0,0,0,0.0,Low
2081,48,Low,14,658.49,0,2,0,0,0,0.0,Low
2082,81,Low,12,362.74,0,1,0,0,0,0.11550898426619241,Low
2083,36,Low,23,461.87,0,2,0,0,0,0.0,Low
2084,65,Medium,19,1590.79,0,1,0,0,0,0.16212326339342129,Low
2085,62,Low,7,1487.04,0,2,0,0,0,0.0,Low
2086,72,Low,16,1004.57,0,1,0,0,0,0.02281627986119059,Low
2087,72,Low,23,946.87,0,1,0,0,0,0.0673270111325484,Low
2088,35,Low,18,455.49,0,1,0,0,0,0.0,Low
2089,80,Medium,24,727.49,0,1,0,0,0,0.12012205017482819,Low
2090,64,Low,23,635.1,0,1,0,0,0,0.0,Low
2091,74,Low,28,253.31,0,3,0,0,0,0.24352306810746988,Medium
2092,62,Medium,20,2624.57,0,1,0,0,0,0.0,Low
2093,50,Low,29,648.99,0,1,0,0,0,0.0,Low
2094,34,Low,14,337.22,0,1,0,0,0,0.0,Low
2095,21,Low,14,229.14,0,1,0,0,0,0.0,Low
2096,37,Medium,21,1167.12,0,1,0,0,0,0.0,Low
2097,64,Medium,18,2476.96,0,1,0,0,0,0.04529152706401638,Low
2098,32,Low,20,3015.85,0,2,1,0,0,0.33880618709220217,Medium
2099,64,Low,14,764.71,0,1,0,0,0,0.0,Low
2100,26,Low,10,649.33,0,3,0,0,0,0.02548521632658372,Low
2101,33,High,19,887.32,0,1,0,0,1,0.2359170953062364,Medium
2102,78,High,21,872.44,0,3,0,0,1,0.24504097325336413,Medium
2103,27,Low,24,125.15,0,1,0,0,0,0.18082610585695663,Low
2104,67,Medium,21,587.1,0,2,0,0,0,0.0,Low
2105,20,Low,26,1050.93,0,1,0,0,0,0.04458617118661242,Low
2106,68,Low,21,1209.93,0,1,0,0,0,0.0,Low
2107,36,Low,20,1274.3,0,1,0,0,0,0.06385786717240345,Low
2108,59,Low,26,863.21,0,1,0,1,0,0.3743533053164777,Medium
2109,52,Medium,18,323.44,0,1,0,0,0,0.018135705570016127,Low
2110,63,Low,19,749.42,0,1,0,0,0,0.02550664163810839,Low
2111,43,Low,19,1933.08,0,1,0,0,0,0.23523079572184705,Medium
2112,81,Medium,16,1107.78,0,2,0,0,0,0.042593644263553464,Low
2113,54,Medium,21,670.91,0,3,0,0,0,0.0,Low
2114,66,Low,23,3198.23,0,1,0,0,0,0.0,Low
2115,38,Low,17,897.56,0,1,0,0,0,0.0,Low
2116,81,Low,24,740.23,0,1,0,0,0,0.14622260088798136,Low
2117,22,Low,24,1353.13,0,2,0,0,0,0.1933419543163526,Low
2118,21,High,22,294.37,0,3,0,0,1,0.560093627653579,Medium
2119,56,Medium,29,648.36,0,3,0,0,0,0.0,Low
2120,52,Low,16,753.38,0,3,0,0,0,0.01083097123568034,Low
2121,18,Low,24,174.25,0,2,0,0,0,0.10513160526672102,Low
2122,41,Low,15,960.74,0,3,0,0,0,0.0,Low
2123,74,Medium,22,1205.73,0,1,0,0,0,0.13635280206061676,Low
2124,58,Low,20,541.31,0,3,0,0,0,0.12770791504741438,Low
2125,71,Low,21,1401.01,0,2,0,0,0,0.09001746349920182,Low
2126,63,Low,15,1740.21,0,1,0,0,0,0.1232233287993473,Low
2127,77,Low,17,1889.74,0,1,0,0,0,0.0,Low
2128,77,Low,20,333.39,0,1,0,0,0,0.0,Low
2129,74,Low,11,933.67,0,2,0,0,0,0.17555097043163795,Low
2130,48,Medium,20,1299.02,0,1,0,0,0,0.006865426659854316,Low
2131,41,Medium,15,931.41,0,1,0,0,0,0.0,Low
2132,53,Medium,17,1657.14,0,2,0,0,0,0.019277265471082168,Low
2133,47,Low,17,988.92,0,1,0,0,0,0.018207339099938782,Low
2134,41,Low,20,323.78,0,2,0,0,0,0.0,Low
2135,47,Low,21,1677.71,0,2,0,0,0,0.08161704794825118,Low
2136,24,Low,18,909.73,0,3,0,0,0,0.28741881874101244,Medium
2137,52,Medium,26,2395.11,0,1,0,0,0,0.0,Low
2138,72,Low,20,325.67,0,3,0,0,0,0.0,Low
2139,31,Low,15,922.37,0,1,0,0,0,0.18527020814875333,Low
2140,27,Medium,23,2276.91,0,1,0,0,0,0.11825330592363116,Low
2141,33,High,14,1005.13,0,1,0,0,1,0.6506198199365291,High
2142,71,Low,18,1459.08,0,1,0,0,0,0.2835411763153696,Medium
2143,61,Low,20,1783.55,0,3,0,0,0,0.11613952137781085,Low
2144,62,Low,14,881.78,0,1,0,0,0,0.0,Low
2145,73,Low,16,422.61,0,3,0,0,0,0.05335374241747276,Low
2146,74,Low,13,1589.62,0,1,1,0,0,0.2478427819368017,Medium
2147,38,Low,13,762.12,0,1,0,0,0,0.07527462311817966,Low
2148,67,High,28,116.3,0,1,0,0,1,0.2904706033986993,Medium
2149,50,Low,21,2000.1,0,1,0,0,0,0.08276699423546759,Low
2150,24,Low,28,2595.73,0,3,0,0,0,0.11025517821201947,Low
2151,32,Low,12,520.28,0,2,0,0,0,0.044852436172828684,Low
2152,49,Low,22,852.48,0,1,0,0,0,0.06569573494518255,Low
2153,37,Medium,18,2742.02,0,2,0,0,0,0.11255257732467785,Low
2154,32,Low,16,2307.77,0,1,0,0,0,0.0,Low
2155,65,Low,24,1301.79,0,1,0,0,0,0.048803247699780644,Low
2156,38,Low,21,2162.74,0,1,0,0,0,0.0,Low
2157,59,Medium,16,723.51,0,1,0,0,0,0.17093588917675764,Low
2158,43,Low,19,247.09,0,3,0,0,0,0.1212395654038871,Low
2159,31,Medium,21,1877.01,0,1,0,0,0,0.0,Low
2160,74,Low,17,831.74,0,1,0,0,0,0.10853448060920863,Low
2161,54,Low,22,190.17,0,1,0,0,0,0.21032885487516453,Medium
2162,75,Low,19,536.33,0,1,1,0,0,0.36361843880855815,Medium
2163,38,Medium,15,700.55,0,1,0,0,0,0.0,Low
2164,20,Medium,12,767.59,0,1,0,0,0,0.0,Low
2165,54,Low,21,465.87,0,2,0,0,0,0.0,Low
2166,66,Low,27,351.68,0,1,0,0,0,0.16781050965476996,Low
2167,36,Low,16,165.72,0,1,0,0,0,0.0,Low
2168,29,Low,11,158.93,0,1,0,0,0,0.0,Low
2169,78,Low,21,817.91,0,1,0,0,0,0.015617194272910872,Low
2170,58,Medium,20,1028.3,0,2,0,0,0,0.047013422549765704,Low
2171,50,Medium,15,343.87,0,1,0,0,0,0.22071625801267666,Medium
2172,67,Low,22,2129.66,0,1,0,0,0,0.05532657357426012,Low
2173,50,Low,26,608.33,0,1,0,0,0,0.0,Low
2174,41,Medium,27,769.66,0,3,0,0,0,0.0,Low
2175,78,Medium,24,733.51,0,2,0,0,0,0.0,Low
2176,78,Low,17,133.26,0,1,0,0,0,0.21616515790773702,Medium
2177,45,Low,23,1668.8,0,1,0,0,0,0.1330141574270696,Low
2178,75,Low,23,1281.72,0,1,0,0,0,0.04149909872080356,Low
2179,60,Low,29,2176.77,0,2,0,0,0,0.2149273839218303,Medium
2180,58,Low,30,2082.09,0,1,0,0,0,0.16126887925000322,Low
2181,56,Low,20,1169.93,0,1,0,0,0,0.08092567797233094,Low
2182,66,Low,16,1345.99,0,1,0,0,0,0.0,Low
2183,34,Low,17,322.32,0,1,0,0,0,0.005678671074166176,Low
2184,82,Low,19,611.74,0,1,0,0,0,0.0,Low
2185,22,Low,19,729.62,0,1,0,0,0,0.1609787866207556,Low
2186,19,Medium,17,545.33,0,1,0,0,0,0.0,Low
2187,39,Medium,10,2048.84,0,1,0,0,0,0.15989075132479885,Low
2188,74,Low,21,954.31,0,1,0,0,0,0.11000851236037017,Low
2189,83,Low,15,430.77,0,1,0,0,0,0.015247019920452267,Low
2190,33,High,23,1960.0,0,1,0,0,1,0.5261688921530994,Medium
2191,68,Low,30,978.04,0,3,0,0,0,0.0,Low
2192,56,Low,18,1621.15,0,1,0,0,0,0.0,Low
2193,57,Low,20,316.46,0,1,0,0,0,0.0,Low
2194,55,Low,14,1034.72,0,2,0,0,0,0.06572956677427329,Low
2195,77,Low,24,413.45,0,1,0,0,0,0.12892904814934314,Low
2196,76,Medium,19,994.1,0,1,0,0,0,0.013936442893907908,Low
2197,27,Low,16,1284.66,0,1,0,0,0,0.0,Low
2198,81,Low,37,288.0,0,1,0,0,0,0.195648003123192,Low
2199,80,Medium,17,809.34,0,1,0,0,0,0.0,Low
2200,66,Low,16,314.38,0,1,0,0,0,0.058111910379576755,Low
2201,81,Low,16,1680.76,0,2,0,0,0,0.07562687456465543,Low
2202,49,Low,22,873.16,0,2,0,1,0,0.21039268359491345,Medium
2203,24,Low,19,429.59,0,1,0,0,0,0.0,Low
2204,38,Low,20,529.84,0,2,0,0,0,0.0,Low
2205,37,Low,24,596.57,0,1,0,0,0,0.0699928596781644,Low
2206,43,Low,14,2154.85,0,1,0,0,0,0.23603558655759704,Medium
2207,32,Low,27,787.8,0,1,0,0,0,0.10174921148544917,Low
2208,31,Low,26,1488.59,0,1,0,0,0,0.07295167735753903,Low
2209,44,Low,20,817.04,0,1,0,0,0,0.0,Low
2210,57,Low,26,323.0,0,1,0,0,0,0.15853710278988256,Low
2211,75,Low,16,525.66,0,1,0,0,0,0.1385649961699784,Low
2212,45,Low,14,1069.85,0,2,0,0,0,0.0854549506137056,Low
2213,43,Medium,15,135.02,0,1,0,0,0,0.040482904169458295,Low
2214,80,Low,28,1203.48,0,1,0,0,0,0.0758219283837092,Low
2215,83,Low,13,468.76,0,1,0,0,0,0.18420048913642056,Low
2216,42,Medium,18,948.1,0,1,0,0,0,0.0,Low
2217,20,Low,19,543.93,0,2,1,0,0,0.35651513969702003,Medium
2218,61,Low,15,1370.21,0,3,0,0,0,0.0,Low
2219,59,Medium,24,861.94,0,2,0,0,0,0.00236213872045427,Low
2220,23,Medium,24,1334.93,0,2,1,0,0,0.3171857790250681,Medium
2221,56,Low,15,166.47,0,1,0,0,0,0.09195355930961892,Low
2222,69,Low,24,720.7,0,1,0,0,0,0.0,Low
2223,40,Low,24,461.15,0,1,0,0,0,0.0,Low
2224,67,Medium,22,1179.29,0,3,0,0,0,0.04973156219678942,Low
2225,60,Low,21,1667.12,0,1,0,0,0,0.0,Low
2226,36,Low,22,1626.05,0,1,0,0,0,0.023453893199115616,Low
2227,68,Medium,15,2232.82,0,1,0,0,0,0.0,Low
2228,28,Low,16,1695.06,0,1,0,0,0,0.08257101698866466,Low
2229,29,Medium,18,715.28,0,1,0,0,0,0.0,Low
2230,25,Low,18,372.98,0,2,0,0,0,0.0,Low
2231,41,Low,19,179.81,0,1,0,0,0,0.043369583453596525,Low
2232,58,Low,28,358.71,0,2,0,0,0,0.050640315192730025,Low
2233,53,Medium,20,149.45,0,3,0,0,0,0.06529937244826915,Low
2234,72,Low,18,255.63,0,2,0,0,0,0.06752564979727213,Low
2235,26,Low,23,1011.01,0,3,0,0,0,0.06342905507322683,Low
2236,64,Low,18,166.08,0,1,0,0,0,0.2202618922738831,Medium
2237,32,Low,27,1108.32,0,3,0,0,0,0.1253213201375402,Low
2238,65,High,22,527.84,0,1,0,0,1,0.5407815987009178,Medium
2239,59,Low,16,890.62,0,2,0,0,0,0.08595785091334092,Low
2240,77,Low,22,907.97,0,1,0,0,0,0.12986861780632664,Low
2241,29,High,21,2238.86,0,1,0,0,1,0.33554285689466246,Medium
2242,19,Low,25,932.95,0,1,0,0,0,0.09729500356952477,Low
2243,24,Low,15,267.32,0,1,0,0,0,0.1743800853674518,Low
2244,20,Low,15,391.31,0,3,0,0,0,0.0,Low
2245,20,Medium,24,906.27,0,2,0,0,0,0.20624244657529445,Medium
2246,44,Low,24,689.78,0,1,0,0,0,0.0,Low
2247,57,Low,16,937.94,0,1,0,0,0,0.07109163053200479,Low
2248,50,Low,22,1122.85,0,2,0,0,0,0.0,Low
2249,18,Low,21,405.03,0,1,0,0,0,0.12031554324592342,Low
2250,25,Low,20,1147.13,0,2,0,1,0,0.3837690338032246,Medium
2251,49,Low,20,1241.42,0,1,0,0,0,0.0,Low
2252,65,Low,23,949.12,0,1,0,0,0,0.0,Low
2253,21,Low,17,2694.42,0,3,0,0,0,0.005511163194662378,Low
2254,36,Low,19,185.83,0,1,0,0,0,0.0,Low
2255,49,Low,16,2476.96,0,1,0,0,0,0.013805939605954496,Low
2256,26,Medium,18,640.3,0,3,0,0,0,0.12534845732737926,Low
2257,29,Medium,21,457.13,0,3,0,0,0,0.07085245528099963,Low
2258,28,Low,19,1177.47,0,3,0,0,0,0.0,Low
2259,63,Low,26,530.1,0,1,0,0,0,0.0,Low
2260,33,Low,14,1592.65,0,1,1,0,0,0.33093519522832515,Medium
2261,18,Medium,25,625.63,0,1,0,0,0,0.20781669290324564,Medium
2262,80,Medium,26,1744.43,0,1,0,0,0,0.0,Low
2263,38,Medium,15,343.51,0,2,0,0,0,0.07467350178832458,Low
2264,47,Low,22,1056.82,0,1,0,0,0,0.026412448526564717,Low
2265,30,Low,25,428.44,0,1,0,0,0,0.0,Low
2266,51,Low,25,1085.67,0,3,0,0,0,0.0,Low
2267,21,Low,26,226.68,0,3,0,0,0,0.0,Low
2268,45,Low,29,246.16,0,1,0,0,0,0.19080996575522133,Low
2269,76,Medium,16,621.08,0,1,0,0,0,0.0,Low
2270,44,Low,19,1798.07,0,2,0,0,0,0.0,Low
2271,42,Low,17,194.02,0,1,0,0,0,0.0,Low
2272,20,Low,28,2023.67,0,2,0,0,0,0.19576708015547242,Low
2273,42,Medium,18,1087.14,0,2,0,0,0,0.057551587295900306,Low
2274,37,Low,20,1703.91,0,1,0,0,0,0.20559795742774167,Medium
2275,51,Low,22,862.35,0,1,0,0,0,0.0,Low
2276,43,Medium,25,956.15,0,1,0,0,0,0.13916541110292313,Low
2277,22,Low,28,704.13,0,1,0,0,0,0.0,Low
2278,78,Low,23,644.24,0,1,0,0,0,0.0,Low
2279,26,Low,17,1396.46,0,2,1,0,0,0.2715840458659485,Medium
2280,67,Low,23,344.83,0,3,0,0,0,0.0,Low
2281,23,Medium,26,848.38,0,1,0,0,0,0.0,Low
2282,77,Medium,23,189.91,0,3,0,0,0,0.0,Low
2283,61,Low,15,258.41,0,1,0,0,0,0.0,Low
2284,28,Low,20,786.11,0,2,0,1,0,0.18572320713517,Low
2285,83,Low,17,497.09,0,1,0,0,0,0.0,Low
2286,64,Low,16,718.59,0,1,0,0,0,0.05164799262886037,Low
2287,20,Low,29,395.79,0,1,0,0,0,0.0020300341030646827,Low
2288,47,Low,21,1290.53,0,1,0,0,0,0.028833533187452864,Low
2289,38,Low,26,275.92,0,1,0,0,0,0.0,Low
2290,45,Medium,21,2528.38,0,2,0,0,0,0.003809713813469249,Low
2291,79,Low,19,1959.72,0,1,0,0,0,0.0,Low
2292,50,Low,24,1181.23,0,3,0,0,0,0.0,Low
2293,52,Low,23,238.76,0,1,0,0,0,0.0,Low
2294,69,Medium,26,719.69,0,1,1,0,0,0.29249109679353125,Medium
2295,51,Low,20,1231.79,0,1,0,0,0,0.0,Low
2296,58,Low,19,1641.63,0,3,0,0,0,0.1430796186605196,Low
2297,68,Low,20,1635.25,0,1,0,0,0,0.0,Low
2298,64,Low,19,1418.02,0,1,0,0,0,0.10811068291169654,Low
2299,75,Low,21,99.06,0,3,0,0,0,0.30051294929723515,Medium
2300,74,Medium,15,357.52,0,1,0,1,0,0.12680784377738635,Low
2301,40,High,26,1445.24,0,1,0,0,1,0.5099411791623855,Medium
2302,65,Medium,22,524.89,0,1,0,0,0,0.21496092888418014,Medium
2303,39,Low,15,1042.68,0,1,0,0,0,0.21091540199233708,Medium
2304,34,Low,18,2639.61,0,1,0,0,0,0.0,Low
2305,28,Low,25,504.2,0,3,0,0,0,0.1623442869583945,Low
2306,32,High,27,1719.93,0,3,0,0,1,0.5289795919248407,Medium
2307,52,Low,23,1084.01,0,1,0,0,0,0.18087372447074787,Low
2308,50,Low,21,3433.79,0,1,0,0,0,0.10353128615334269,Low
2309,33,Low,20,1086.33,0,1,0,0,0,0.1754819100351164,Low
2310,51,Low,23,531.13,0,1,0,0,0,0.0,Low
2311,83,Low,30,851.06,0,1,0,0,0,0.0,Low
2312,57,Low,21,338.98,0,1,0,0,0,0.0,Low
2313,45,Low,21,1378.88,0,1,0,0,0,0.0,Low
2314,64,Medium,23,610.96,0,1,1,0,0,0.2534848071765554,Medium
2315,56,Low,25,850.04,0,2,0,0,0,0.0,Low
2316,37,Low,18,1814.18,0,2,0,0,0,0.006708129181556009,Low
2317,18,Low,20,306.29,0,1,0,1,0,0.36088049953098256,Medium
2318,80,Low,21,1645.43,0,2,1,0,0,0.16309411295837192,Low
2319,84,Medium,18,213.56,0,1,0,0,0,0.280866041036151,Medium
2320,21,Low,19,770.97,0,1,0,0,0,0.05565720088040012,Low
2321,75,Low,31,1186.01,0,2,0,0,0,0.12665385865658704,Low
2322,42,Low,18,1445.4,0,2,0,1,0,0.19266551489859143,Low
2323,64,Medium,22,331.19,0,1,0,0,0,0.0,Low
2324,55,Low,24,2666.01,0,1,0,0,0,0.0813825629200104,Low
2325,32,Low,20,1199.13,0,3,0,0,0,0.11397623865376526,Low
2326,80,Low,17,1458.62,0,1,0,0,0,0.0,Low
2327,38,Low,19,1204.82,0,1,0,0,0,0.038308502092858764,Low
2328,74,Low,11,344.56,0,2,0,0,0,0.0,Low
2329,70,Medium,19,465.97,0,1,0,0,0,0.0,Low
2330,63,Low,18,1974.35,0,1,0,0,0,0.0492350961321366,Low
2331,31,Medium,20,2017.73,0,3,0,0,0,0.0,Low
2332,34,Low,24,124.94,0,1,0,0,0,0.11458591726736325,Low
2333,56,Low,20,1368.14,0,1,0,0,0,0.34779542183785356,Medium
2334,26,Low,13,760.2,0,1,0,0,0,0.16491032045961432,Low
2335,23,Medium,27,1146.28,0,1,0,0,0,0.0,Low
2336,40,Low,17,965.96,0,1,1,0,0,0.3524314763623277,Medium
2337,76,Medium,17,954.52,0,1,0,0,0,0.17000242479948735,Low
2338,63,Medium,20,413.02,0,1,0,0,0,0.0,Low
2339,55,Medium,19,1673.05,0,1,0,0,0,0.08376206438087509,Low
2340,31,Low,23,527.68,0,1,0,0,0,0.10769372255162779,Low
2341,79,Low,22,747.6,0,1,0,0,0,0.03931364968482278,Low
2342,52,Medium,20,421.85,0,1,0,0,0,0.02852011415899644,Low
2343,36,Low,13,849.74,0,1,0,0,0,0.15768152245274134,Low
2344,47,Low,18,279.83,0,1,0,0,0,0.25991437290890684,Medium
2345,42,Low,20,549.97,0,1,0,0,0,0.0,Low
2346,57,Low,24,1666.89,0,2,0,0,0,0.18605257390373486,Low
2347,31,Low,17,324.18,0,2,0,1,0,0.0,Low
2348,43,Low,20,1357.86,0,1,0,0,0,0.07263334712691073,Low
2349,39,Low,15,255.91,0,1,0,0,0,0.0,Low
2350,65,Low,26,499.57,0,1,0,0,0,0.0,Low
2351,68,Low,26,506.29,0,1,0,0,0,0.0,Low
2352,20,Low,15,1563.39,0,1,0,0,0,0.2456036690300184,Medium
2353,59,Low,19,2030.53,0,1,0,0,0,0.0,Low
2354,36,Low,24,651.2,0,1,0,0,0,0.0,Low
2355,45,Low,29,277.84,0,3,0,0,0,0.0,Low
2356,62,Low,16,570.89,0,1,0,0,0,0.0,Low
2357,80,Low,13,609.11,0,2,0,0,0,0.04303140008805297,Low
2358,36,Low,16,555.21,0,1,0,0,0,0.01143710277078522,Low
2359,64,Low,13,760.68,0,1,0,0,0,0.0,Low
2360,31,Medium,22,422.01,0,1,0,0,0,0.20696567525713108,Medium
2361,55,Low,23,292.84,0,3,0,0,0,0.20227995176622202,Medium
2362,70,Low,14,142.42,0,1,0,0,0,0.0,Low
2363,78,Low,23,1516.04,0,1,0,0,0,0.0,Low
2364,53,Low,18,959.98,0,1,0,0,0,0.07047598835274076,Low
2365,57,Low,21,1272.25,0,2,0,0,0,0.0,Low
2366,47,Low,17,1155.23,0,1,0,0,0,0.0,Low
2367,26,Low,24,801.59,0,1,0,0,0,0.0,Low
2368,81,Low,22,759.23,0,3,0,1,0,0.04884408686662983,Low
2369,50,Low,21,2626.31,0,1,0,0,0,0.0,Low
2370,69,Medium,17,561.5,0,1,0,0,0,0.019636282566676516,Low
2371,31,Low,26,864.83,0,1,0,0,0,0.02970013564558161,Low
2372,70,Low,21,602.89,0,2,0,0,0,0.0,Low
2373,76,Low,19,364.28,0,1,0,0,0,0.0,Low
2374,58,Low,24,3380.38,0,1,0,0,0,0.0,Low
2375,25,Medium,19,1232.0,0,2,0,0,0,0.14833274193428883,Low
2376,19,Low,21,491.99,0,1,0,0,0,0.3187785196784257,Medium
2377,58,Low,26,407.38,0,3,0,0,0,0.06452701614091264,Low
2378,72,Medium,19,1355.62,0,1,0,0,0,0.0,Low
2379,33,Low,19,1755.39,0,1,0,0,0,0.08523804698300902,Low
2380,79,Low,21,320.21,0,1,0,0,0,0.17782809533200736,Low
2381,65,High,25,735.39,0,2,0,0,1,0.3026148479030675,Medium
2382,47,Low,19,861.52,0,1,0,0,0,0.1319607741927961,Low
2383,29,Low,27,866.5,0,1,0,0,0,0.16072365869903316,Low
2384,52,Low,15,996.45,0,1,0,0,0,0.19336619436216554,Low
2385,28,Low,24,679.32,0,3,0,0,0,0.0,Low
2386,81,Low,23,780.33,0,1,0,0,0,0.011265207643120778,Low
2387,67,Medium,16,813.98,0,1,0,0,0,0.027284048966547608,Low
2388,38,Low,17,303.2,0,3,0,0,0,0.1977772946919267,Low
2389,65,Low,20,2585.58,0,2,0,0,0,0.0,Low
2390,37,Medium,21,1412.42,0,1,0,0,0,0.14127965649518853,Low
2391,84,Low,22,1691.01,0,3,0,0,0,0.04088720762741021,Low
2392,61,Low,22,1025.85,0,1,0,0,0,0.1439968901206744,Low
2393,50,Low,27,3447.54,0,1,0,1,0,0.3137285694716925,Medium
2394,78,Medium,17,44.08,0,1,0,0,0,0.0,Low
2395,26,Medium,27,887.15,0,1,0,0,0,0.04036052806521872,Low
2396,52,Low,25,395.98,0,3,1,0,0,0.1964280516601487,Low
2397,82,Low,28,940.35,0,2,0,0,0,0.0,Low
2398,25,Low,15,2245.86,0,1,0,1,0,0.46221258867072484,Medium
2399,62,Medium,20,1334.24,0,2,0,0,0,0.0,Low
2400,64,Low,17,819.99,0,1,0,0,0,0.0,Low
2401,57,Low,25,2402.57,0,1,0,0,0,0.0,Low
2402,71,Medium,22,1583.36,0,3,0,0,0,0.10129529842534075,Low
2403,63,Low,17,1237.47,0,2,0,0,0,0.10016894349173065,Low
2404,64,Low,19,1213.61,0,1,0,0,0,0.05403341089328411,Low
2405,32,Low,16,1519.46,0,1,0,0,0,0.0,Low
2406,36,Low,19,527.21,0,1,0,0,0,0.0,Low
2407,43,Low,21,472.54,0,1,0,0,0,0.21114068486672563,Medium
2408,69,Medium,18,361.6,0,1,0,0,0,0.0,Low
2409,39,Low,19,546.87,0,1,0,0,0,0.03879490599352955,Low
2410,38,Low,24,2303.22,0,1,0,0,0,0.0,Low
2411,68,Low,28,735.71,0,2,0,0,0,0.07024814180987572,Low
2412,55,Low,20,2335.58,0,1,0,0,0,0.02027194264974692,Low
2413,37,Low,18,514.28,0,1,0,0,0,0.0,Low
2414,46,Low,28,1803.31,0,3,0,0,0,0.08827535254174942,Low
2415,68,Medium,20,2036.89,0,1,0,0,0,0.0,Low
2416,21,Low,16,953.35,0,2,0,0,0,0.0,Low
2417,72,Low,18,726.81,0,1,0,0,0,0.007604721972489329,Low
2418,45,Low,19,443.01,0,1,0,0,0,0.0,Low
2419,21,Medium,28,1657.21,0,1,0,0,0,0.0,Low
2420,39,Low,20,705.87,0,1,0,1,0,0.1417069471882188,Low
2421,62,Medium,22,637.51,0,1,0,0,0,0.0,Low
2422,84,Low,13,1110.46,0,1,0,0,0,0.23201349653860615,Medium
2423,83,Medium,19,1337.8,0,1,0,0,0,0.04707046415852804,Low
2424,51,Low,17,423.23,0,1,0,0,0,0.0,Low
2425,72,Medium,27,1107.26,0,1,0,1,0,0.31381397878640593,Medium
2426,18,Low,22,2043.18,0,3,0,0,0,0.0,Low
2427,55,Low,14,355.86,0,2,0,0,0,0.0,Low
2428,23,Low,13,1681.8,0,2,0,0,0,0.13999485180333293,Low
2429,42,Medium,21,1672.04,0,1,0,0,0,0.0,Low
2430,34,Low,14,1771.2,0,1,0,0,0,0.0,Low
2431,78,High,22,1378.01,0,1,0,0,1,0.49838913394056744,Medium
2432,29,Medium,21,1327.8,0,2,0,0,0,0.02457189434869342,Low
2433,23,Low,18,1643.47,0,1,0,0,0,0.02317550693511629,Low
2434,44,Medium,27,1105.96,0,1,0,0,0,0.0,Low
2435,25,Low,13,600.81,0,1,0,0,0,0.08935740053065494,Low
2436,82,Low,16,589.65,0,1,0,0,0,0.0,Low
2437,74,Low,22,798.69,0,1,0,0,0,0.0,Low
2438,57,Low,16,1444.03,0,3,0,0,0,0.0,Low
2439,31,Low,18,816.83,0,2,0,0,0,0.0944299378402857,Low
2440,52,Low,24,719.24,0,1,0,0,0,0.1866897262420138,Low
2441,65,Low,16,1760.52,0,1,1,1,0,0.5821943598465085,Medium
2442,73,Low,15,974.6,0,1,0,0,0,0.0,Low
2443,66,Low,18,262.91,0,1,0,0,0,0.0,Low
2444,30,Low,14,362.06,0,2,0,0,0,0.18157068744837151,Low
2445,78,Medium,20,322.98,0,1,0,1,0,0.33581914949457237,Medium
2446,66,Low,21,832.54,0,2,0,0,0,0.08245799903826767,Low
2447,63,Low,19,374.93,0,1,0,0,0,0.13808502481009627,Low
2448,79,Low,26,726.1,0,1,0,0,0,0.025311517086490033,Low
2449,25,Low,14,561.12,0,1,0,0,0,0.0,Low
2450,60,Medium,21,216.88,0,2,0,0,0,0.0,Low
2451,37,Low,18,354.71,0,1,0,0,0,0.0956078755061323,Low
2452,56,Low,11,2396.01,0,3,0,1,0,0.2355699131656046,Medium
2453,66,Low,12,654.74,0,2,0,0,0,0.0,Low
2454,81,Low,24,621.08,0,2,0,0,0,0.13238604908406348,Low
2455,79,High,12,596.79,0,2,0,0,1,0.4878794585830236,Medium
2456,71,Medium,17,1020.78,0,1,0,0,0,0.048882000825532144,Low
2457,26,Low,17,852.26,0,1,0,0,0,0.21137795256166705,Medium
2458,54,Low,23,2754.94,0,1,0,0,0,0.0,Low
2459,66,Low,19,1835.95,0,1,1,0,0,0.14008164636203094,Low
2460,58,Low,24,2697.8,0,2,0,0,0,0.0751425370186468,Low
2461,34,Medium,27,1426.77,0,1,0,0,0,0.0,Low
2462,38,Medium,17,1306.46,0,1,0,0,0,0.24997640800473575,Medium
2463,68,Low,23,342.04,0,2,0,0,0,0.0,Low
2464,76,Medium,14,258.74,0,1,0,0,0,0.0,Low
2465,56,Low,15,228.29,0,1,0,0,0,0.0,Low
2466,72,Low,15,754.14,0,1,0,0,0,0.0,Low
2467,58,Low,16,1598.37,0,2,0,0,0,0.0,Low
2468,56,Low,25,506.58,0,1,0,0,0,0.0,Low
2469,30,Low,21,412.24,0,3,0,0,0,0.0,Low
2470,81,Low,21,1510.15,0,1,0,0,0,0.0,Low
2471,28,Low,26,415.92,0,2,0,0,0,0.0756958804091047,Low
2472,36,Low,18,2306.19,0,1,0,0,0,0.0,Low
2473,28,Medium,22,367.67,0,1,0,0,0,0.0,Low
2474,63,Low,19,1593.63,0,1,0,0,0,0.0,Low
2475,62,Low,15,1038.32,0,1,0,0,0,0.0,Low
2476,18,Medium,12,79.81,0,1,0,1,0,0.18589627195658362,Low
2477,57,Medium,17,447.78,0,1,0,0,0,0.2332114407978365,Medium
2478,36,Medium,23,1656.35,0,1,0,0,0,0.2280924971109451,Medium
2479,78,Low,23,223.26,0,2,0,0,0,0.0,Low
2480,29,Low,20,626.09,0,1,0,0,0,0.0,Low
2481,78,Low,25,233.26,0,3,0,0,0,0.02552758005191795,Low
2482,50,Low,17,757.0,0,2,0,0,0,0.0,Low
2483,62,Medium,22,1120.12,0,1,0,0,0,0.0,Low
2484,25,Low,9,924.91,0,1,0,0,0,0.033391084081063505,Low
2485,42,Low,18,983.25,0,1,1,0,0,0.2655246664213125,Medium
2486,63,Low,17,921.29,0,2,0,0,0,0.0,Low
2487,47,Low,15,702.52,0,2,0,0,0,0.0,Low
2488,64,Medium,28,1473.48,0,1,0,0,0,0.0,Low
2489,66,Low,16,216.81,0,1,0,0,0,0.0,Low
2490,64,Low,28,2222.57,0,1,0,0,0,0.0,Low
2491,35,Low,24,952.01,0,2,0,0,0,0.2335754178949395,Medium
2492,83,Low,25,246.21,0,2,0,0,0,0.0,Low
2493,50,Low,17,2026.64,0,2,0,0,0,0.18419564145830472,Low
2494,53,Low,16,721.05,0,1,0,0,0,0.0,Low
2495,36,Low,15,550.35,0,1,0,0,0,0.37738924344216274,Medium
2496,45,Low,18,252.11,0,3,0,0,0,0.09933041181061403,Low
2497,57,Medium,9,500.83,0,3,0,0,0,0.0,Low
2498,32,Medium,26,1524.56,0,1,0,0,0,0.18254004579012376,Low
2499,58,Medium,19,393.67,0,1,0,0,0,0.0,Low
2500,56,Low,18,1545.31,0,1,0,1,0,0.3391870589481343,Medium
2501,19,Low,19,630.32,0,2,0,0,0,0.0,Low
2502,80,Low,21,347.89,0,1,0,0,0,0.0,Low
2503,46,Medium,17,523.36,0,1,0,0,0,0.0,Low
2504,83,High,16,1173.65,0,1,0,0,1,0.2242979714737366,Medium
2505,68,Medium,20,982.09,0,1,0,0,0,0.0,Low
2506,27,Low,30,2393.36,0,1,0,0,0,0.0,Low
2507,31,Medium,18,656.51,0,1,0,0,0,0.0,Low
2508,68,Low,15,1577.69,0,2,0,0,0,0.029259434921369506,Low
2509,56,Low,24,753.59,0,1,0,0,0,0.158661007781971,Low
2510,45,Low,20,425.26,0,1,0,0,0,0.22298280320002337,Medium
2511,20,Low,21,293.04,0,1,0,0,0,0.0,Low
2512,44,Low,21,663.67,0,1,0,0,0,0.0,Low
2513,19,Low,22,827.5,0,1,0,0,0,0.0,Low
2514,55,Low,21,1983.58,0,1,1,0,0,0.2757269140373503,Medium
2515,20,Low,18,2374.97,0,1,0,0,0,0.1976582170664424,Low
2516,33,Medium,26,2370.59,0,3,0,0,0,0.13131625009248554,Low
2517,57,Low,28,466.53,0,2,0,0,0,0.03489695351611271,Low
2518,19,Low,19,387.99,0,1,0,0,0,0.2281055911034091,Medium
2519,58,Medium,15,502.24,0,3,0,0,0,0.0,Low
2520,29,Medium,22,737.01,0,2,0,0,0,0.09403189496008334,Low
2521,52,Low,27,168.04,0,3,0,0,0,0.0,Low
2522,82,Low,20,364.83,0,1,0,0,0,0.0,Low
2523,72,Low,23,1891.79,0,2,0,0,0,0.0,Low
2524,62,Low,21,1024.24,0,1,0,0,0,0.015135016838383513,Low
2525,79,Low,29,535.44,0,2,0,0,0,0.019375024935171674,Low
2526,66,Medium,21,188.39,0,1,0,0,0,0.0,Low
2527,42,Low,20,1007.14,0,1,0,0,0,0.06810934671734159,Low
2528,40,Medium,20,865.25,0,1,0,0,0,0.14993016804770032,Low
2529,41,Medium,20,364.36,0,2,0,0,0,0.0,Low
2530,55,Medium,16,1364.44,0,2,0,0,0,0.09051619198636891,Low
2531,45,Low,20,556.68,0,1,0,0,0,0.05604657158554705,Low
2532,38,Medium,13,935.9,0,1,0,0,0,0.16145686424601496,Low
2533,71,Low,25,2354.0,0,2,0,0,0,0.0799722091879837,Low
2534,35,Low,23,1313.45,0,1,0,0,0,0.27338340493070046,Medium
2535,53,Low,19,254.55,0,1,0,0,0,0.03974392490238807,Low
2536,62,Low,26,1317.24,0,2,0,0,0,0.0,Low
2537,70,Low,23,481.01,0,2,0,1,0,0.38926904979715116,Medium
2538,47,Low,18,1180.38,0,1,0,0,0,0.0962157535305374,Low
2539,77,Low,21,1566.95,0,1,0,0,0,0.07129442297088624,Low
2540,49,Low,18,936.34,0,2,0,0,0,0.0,Low
2541,84,Low,28,274.07,0,2,0,0,0,0.22332351098287648,Medium
2542,84,Low,21,111.01,0,1,0,0,0,0.1502359864935737,Low
2543,45,Medium,24,1793.54,0,1,0,0,0,0.04710534973392451,Low
2544,61,Low,22,2170.38,0,1,0,0,0,0.0,Low
2545,58,Low,25,457.66,0,3,0,0,0,0.0,Low
2546,80,Low,19,91.52,0,1,0,0,0,0.28689438391475486,Medium
2547,40,Low,18,226.44,0,1,0,0,0,0.07155171998567175,Low
2548,65,Low,14,576.06,0,1,0,0,0,0.0,Low
2549,49,Low,12,1558.07,0,1,0,1,0,0.11641031625777094,Low
2550,74,High,13,92.74,0,1,0,0,1,0.34021839194112236,Medium
2551,50,Low,17,1951.41,0,1,0,0,0,0.16938354992760313,Low
2552,41,Low,26,1798.87,0,1,0,1,0,0.0,Low
2553,56,Low,17,1925.81,0,1,0,0,0,0.15856547570874158,Low
2554,51,Medium,24,338.93,0,1,0,0,0,0.11845450797682291,Low
2555,73,Low,21,1648.55,0,2,0,0,0,0.3363401174727235,Medium
2556,45,Low,21,851.54,0,1,0,0,0,0.07993512636277153,Low
2557,54,Medium,17,318.99,0,2,0,0,0,0.0,Low
2558,24,Low,23,927.26,0,1,0,0,0,0.0,Low
2559,54,Low,20,829.21,0,1,0,0,0,0.0,Low
2560,73,Low,20,225.49,0,1,0,0,0,0.05833569818487378,Low
2561,82,Low,22,1274.54,0,3,0,0,0,0.2614355585575521,Medium
2562,82,Low,20,798.59,0,1,0,0,0,0.0,Low
2563,64,Low,24,612.16,0,1,0,0,0,0.13973417311662434,Low
2564,37,Low,20,593.27,0,1,0,0,0,0.0,Low
2565,36,Low,10,1055.71,0,1,0,0,0,0.0,Low
2566,46,Low,19,558.04,0,1,0,0,0,0.2398014041459027,Medium
2567,77,Medium,29,116.93,0,3,0,0,0,0.03490551780794824,Low
2568,35,Medium,17,303.58,0,1,0,0,0,0.07371536492585999,Low
2569,52,Low,25,805.81,0,1,0,0,0,0.12925604670489665,Low
2570,60,Low,16,531.73,0,3,0,0,0,0.0,Low
2571,28,Low,20,605.55,0,1,0,0,0,0.0,Low
2572,66,Low,26,351.67,0,1,0,0,0,0.0,Low
2573,55,Low,27,355.38,0,1,0,0,0,0.0,Low
2574,81,High,27,1186.41,0,1,0,0,1,0.572391583796433,Medium
2575,25,Low,16,916.07,0,1,0,0,0,0.0674288011744737,Low
2576,51,Low,19,399.47,0,1,0,1,0,0.10743487574947233,Low
2577,65,Low,29,588.54,0,2,0,0,0,0.003707154663458166,Low
2578,73,Low,19,1402.51,0,1,0,0,0,0.0,Low
2579,82,Low,20,290.86,0,3,0,0,0,0.04663662131467196,Low
2580,48,Low,24,1535.63,0,1,0,0,0,0.0,Low
2581,21,Low,18,714.91,0,1,0,0,0,0.0,Low
2582,67,Medium,21,595.08,0,1,0,0,0,0.022690409918713156,Low
2583,47,Low,21,238.09,0,1,0,0,0,0.06386891476906997,Low
2584,76,Medium,17,3827.92,0,1,0,0,0,0.03291558934552791,Low
2585,84,Medium,16,1108.5,0,1,0,0,0,0.0,Low
2586,62,Low,20,113.75,0,2,0,0,0,0.0,Low
2587,21,Medium,21,952.86,0,3,0,0,0,0.0935981654799596,Low
2588,43,Low,19,1781.83,0,1,1,0,0,0.2618582387481627,Medium
2589,44,High,19,1002.14,0,2,0,0,1,0.33332996063135734,Medium
2590,63,Low,21,1428.79,0,2,0,0,0,0.0,Low
2591,81,Low,21,512.52,0,1,0,0,0,0.0,Low
2592,68,Low,19,457.48,0,1,0,0,0,0.0,Low
2593,67,Low,14,641.6,0,3,0,0,0,0.2593946505088701,Medium
2594,23,High,22,842.32,0,1,0,0,1,0.38309699552344906,Medium
2595,76,Low,21,522.42,0,3,0,0,0,0.0021817343507257994,Low
2596,32,Low,28,702.66,0,1,0,0,0,0.011814950818227542,Low
2597,47,Low,23,307.09,0,1,0,0,0,0.14433494150680004,Low
2598,59,Medium,22,167.56,0,1,0,0,0,0.10254587881131008,Low
2599,54,Low,29,407.22,0,3,0,0,0,0.0,Low
2600,59,Low,23,2588.35,0,1,1,0,0,0.16910527860085478,Low
2601,52,Low,33,1877.6,0,1,0,0,0,0.18550472295742818,Low
2602,23,Low,20,970.6,0,1,0,0,0,0.008405291314064412,Low
2603,35,Low,18,204.69,0,1,0,0,0,0.08923854452949813,Low
2604,46,Low,14,749.77,0,1,0,0,0,0.0,Low
2605,76,Low,26,895.78,0,1,0,0,0,0.09736326629821898,Low
2606,64,Low,18,496.17,0,1,0,0,0,0.0,Low
2607,34,Low,15,1955.81,0,1,0,0,0,0.0,Low
2608,39,Low,23,293.37,0,1,0,0,0,0.019935663932597193,Low
2609,54,Low,23,1188.58,0,1,0,0,0,0.26059588601028716,Medium
2610,66,Medium,19,285.91,0,1,0,0,0,0.09875449959957071,Low
2611,30,Medium,20,321.5,0,1,0,0,0,0.21561145672929896,Medium
2612,51,Low,17,750.35,0,2,0,0,0,0.06900173073925964,Low
2613,70,Low,20,79.63,0,1,0,0,0,0.0,Low
2614,68,Low,18,926.71,0,1,0,0,0,0.0,Low
2615,20,Low,23,544.55,0,1,0,0,0,0.11420811441518217,Low
2616,59,Low,18,707.01,0,1,0,0,0,0.0,Low
2617,49,Low,13,446.31,0,1,0,0,0,0.0,Low
2618,68,Low,23,1920.4,0,1,0,0,0,0.0,Low
2619,63,Medium,19,1498.05,0,2,0,1,0,0.24022772722689062,Medium
2620,38,Low,28,1180.53,0,2,0,0,0,0.0,Low
2621,61,Low,15,337.75,0,1,1,0,0,0.48827360318642077,Medium
2622,28,Low,31,1283.07,0,1,0,0,0,0.06405235267265372,Low
2623,18,Low,22,1015.85,0,2,0,0,0,0.028375710767442903,Low
2624,80,Low,18,3487.57,0,1,0,0,0,0.05817223950652785,Low
2625,41,Low,28,201.49,0,1,0,0,0,0.09056458560300355,Low
2626,30,Low,24,667.65,0,1,0,0,0,0.09274031481963035,Low
2627,28,Low,16,452.26,0,1,0,0,0,0.0,Low
2628,68,Medium,15,1040.39,0,2,0,0,0,0.1890980320140713,Low
2629,34,Low,17,177.88,0,1,0,0,0,0.0942132041748426,Low
2630,41,Low,24,1351.07,0,1,0,0,0,0.0,Low
2631,36,Low,15,176.16,0,2,0,0,0,0.11589891926032184,Low
2632,54,Low,8,1053.31,0,1,0,0,0,0.0,Low
2633,25,Low,17,593.71,0,1,0,0,0,0.12826653053858697,Low
2634,45,Medium,17,375.04,0,1,0,0,0,0.04320427813898456,Low
2635,22,High,20,288.83,0,1,0,0,1,0.07830976759540925,Low
2636,34,Medium,19,447.82,0,1,0,0,0,0.29968187893268405,Medium
2637,53,Low,18,610.96,0,1,0,0,0,0.0,Low
2638,36,Medium,22,787.46,0,3,0,0,0,0.08610266988696086,Low
2639,81,Low,17,866.95,0,2,0,0,0,0.2121505260297218,Medium
2640,28,Low,18,676.15,0,1,0,0,0,0.0,Low
2641,71,Low,15,576.77,0,2,0,0,0,0.0348930137477332,Low
2642,62,Medium,19,2293.82,0,1,0,1,0,0.3329347406115788,Medium
2643,64,Low,16,1289.18,0,1,0,0,0,0.16741512286977883,Low
2644,29,Low,27,496.32,0,1,1,1,0,0.6825228878616267,High
2645,38,Low,15,728.86,0,1,0,0,0,0.1388893821107144,Low
2646,28,Low,15,386.99,0,1,0,0,0,0.0,Low
2647,22,Low,18,612.87,0,1,0,0,0,0.06889639781063597,Low
2648,73,Medium,21,225.76,0,2,0,0,0,0.3017151336828181,Medium
2649,37,Low,18,837.03,0,1,0,0,0,0.18954014231046076,Low
2650,58,Low,18,2817.97,0,1,0,0,0,0.0,Low
2651,63,Low,21,875.01,0,1,0,0,0,0.15980424662405554,Low
2652,29,Low,11,872.63,0,1,0,0,0,0.2034435752372384,Medium
2653,34,Low,18,676.24,0,1,0,0,0,0.0,Low
2654,36,Low,18,275.89,0,1,0,0,0,0.0,Low
2655,43,Low,26,2443.89,0,1,0,0,0,0.0,Low
2656,65,Low,22,944.19,0,1,0,0,0,0.13867361813251694,Low
2657,69,Low,19,1178.31,0,1,0,0,0,0.0,Low
2658,72,Low,21,575.24,0,3,0,0,0,0.0,Low
2659,50,Low,19,1205.56,0,1,0,0,0,0.16373383247547593,Low
2660,79,Low,13,2433.53,0,2,0,0,0,0.0,Low
2661,40,High,15,1907.16,0,2,0,0,1,0.4278293633320892,Medium
2662,32,Low,12,2.76,0,1,0,0,0,0.0,Low
2663,44,Low,20,1825.24,0,1,0,0,0,0.16363040842114998,Low
2664,81,Low,26,337.62,0,1,0,0,0,0.0,Low
2665,68,Low,18,358.55,0,1,0,0,0,0.005506471013865593,Low
2666,70,High,16,326.02,0,1,0,0,1,0.04133721699475784,Low
2667,68,Low,22,1060.0,0,1,0,0,0,0.00027085731886710806,Low
2668,64,Low,19,866.09,0,1,0,0,0,0.0,Low
2669,21,Low,21,1246.1,0,1,0,0,0,0.010736312548546826,Low
2670,24,Low,19,791.22,0,1,0,0,0,0.19529159285050582,Low
2671,52,Medium,16,338.5,0,3,1,0,0,0.3897233143287091,Medium
2672,65,Low,20,1324.28,0,1,0,0,0,0.05934646011592431,Low
2673,62,Low,17,621.15,0,1,0,0,0,0.0,Low
2674,36,Low,23,1348.86,0,2,0,0,0,0.3205573649714312,Medium
2675,80,Low,21,952.18,0,2,0,0,0,0.0,Low
2676,55,Medium,23,846.31,0,1,0,0,0,0.0,Low
2677,84,Low,22,2739.33,0,1,0,0,0,0.0,Low
2678,76,Low,16,121.06,0,1,0,0,0,0.028520171754655783,Low
2679,30,Low,20,133.29,0,1,0,0,0,0.0065233340528004485,Low
2680,64,Low,17,449.83,0,1,0,1,0,0.08683267953059023,Low
2681,78,Low,19,1360.79,0,1,0,0,0,0.026424515906675647,Low
2682,48,Low,17,506.8,0,1,0,0,0,0.17372807319265976,Low
2683,39,Low,24,636.33,0,3,0,0,0,0.008347191457730167,Low
2684,60,Low,17,142.65,0,1,0,0,0,0.0,Low
2685,84,Low,23,1320.58,0,1,0,1,0,0.18441205303974287,Low
2686,71,High,22,152.34,0,3,0,0,1,0.27734708810328573,Medium
2687,27,Low,19,577.79,0,1,0,0,0,0.0,Low
2688,59,Low,15,77.86,0,1,0,0,0,0.00580467273178071,Low
2689,81,Low,27,1529.93,0,1,0,0,0,0.0,Low
2690,38,Low,25,138.46,0,3,0,0,0,0.0,Low
2691,83,Low,22,545.85,0,1,0,0,0,0.06334123334885286,Low
2692,58,Medium,16,457.03,0,1,0,0,0,0.048110238154688074,Low
2693,41,Low,15,1184.58,0,2,0,0,0,0.18074783688645046,Low
2694,52,Low,16,883.29,0,1,0,0,0,0.0,Low
2695,73,Low,20,2635.73,0,2,0,0,0,0.0,Low
2696,47,Low,23,200.68,0,3,0,0,0,0.15178761641343264,Low
2697,74,Low,18,1822.62,0,1,0,0,0,0.0,Low
2698,64,Low,17,2088.84,0,1,0,0,0,0.0,Low
2699,52,Low,25,2570.54,0,2,0,0,0,0.030104675361745627,Low
2700,36,Low,12,791.97,0,1,0,1,0,0.03550278186551767,Low
2701,25,Low,19,243.02,0,2,0,0,0,0.0,Low
2702,43,Low,18,1097.12,0,1,0,0,0,0.0,Low
2703,47,Low,18,163.83,0,1,0,0,0,0.04184526283817737,Low
2704,24,Low,32,1682.06,0,1,0,0,0,0.0,Low
2705,84,Low,19,723.44,0,1,0,0,0,0.0,Low
2706,82,Low,13,1006.65,0,1,0,0,0,0.0,Low
2707,53,Low,18,2563.94,0,1,0,0,0,0.13614153008603308,Low
2708,42,Low,17,876.11,0,1,0,0,0,0.0,Low
2709,54,Low,17,246.37,0,1,0,0,0,0.1944778700807772,Low
2710,18,Low,21,728.5,0,2,0,0,0,0.112076866085315,Low
2711,32,Low,16,469.32,0,2,0,0,0,0.15676140851382966,Low
2712,54,Low,21,948.36,0,1,0,0,0,0.0,Low
2713,30,Low,16,566.01,0,1,0,0,0,0.0,Low
2714,25,Medium,26,418.82,0,1,0,0,0,0.0,Low
2715,22,Low,22,748.22,0,1,0,0,0,0.08710783889494708,Low
2716,77,Low,26,236.43,0,1,0,0,0,0.0,Low
2717,18,Low,20,697.32,0,2,0,0,0,0.0,Low
2718,53,Low,23,1146.51,0,1,0,0,0,0.0,Low
2719,52,Low,15,2174.85,0,2,0,0,0,0.055670146224369686,Low
2720,83,Low,25,479.23,0,2,0,0,0,0.0,Low
2721,80,Low,21,2939.82,0,1,0,0,0,0.0,Low
2722,40,Low,19,1018.97,0,1,0,0,0,0.20248708239037508,Medium
2723,26,Low,23,594.27,0,1,0,0,0,0.0,Low
2724,51,Low,17,655.47,0,1,0,0,0,0.21712412833429276,Medium
2725,63,Low,19,771.68,0,1,0,0,0,0.0,Low
2726,21,Low,22,539.2,0,1,0,0,0,0.0,Low
2727,47,Low,21,428.14,0,1,0,0,0,0.20554474040463586,Medium
2728,20,Low,24,929.38,0,1,0,0,0,0.2617924842654482,Medium
2729,31,Low,22,116.69,0,1,0,0,0,0.0,Low
2730,77,Low,20,367.06,0,1,0,0,0,0.1639086498046135,Low
2731,62,Low,15,1337.09,0,1,0,0,0,0.015465902022112801,Low
2732,51,Low,30,90.84,0,1,0,0,0,0.023659202069412483,Low
2733,62,Medium,22,1054.73,0,1,0,0,0,0.04707592627845555,Low
2734,78,High,25,842.42,0,2,0,0,1,0.40302990105075237,Medium
2735,33,Low,23,458.41,0,2,0,0,0,0.01535424169385783,Low
2736,83,Low,20,557.15,0,1,0,0,0,0.0009110351821033104,Low
2737,57,Low,18,743.36,0,1,0,0,0,0.0,Low
2738,34,Low,10,1083.4,0,2,0,0,0,0.0,Low
2739,51,Low,23,1013.69,0,1,0,0,0,0.0,Low
2740,33,Low,22,1740.7,0,1,0,0,0,0.0,Low
2741,77,Medium,18,970.28,0,2,0,0,0,0.0,Low
2742,83,Low,15,1970.5,0,1,0,0,0,0.0,Low
2743,83,Low,18,109.24,0,1,0,0,0,0.0,Low
2744,30,Low,22,1717.9,0,3,0,1,0,0.07666772759599043,Low
2745,73,Medium,22,598.02,0,1,0,0,0,0.0,Low
2746,48,Low,15,891.83,0,3,0,0,0,0.0,Low
2747,51,Low,22,1238.22,0,1,0,0,0,0.20890631281241287,Medium
2748,56,Low,19,305.23,0,1,0,0,0,0.0,Low
2749,84,Medium,16,652.27,0,1,0,0,0,0.21684105311707383,Medium
2750,25,Low,16,1842.54,0,2,0,0,0,0.0,Low
2751,72,Medium,18,2169.14,0,1,0,0,0,0.07232621663270535,Low
2752,44,Low,16,455.37,0,1,0,0,0,0.0,Low
2753,70,Low,21,1178.59,0,2,0,0,0,0.25733644457315147,Medium
2754,56,Low,15,547.43,0,1,0,0,0,0.18383128943094829,Low
2755,82,Low,21,176.37,0,1,0,0,0,0.11229737040188371,Low
2756,34,Low,19,2070.16,0,1,0,0,0,0.29663384573541035,Medium
2757,47,Medium,20,304.85,0,1,0,0,0,0.1305103708723515,Low
2758,70,Low,20,3629.12,0,2,0,0,0,0.06577660031036343,Low
2759,30,Low,21,225.29,0,1,0,0,0,0.0,Low
2760,38,Low,14,1686.03,0,1,0,0,0,0.0,Low
2761,36,Low,20,1627.38,0,1,0,0,0,0.0,Low
2762,70,Low,19,551.56,0,1,0,0,0,0.0,Low
2763,36,Low,25,985.75,0,1,0,0,0,0.0,Low
2764,74,Low,18,564.36,0,1,0,0,0,0.16414258487371938,Low
2765,42,Low,22,373.13,0,3,0,0,0,0.0,Low
2766,48,High,25,1115.17,0,2,0,0,1,0.3306348018533195,Medium
2767,72,Low,30,1451.91,0,1,0,0,0,0.008529538328280774,Low
2768,40,Medium,14,425.68,0,1,0,0,0,0.013825512237602065,Low
2769,49,Low,7,2072.47,0,1,0,0,0,0.0,Low
2770,79,Low,19,964.07,0,1,0,0,0,0.1782608330153229,Low
2771,27,Low,26,783.69,0,1,0,0,0,0.0036587429452391326,Low
2772,71,Low,21,802.18,0,1,0,0,0,0.02561864912777186,Low
2773,69,Medium,16,2032.08,0,1,0,0,0,0.37133961254993797,Medium
2774,37,Low,24,614.92,0,1,0,1,0,0.460554256389407,Medium
2775,49,Low,26,639.38,0,3,0,0,0,0.0028668388952531715,Low
2776,31,Medium,16,2000.87,0,1,0,0,0,0.08197284735961387,Low
2777,67,Low,23,2108.79,0,1,0,0,0,0.0,Low
2778,45,Low,21,1604.49,0,1,0,0,0,0.0,Low
2779,70,Low,21,251.67,0,1,0,0,0,0.10224230503538909,Low
2780,41,Medium,22,2891.15,0,3,0,0,0,0.0,Low
2781,39,Low,28,898.88,0,1,0,0,0,0.08465657604150574,Low
2782,47,Low,17,765.89,0,3,0,0,0,0.3221567045441061,Medium
2783,80,Low,17,1609.55,0,1,0,1,0,0.0,Low
2784,21,Medium,21,1058.98,0,1,0,0,0,0.0,Low
2785,76,Low,23,568.04,0,1,0,0,0,0.0,Low
2786,25,Low,24,2313.59,0,2,0,0,0,0.12152086114032076,Low
2787,29,Low,24,762.0,0,1,0,0,0,0.1875454943873737,Low
2788,48,Medium,22,880.37,0,3,0,0,0,0.12130277780809184,Low
2789,51,Medium,22,2300.83,0,1,0,0,0,0.04317792370398296,Low
2790,66,High,25,1537.43,0,1,0,0,1,0.40252683216857466,Medium
2791,74,Low,14,1274.53,0,1,0,0,0,0.018555196747380515,Low
2792,43,Low,23,547.06,0,1,0,0,0,0.17759587906309393,Low
2793,35,Low,21,1100.2,0,1,0,0,0,0.0,Low
2794,55,Medium,23,1150.88,0,2,0,0,0,0.006246744227632423,Low
2795,67,Low,20,1130.85,0,1,0,0,0,0.0,Low
2796,25,Low,17,780.46,0,1,0,0,0,0.05388078763911041,Low
2797,58,Medium,17,426.14,0,1,0,0,0,0.002731383821436506,Low
2798,23,Low,17,1695.8,0,1,0,0,0,0.3879627435229691,Medium
2799,61,Low,22,527.99,0,1,0,0,0,0.0,Low
2800,81,Low,23,845.98,0,1,0,0,0,0.14061755922410696,Low
2801,46,Low,7,55.61,0,2,0,0,0,0.0,Low
2802,45,Low,24,1507.41,0,1,0,0,0,0.12366241294842546,Low
2803,28,Low,21,361.8,0,2,0,0,0,0.11232740131689362,Low
2804,82,Low,16,1151.55,0,1,0,0,0,0.0,Low
2805,36,Low,20,265.03,0,1,0,0,0,0.0,Low
2806,26,Low,25,705.79,0,1,0,0,0,0.0,Low
2807,44,Low,20,652.08,0,2,0,0,0,0.015771330093101513,Low
2808,51,Low,16,365.88,0,2,0,0,0,0.0,Low
2809,61,Low,25,979.99,0,1,0,0,0,0.0,Low
2810,32,Low,24,210.69,0,1,0,0,0,0.0,Low
2811,68,Low,24,1390.08,0,1,0,0,0,0.07618273521938015,Low
2812,30,Low,15,1445.49,0,2,0,0,0,0.0,Low
2813,66,Medium,22,401.42,0,2,0,0,0,0.0,Low
2814,73,Low,19,2013.15,0,1,0,0,0,0.19737832679414144,Low
2815,68,Medium,20,718.0,0,1,0,0,0,0.022242982444352057,Low
2816,54,Low,15,334.19,0,2,0,0,0,0.1133330781908522,Low
2817,34,Low,24,147.17,0,1,0,0,0,0.0,Low
2818,75,Low,20,1937.39,0,1,0,0,0,0.041538418726699236,Low
2819,46,Low,24,450.22,0,1,0,0,0,0.06468182429880838,Low
2820,50,Low,22,614.24,0,1,0,0,0,0.0,Low
2821,77,Low,21,567.82,0,3,0,0,0,0.00915024415023478,Low
2822,72,High,19,1640.65,0,3,0,0,1,0.33687311054097546,Medium
2823,27,Low,18,1202.74,0,1,0,0,0,0.040805205744550974,Low
2824,64,Low,12,900.04,0,1,0,0,0,0.0,Low
2825,40,Medium,20,231.68,0,2,0,0,0,0.0,Low
2826,38,Low,18,2372.79,0,1,0,0,0,0.0,Low
2827,30,Medium,21,1224.65,0,1,0,0,0,0.0,Low
2828,50,Low,18,1245.52,0,1,0,0,0,0.0,Low
2829,41,Medium,14,261.93,0,1,0,0,0,0.07694736604042164,Low
2830,28,Low,20,316.61,0,1,0,0,0,0.013815271177718845,Low
2831,34,Low,19,877.61,0,1,0,0,0,0.013336553529492567,Low
2832,64,Low,23,895.19,0,1,0,0,0,0.0,Low
2833,42,Low,22,365.66,0,2,0,0,0,0.0,Low
2834,38,Low,27,266.34,0,3,0,0,0,0.18848027624009744,Low
2835,29,Low,21,515.66,0,2,0,0,0,0.044286032744299826,Low
2836,54,Low,18,641.47,0,1,0,0,0,0.12161491941968197,Low
2837,59,Low,20,234.79,0,1,0,0,0,0.0,Low
2838,34,Medium,16,1252.52,0,2,0,0,0,0.0,Low
2839,65,Low,16,1306.11,0,3,0,0,0,0.07821430216479411,Low
2840,45,Low,20,1164.21,0,1,0,0,0,0.0,Low
2841,58,Low,21,248.65,0,1,0,0,0,0.0,Low
2842,64,Low,13,509.22,0,1,0,0,0,0.028041622100724153,Low
2843,35,Low,21,1424.56,0,1,0,0,0,0.0,Low
2844,30,Medium,21,947.78,0,1,0,0,0,0.0,Low
2845,30,Medium,23,2034.96,0,3,0,0,0,0.0,Low
2846,48,Low,21,1840.78,0,1,0,0,0,0.0,Low
2847,19,Medium,22,805.86,0,1,0,0,0,0.04160549617084924,Low
2848,33,Low,24,499.91,0,3,0,0,0,0.12515975409667932,Low
2849,26,Low,18,1379.08,0,1,0,0,0,0.0,Low
2850,55,Low,27,1476.79,0,2,0,0,0,0.4106351939947542,Medium
2851,71,Low,23,1604.53,0,1,0,0,0,0.0,Low
2852,73,Low,25,937.19,0,3,0,0,0,0.0,Low
2853,62,Low,19,448.62,0,1,0,0,0,0.11545716726845885,Low
2854,51,Low,17,1151.68,0,3,0,0,0,0.09314232708377387,Low
2855,26,Low,18,1188.86,0,1,0,1,0,0.3004854515399894,Medium
2856,25,Low,25,1348.45,0,1,0,0,0,0.16070425344008224,Low
2857,24,Medium,16,545.61,0,1,0,0,0,0.0,Low
2858,53,Low,20,1143.5,0,1,0,0,0,0.0559452258187582,Low
2859,35,Low,13,197.63,0,1,0,0,0,0.0,Low
2860,20,Low,16,1439.97,0,3,0,0,0,0.1598367045666573,Low
2861,45,Low,20,911.81,0,1,0,0,0,0.14933067523921753,Low
2862,61,Low,23,485.59,0,1,0,0,0,0.15651631598127178,Low
2863,38,Low,20,1980.13,0,1,1,0,0,0.2920934176836671,Medium
2864,45,Low,16,609.25,0,2,0,0,0,0.15407298397503855,Low
2865,71,Low,21,918.95,0,1,0,0,0,0.025179880732727384,Low
2866,71,Low,23,532.17,0,3,0,0,0,0.2074732678689967,Medium
2867,82,Low,12,848.55,0,1,0,0,0,0.0,Low
2868,38,Low,17,1203.95,0,1,0,0,0,0.0,Low
2869,30,Low,19,568.24,0,1,1,0,0,0.3641464624281708,Medium
2870,74,Medium,18,712.84,0,2,0,0,0,0.0,Low
2871,66,Low,27,1421.58,0,1,0,0,0,0.0,Low
2872,71,Medium,30,119.57,0,2,0,0,0,0.0,Low
2873,27,Low,29,1483.55,0,1,0,0,0,0.0,Low
2874,70,High,19,1686.72,0,1,0,0,1,0.4148240075217836,Medium
2875,61,Low,22,333.3,0,3,0,0,0,0.0742057164778638,Low
2876,64,Low,23,155.51,0,1,0,0,0,0.1254518580454271,Low
2877,70,High,19,257.01,0,1,0,0,1,0.17530445186621837,Low
2878,63,Low,15,379.31,0,2,0,0,0,0.15198513516190618,Low
2879,30,Low,22,286.86,0,1,0,0,0,0.0,Low
2880,54,Low,15,1271.0,0,1,0,0,0,0.0,Low
2881,41,Low,15,747.86,0,1,0,0,0,0.30624573249503284,Medium
2882,19,Medium,16,1034.49,0,3,0,0,0,0.023091517137249735,Low
2883,31,Low,26,1592.22,0,2,0,0,0,0.0,Low
2884,27,Low,23,1368.21,0,1,0,0,0,0.0,Low
2885,52,Low,18,2281.11,0,1,0,0,0,0.0,Low
2886,42,Low,15,1805.58,0,1,1,0,0,0.1579244738445165,Low
2887,20,Low,12,687.19,0,2,0,0,0,0.14614643413631795,Low
2888,34,Low,31,1151.73,0,1,0,0,0,0.08218558406249499,Low
2889,29,Low,15,2335.72,0,2,0,0,0,0.16011242820846303,Low
2890,71,Low,21,609.11,0,1,0,0,0,0.0,Low
2891,41,Medium,23,1221.7,0,1,0,0,0,0.0,Low
2892,46,Low,25,2791.85,0,1,0,0,0,0.09585361140791589,Low
2893,60,Low,20,1323.2,0,1,0,0,0,0.0,Low
2894,42,Low,23,345.89,0,2,0,0,0,0.0,Low
2895,77,Low,17,164.55,0,2,0,0,0,0.1493538670525348,Low
2896,82,Low,15,411.07,0,1,0,0,0,0.19479150296712844,Low
2897,45,High,13,725.05,0,1,0,0,1,0.6585600478220373,High
2898,33,Low,24,2636.78,0,2,0,0,0,0.0,Low
2899,64,Medium,30,1650.46,0,1,0,0,0,0.18438928003586544,Low
2900,75,Low,17,600.5,0,1,0,0,0,0.05844707872203725,Low
2901,44,Low,17,363.22,0,1,0,0,0,0.0,Low
2902,70,Low,12,359.69,0,2,0,0,0,0.1814567722232017,Low
2903,59,Low,21,3146.66,0,1,0,0,0,0.0,Low
2904,76,Low,18,320.1,0,2,0,0,0,0.0,Low
2905,64,Medium,20,1470.12,0,2,0,0,0,0.13549930558430182,Low
2906,51,Low,23,1413.6,0,2,0,0,0,0.0,Low
2907,54,Medium,25,675.27,0,3,0,0,0,0.060951334706028,Low
2908,23,Medium,26,295.08,0,2,0,0,0,0.0,Low
2909,24,Low,19,1166.62,0,1,0,0,0,0.026063250766459514,Low
2910,42,Low,28,2504.99,0,1,0,0,0,0.03695272235657759,Low
2911,50,Low,28,260.12,0,1,0,0,0,0.0,Low
2912,72,High,21,880.53,0,1,0,0,1,0.4311212097451005,Medium
2913,75,Low,17,1362.35,0,1,0,0,0,0.0,Low
2914,24,Low,23,2398.5,0,1,0,0,0,0.0,Low
2915,74,Low,17,123.96,0,1,0,0,0,0.0,Low
2916,29,Low,20,1248.92,0,1,0,0,0,0.0,Low
2917,33,Low,24,2365.09,0,2,0,0,0,0.0,Low
2918,60,Low,25,1476.64,0,2,0,0,0,0.08613028291376545,Low
2919,24,Low,22,498.54,0,3,0,0,0,0.0,Low
2920,68,Low,20,910.09,0,1,0,0,0,0.012526639975201486,Low
2921,49,Low,18,1629.14,0,1,0,0,0,0.05621365521281547,Low
2922,25,Low,20,1709.46,0,1,0,0,0,0.1500761726493984,Low
2923,62,Low,13,1458.51,0,1,0,0,0,0.0,Low
2924,76,Low,20,978.58,0,1,0,0,0,0.024401617033726362,Low
2925,21,Low,16,778.04,0,1,0,0,0,0.0,Low
2926,84,Low,12,1795.75,0,1,0,0,0,0.0,Low
2927,46,Low,21,1177.99,0,2,0,0,0,0.05436636819399427,Low
2928,46,Low,20,934.43,0,2,0,0,0,0.3102928806562217,Medium
2929,45,Low,21,459.31,0,1,0,0,0,0.09905089477699981,Low
2930,61,Low,16,434.61,0,1,0,0,0,0.0,Low
2931,21,Low,20,797.29,0,1,0,0,0,0.0,Low
2932,26,Medium,20,1308.93,0,1,0,0,0,0.09238858603135873,Low
2933,22,Medium,23,1242.49,0,3,0,0,0,0.10811616977694027,Low
2934,73,Medium,16,1188.88,0,2,0,0,0,0.008213446698507187,Low
2935,67,Low,27,894.5,0,1,0,0,0,0.0,Low
2936,32,Low,25,1686.37,0,1,0,0,0,0.07833821750892955,Low
2937,49,Low,23,1914.89,0,1,0,0,0,0.0,Low
2938,45,Low,18,319.95,0,1,0,0,0,0.15411611380016063,Low
2939,39,Low,21,529.22,0,3,0,0,0,0.053056743505578194,Low
2940,34,Low,21,3097.5,0,2,0,0,0,0.0,Low
2941,76,Medium,14,758.13,0,1,0,0,0,0.0,Low
2942,74,Low,19,775.24,0,1,0,0,0,0.5205550245611893,Medium
2943,43,Low,21,427.06,0,2,0,0,0,0.0,Low
2944,42,Low,24,1716.58,0,1,0,0,0,0.08445324673579759,Low
2945,27,Low,13,3617.54,0,1,0,0,0,0.1251523716398321,Low
2946,62,Low,32,428.06,0,1,0,0,0,0.028846585672522743,Low
2947,28,Medium,23,1791.66,0,1,0,0,0,0.0,Low
2948,70,Low,18,376.09,0,1,0,0,0,0.0,Low
2949,45,Medium,22,1611.79,0,1,0,0,0,0.0,Low
2950,82,Low,12,383.52,0,1,0,0,0,0.0,Low
2951,66,Medium,23,113.94,0,1,0,0,0,0.19125008161147453,Low
2952,64,Low,23,3073.73,0,1,0,0,0,0.2400186260336744,Medium
2953,69,Low,19,585.72,0,2,0,0,0,0.2716795856107322,Medium
2954,71,Low,22,218.78,0,1,0,0,0,0.0,Low
2955,77,Low,12,979.27,0,2,0,0,0,0.1574349317186353,Low
2956,74,High,21,1322.38,0,1,0,0,1,0.4418805629211119,Medium
2957,64,Low,16,1842.67,0,1,0,0,0,0.0,Low
2958,48,Low,15,726.62,0,2,0,0,0,0.0,Low
2959,63,Medium,20,692.76,0,1,0,0,0,0.0,Low
2960,43,Low,14,592.31,0,1,0,0,0,0.0,Low
2961,22,Low,19,908.76,0,1,0,0,0,0.0,Low
2962,69,Low,24,1426.26,0,1,0,0,0,0.18547845238729946,Low
2963,71,Low,22,1096.19,0,2,0,0,0,0.22316574565667843,Medium
2964,50,Medium,21,573.71,0,1,0,0,0,0.0,Low
2965,67,Low,24,874.71,0,1,0,0,0,0.22958078256371084,Medium
2966,55,Low,21,282.52,0,1,0,0,0,0.06386097113363813,Low
2967,44,Low,25,743.12,0,1,0,0,0,0.0,Low
2968,32,Medium,23,664.99,0,2,0,0,0,0.0,Low
2969,78,Low,18,1852.74,0,1,0,0,0,0.05115633656531043,Low
2970,38,Medium,20,980.34,0,1,0,0,0,0.0,Low
2971,63,Low,24,751.17,0,1,0,0,0,0.0,Low
2972,23,Low,25,832.8,0,1,0,0,0,0.06550163027640644,Low
2973,55,Medium,23,742.78,0,1,0,0,0,0.3282902336170195,Medium
2974,79,Low,21,338.13,0,1,0,0,0,0.010686049417393711,Low
2975,79,Low,21,1407.83,0,1,0,0,0,0.0,Low
2976,63,Low,25,69.63,0,2,0,0,0,0.0,Low
2977,30,Low,19,581.52,0,2,0,0,0,0.0,Low
2978,20,Low,19,450.51,0,1,0,1,0,0.32218975131328637,Medium
2979,23,High,19,592.54,0,1,0,0,1,0.3359949680490146,Medium
2980,25,Medium,16,1385.74,0,1,0,0,0,0.0,Low
2981,61,Low,15,756.5,0,1,0,0,0,0.0,Low
2982,50,Low,18,842.45,0,2,0,0,0,0.2406501301870482,Medium
2983,67,Low,14,1330.29,0,3,0,1,0,0.0,Low
2984,28,Low,13,1262.76,0,1,0,0,0,0.10284679537192362,Low
2985,45,Low,13,1198.37,0,1,0,0,0,0.1305386891733876,Low
2986,58,Medium,21,853.1,0,1,0,0,0,0.0,Low
2987,33,Low,19,1776.27,0,1,0,0,0,0.09091844008817931,Low
2988,65,Medium,13,437.78,0,1,0,0,0,0.0,Low
2989,73,Low,20,751.73,0,1,0,0,0,0.12213280699516632,Low
2990,81,Low,23,605.07,0,1,0,0,0,0.0,Low
2991,76,Low,23,630.98,0,1,0,0,0,0.040423945733885816,Low
2992,79,Low,22,390.32,0,1,0,0,0,0.010886191482984335,Low
2993,28,Low,23,1533.3,0,1,0,0,0,0.08131654501179283,Low
2994,35,High,21,1288.48,0,2,0,1,1,0.24273614929071935,Medium
2995,36,Low,28,735.2,0,2,0,1,0,0.09221529143738548,Low
2996,72,Medium,34,1147.68,0,3,0,0,0,0.08784984734061901,Low
2997,43,Low,21,1598.29,0,1,0,0,0,0.2627014901350706,Medium
2998,23,High,20,2328.11,0,1,0,0,1,0.5571553018404239,Medium
2999,21,Low,21,256.24,0,1,0,0,0,0.06056864916002817,Low
3000,46,Medium,23,773.41,0,2,0,0,0,0.0,Low
3001,76,Low,24,1915.44,0,1,0,0,0,0.04476889578885513,Low
3002,34,Low,16,3210.99,0,1,0,0,0,0.08783044154388966,Low
3003,60,Medium,12,1075.2,0,1,0,0,0,0.2671294532370547,Medium
3004,83,Low,17,1503.63,0,3,0,0,0,0.0,Low
3005,51,Low,20,35.62,0,2,0,0,0,0.0,Low
3006,25,Low,15,1116.53,0,1,0,0,0,0.30157463449044536,Medium
3007,30,Medium,19,714.47,0,2,0,0,0,0.0,Low
3008,25,Low,21,1403.08,0,1,0,0,0,0.0735780745630412,Low
3009,82,Low,24,2423.22,0,1,0,0,0,0.0,Low
3010,60,Low,24,846.31,0,2,0,0,0,0.0,Low
3011,56,Low,27,814.97,0,1,0,0,0,0.0487576625751671,Low
3012,76,Medium,17,532.08,0,1,0,1,0,0.14292549309421804,Low
3013,61,Low,17,73.66,0,2,0,0,0,0.02720399589133986,Low
3014,26,Low,20,568.56,0,1,0,0,0,0.03832010270511896,Low
3015,54,Medium,20,238.05,0,3,0,0,0,0.010645696867556913,Low
3016,53,Low,16,264.69,0,1,0,0,0,0.0,Low
3017,45,Low,20,1130.36,0,1,0,0,0,0.12423905045620025,Low
3018,59,Low,14,303.41,0,1,0,0,0,0.02719314819083598,Low
3019,60,Low,18,902.29,0,2,0,0,0,0.0,Low
3020,59,Low,18,2969.96,0,1,0,0,0,0.0,Low
3021,83,Low,18,628.5,0,1,0,0,0,0.0,Low
3022,72,Low,22,266.1,0,1,0,0,0,0.18073350185071516,Low
3023,65,Low,23,2509.63,0,2,0,0,0,0.0,Low
3024,39,Low,19,377.96,0,1,0,0,0,0.0,Low
3025,44,Low,21,587.61,0,1,0,0,0,0.0,Low
3026,84,Low,21,1700.67,0,1,0,0,0,0.0,Low
3027,30,Low,19,327.35,0,1,0,0,0,0.3305627697745122,Medium
3028,62,Low,11,546.65,0,1,0,0,0,0.013339825716942331,Low
3029,27,Low,25,310.28,0,1,0,0,0,0.0,Low
3030,26,Low,15,1684.16,0,2,0,0,0,0.0,Low
3031,71,Low,21,298.03,0,1,0,0,0,0.0,Low
3032,44,Low,24,1239.23,0,1,0,0,0,0.02766256818628717,Low
3033,51,Low,20,782.37,0,1,0,0,0,0.0,Low
3034,18,Low,20,521.31,0,3,0,0,0,0.16703996756294706,Low
3035,49,Low,27,768.7,0,1,0,0,0,0.0,Low
3036,84,Medium,18,594.6,0,2,0,0,0,0.054218059356649674,Low
3037,37,Medium,21,436.18,0,2,0,0,0,0.0027825206863336133,Low
3038,52,Low,20,133.78,0,1,0,0,0,0.0,Low
3039,34,Low,21,320.95,0,1,0,0,0,0.053948865298743105,Low
3040,35,Low,24,978.07,0,1,0,0,0,0.0,Low
3041,62,Low,23,663.9,0,2,0,0,0,0.1493331265628495,Low
3042,70,Low,16,1221.84,0,2,0,0,0,0.06033341448443297,Low
3043,82,Low,23,900.11,0,2,0,0,0,0.0,Low
3044,18,Low,24,40.57,0,1,0,0,0,0.13334372125570126,Low
3045,75,Low,19,1130.04,0,1,0,0,0,0.04341127862173144,Low
3046,43,Low,19,275.6,0,1,0,0,0,0.0,Low
3047,37,Low,22,835.16,0,1,0,0,0,0.1419958766205383,Low
3048,27,Low,24,181.83,0,1,0,0,0,0.1301085942990319,Low
3049,76,Low,22,1634.9,0,1,0,0,0,0.0,Low
3050,58,Low,17,1426.34,0,1,0,0,0,0.0,Low
3051,22,Low,17,690.13,0,1,0,0,0,0.018603609684162,Low
3052,82,Low,24,1387.6,0,1,0,0,0,0.0,Low
3053,34,Low,21,342.91,0,2,0,0,0,0.0,Low
3054,39,Low,28,487.88,0,1,0,0,0,0.0,Low
3055,58,Low,22,1602.87,0,2,0,0,0,0.025833068070109683,Low
3056,28,Medium,16,18.36,0,1,0,0,0,0.03334278390020924,Low
3057,73,Medium,17,711.34,0,1,0,0,0,0.0,Low
3058,68,Low,18,1069.84,0,1,0,0,0,0.0,Low
3059,38,Low,32,561.84,0,1,0,0,0,0.0,Low
3060,43,Low,23,1913.82,0,1,0,0,0,0.0415449124266418,Low
3061,36,Medium,16,2287.79,0,2,0,0,0,0.08573615378026694,Low
3062,77,Low,18,1127.54,0,1,0,0,0,0.1085158596560685,Low
3063,64,Medium,22,277.9,0,1,0,0,0,0.0,Low
3064,43,Low,24,1405.89,0,1,0,0,0,0.08028530208560498,Low
3065,57,Low,26,2876.45,0,1,0,0,0,0.0,Low
3066,22,Medium,18,866.85,0,1,0,0,0,0.19981517091179937,Low
3067,38,Low,23,739.86,0,1,0,0,0,0.0,Low
3068,21,Low,24,364.97,0,1,0,0,0,0.0,Low
3069,40,Low,17,1029.1,0,1,0,0,0,0.0,Low
3070,32,Low,13,758.93,0,1,0,0,0,0.21696474954658648,Medium
3071,25,Low,16,60.25,0,1,0,0,0,0.09524766084517923,Low
3072,58,Low,15,1344.58,0,1,0,0,0,0.26856384350460605,Medium
3073,36,Low,20,246.39,0,1,0,0,0,0.045152569552868844,Low
3074,63,Low,20,3209.88,0,2,0,0,0,0.20355202823637414,Medium
3075,45,Medium,28,910.79,0,1,0,0,0,0.0,Low
3076,32,Low,18,692.42,0,1,0,0,0,0.0,Low
3077,54,Low,14,879.28,0,1,0,0,0,0.05488727465274472,Low
3078,18,Low,21,837.56,0,2,0,0,0,0.011164067491610502,Low
3079,84,Low,12,595.87,0,3,0,0,0,0.07505084134206148,Low
3080,41,Low,19,162.52,0,1,0,0,0,0.12484010343678134,Low
3081,44,High,19,1942.93,0,1,0,0,1,0.46034316717400314,Medium
3082,57,Low,20,869.84,0,1,0,0,0,0.0,Low
3083,80,Low,27,1695.68,0,1,0,0,0,0.0,Low
3084,78,Low,16,188.63,0,1,0,0,0,0.07224375974830011,Low
3085,53,Low,14,419.83,0,1,0,0,0,0.0,Low
3086,41,Medium,17,554.87,0,1,0,1,0,0.09469909175264764,Low
3087,41,Low,20,285.54,0,1,0,0,0,0.31482902709748206,Medium
3088,21,Low,17,1342.76,0,2,0,0,0,0.0,Low
3089,84,Low,30,670.17,0,1,0,0,0,0.10163456704662947,Low
3090,51,Low,11,1008.67,0,1,0,0,0,0.0,Low
3091,74,Low,14,480.13,0,1,0,0,0,0.0,Low
3092,66,Low,22,1746.06,0,3,0,0,0,0.0,Low
3093,70,Low,19,1458.22,0,1,0,0,0,0.09355929630972831,Low
3094,40,Low,19,1312.62,0,1,0,0,0,0.0,Low
3095,70,Low,24,909.29,0,2,0,0,0,0.0,Low
3096,79,Medium,20,1943.77,0,1,0,0,0,0.0,Low
3097,58,Medium,18,1470.73,0,1,1,0,0,0.31637185272181834,Medium
3098,74,Low,18,777.19,0,1,0,0,0,0.0,Low
3099,77,Low,23,522.6,0,2,0,0,0,0.0,Low
3100,71,Low,21,667.6,0,3,0,0,0,0.0,Low
3101,74,Low,23,1166.14,0,2,0,0,0,0.0,Low
3102,27,Low,26,187.01,0,3,0,0,0,0.0,Low
3103,57,Low,19,403.23,0,1,0,0,0,0.09603221245556202,Low
3104,24,Medium,28,1923.81,0,3,0,0,0,0.07725042622163487,Low
3105,55,Medium,28,1633.82,0,1,0,0,0,0.08399080112596627,Low
3106,78,Low,17,671.91,0,3,0,0,0,0.09118184441021657,Low
3107,20,Low,20,4654.55,0,1,0,0,0,0.0656265888772953,Low
3108,68,Low,20,1413.74,0,2,0,0,0,0.21576024278184544,Medium
3109,64,Low,16,876.57,0,1,0,0,0,0.0901988282946259,Low
3110,55,Low,28,1654.63,0,1,0,0,0,0.005506952218797919,Low
3111,53,Low,21,503.88,0,1,0,0,0,0.2310135814926304,Medium
3112,58,Medium,20,437.68,0,1,0,0,0,0.08022161215584245,Low
3113,30,Low,14,754.06,0,1,0,0,0,0.08607573186029374,Low
3114,75,Low,12,844.3,0,3,0,0,0,0.0,Low
3115,67,Low,23,438.54,0,1,0,0,0,0.004768170872881346,Low
3116,47,Low,28,2105.89,0,3,0,0,0,0.0,Low
3117,79,Low,21,622.27,0,3,0,0,0,0.0,Low
3118,42,Medium,19,142.71,0,1,0,0,0,0.0,Low
3119,44,Low,15,911.08,0,1,0,0,0,0.0,Low
3120,68,Low,26,707.64,0,1,0,0,0,0.20526260993744613,Medium
3121,74,Low,22,1526.04,0,1,0,0,0,0.06520493313343323,Low
3122,64,Low,20,509.1,0,1,0,0,0,0.13010679056930724,Low
3123,56,Medium,28,1351.86,0,1,0,0,0,0.0,Low
3124,33,Low,30,1016.37,0,1,0,0,0,0.04535216943460626,Low
3125,39,Medium,20,1723.79,0,1,0,0,0,0.30494078891191995,Medium
3126,71,Low,19,904.88,0,1,0,0,0,0.11982240778886583,Low
3127,38,Low,24,418.86,0,1,0,0,0,0.0,Low
3128,33,Low,26,1055.36,0,2,0,1,0,0.0,Low
3129,76,Low,19,321.3,0,1,0,0,0,0.0,Low
3130,48,Low,18,85.67,0,1,0,0,0,0.09849332073737617,Low
3131,59,Medium,28,448.7,0,1,0,0,0,0.03312642376211784,Low
3132,49,Low,18,1801.15,0,2,0,0,0,0.26952130596385077,Medium
3133,76,Low,22,2694.99,0,1,0,0,0,0.00970404367306574,Low
3134,51,Low,21,183.79,0,1,0,0,0,0.0,Low
3135,26,Low,23,1594.11,0,1,0,0,0,0.0,Low
3136,28,Low,21,2402.35,0,3,0,0,0,0.006383173431842143,Low
3137,27,Low,19,312.44,0,3,0,0,0,0.0,Low
3138,34,Low,20,2120.75,0,1,0,1,0,0.19952146011308175,Low
3139,65,Low,13,252.56,0,2,0,0,0,0.0559357163281222,Low
3140,69,Low,17,757.08,0,1,0,0,0,0.0,Low
3141,42,Low,22,1107.35,0,1,0,0,0,0.0,Low
3142,38,Low,18,337.67,0,1,0,0,0,0.18930721588560068,Low
3143,82,Low,17,2034.46,0,1,0,0,0,0.24187910906654236,Medium
3144,80,High,16,818.69,0,2,0,0,1,0.20853322346125375,Medium
3145,68,Low,24,1492.6,0,3,0,0,0,0.0,Low
3146,53,Low,15,356.93,0,1,0,1,0,0.31453013848406025,Medium
3147,83,Low,18,2801.1,0,1,0,0,0,0.3040433336420951,Medium
3148,32,Low,14,1206.3,0,1,0,0,0,0.03296700251145179,Low
3149,56,Medium,12,1169.61,0,1,0,0,0,0.016323611732817975,Low
3150,18,Low,19,1092.8,0,3,0,0,0,0.0,Low
3151,40,Medium,24,1182.5,0,2,0,0,0,0.1519141213977616,Low
3152,56,Medium,23,1392.72,0,1,0,0,0,0.0,Low
3153,74,Low,19,623.9,0,1,0,0,0,0.23548160504051807,Medium
3154,51,Low,30,237.91,0,2,0,0,0,0.05409668890698042,Low
3155,58,Low,20,249.57,0,1,0,0,0,0.03885516729858983,Low
3156,30,Low,22,873.03,0,3,0,0,0,0.0,Low
3157,23,Low,23,2450.85,0,1,0,0,0,0.0,Low
3158,69,Low,19,752.5,0,1,0,0,0,0.0,Low
3159,20,Low,19,1865.41,0,1,0,0,0,0.0,Low
3160,80,Low,20,779.08,0,1,0,0,0,0.1657836817950396,Low
3161,66,Low,17,2261.63,0,1,0,0,0,0.12328220095601007,Low
3162,64,Medium,18,1161.23,0,1,0,0,0,0.0,Low
3163,72,Low,12,1040.12,0,2,0,0,0,0.0,Low
3164,81,Medium,17,1743.32,0,1,0,0,0,0.0,Low
3165,82,Low,21,1151.22,0,1,0,0,0,0.02304093609784111,Low
3166,84,Low,15,1350.45,0,2,0,0,0,0.03474610826796842,Low
3167,32,Low,20,860.41,0,2,0,1,0,0.47495534108878057,Medium
3168,49,Low,22,1092.07,0,1,0,0,0,0.21459675868027292,Medium
3169,35,Low,20,272.83,0,2,0,0,0,0.11913601300518768,Low
3170,60,Low,20,2016.48,0,3,0,0,0,0.0,Low
3171,52,Medium,23,2062.44,0,1,0,0,0,0.0422624599707607,Low
3172,75,Low,21,649.74,0,1,0,0,0,0.07697794712088785,Low
3173,50,Low,22,800.81,0,1,0,0,0,0.19767408973128833,Low
3174,31,Medium,22,2758.66,0,1,0,0,0,0.0,Low
3175,51,Low,20,665.1,0,1,0,0,0,0.13366998922357198,Low
3176,78,Low,23,1453.64,0,1,0,0,0,0.08934656359235056,Low
3177,21,Low,15,990.01,0,3,0,0,0,0.0,Low
3178,76,Medium,23,200.61,0,1,0,0,0,0.19555794805513252,Low
3179,46,Low,17,1194.99,0,1,0,0,0,0.0,Low
3180,23,Low,27,1983.55,0,2,0,1,0,0.525944589001737,Medium
3181,66,Low,11,720.68,0,1,0,0,0,0.19746263333980804,Low
3182,57,Medium,14,287.24,0,1,0,0,0,0.0,Low
3183,82,Low,24,1542.41,0,1,0,0,0,0.0,Low
3184,44,High,18,210.41,0,1,0,0,1,0.394838816961113,Medium
3185,23,Low,23,224.9,0,3,0,0,0,0.0,Low
3186,30,Medium,26,2852.64,0,1,0,0,0,0.0,Low
3187,81,Low,14,1776.78,0,2,0,1,0,0.3231472381132948,Medium
3188,79,Low,26,901.21,0,1,0,0,0,0.0,Low
3189,36,Medium,17,1222.19,0,2,0,0,0,0.14103505372199351,Low
3190,60,Low,18,378.42,0,1,0,0,0,0.0,Low
3191,37,Low,16,979.14,0,1,0,0,0,0.1639829022879869,Low
3192,61,Low,27,316.96,0,3,0,0,0,0.2044220119695402,Medium
3193,40,Low,15,307.56,0,1,0,0,0,0.0,Low
3194,19,Low,20,1596.5,0,1,0,0,0,0.0,Low
3195,39,Low,20,588.05,0,1,0,0,0,0.024818535931614562,Low
3196,74,Low,15,511.63,0,1,0,0,0,0.03847310595174021,Low
3197,24,Low,22,1137.73,0,2,0,0,0,0.0,Low
3198,73,Low,22,494.48,0,2,0,0,0,0.25018636707538866,Medium
3199,84,Low,18,705.17,0,1,0,0,0,0.0,Low
3200,33,Low,19,2580.9,0,3,0,0,0,0.09594011424035831,Low
3201,68,Low,22,223.11,0,1,0,0,0,0.0,Low
3202,29,Low,18,2309.24,0,1,0,0,0,0.0,Low
3203,70,Medium,14,4940.54,0,1,0,0,0,0.17515494600858653,Low
3204,22,Low,23,240.8,0,1,0,0,0,0.0,Low
3205,44,Medium,21,278.21,0,1,0,0,0,0.11786142886653035,Low
3206,29,Medium,14,1297.07,0,1,0,0,0,0.0,Low
3207,34,Medium,23,917.75,0,3,0,0,0,0.0,Low
3208,23,Low,14,437.59,0,1,0,0,0,0.0,Low
3209,22,Medium,22,2027.06,0,1,0,0,0,0.0,Low
3210,74,Medium,18,626.42,0,1,0,0,0,0.0,Low
3211,45,Low,15,1033.77,0,1,0,0,0,0.10796372439545429,Low
3212,76,Low,19,1425.68,0,1,0,0,0,0.1414039250470139,Low
3213,50,Low,17,1215.15,0,1,0,0,0,0.18320879905923212,Low
3214,79,Low,25,851.59,0,1,0,0,0,0.0,Low
3215,67,Low,18,1473.21,0,1,0,0,0,0.0,Low
3216,36,Low,12,191.23,0,2,0,0,0,0.03207152214527302,Low
3217,83,Low,19,1770.33,0,3,0,0,0,0.05558097577784698,Low
3218,64,Low,16,664.71,0,1,0,0,0,0.05644684604249449,Low
3219,56,Low,13,1348.83,0,1,0,0,0,0.2300329217844986,Medium
3220,50,Low,16,823.92,0,1,0,0,0,0.01661635786630231,Low
3221,30,Medium,27,513.07,0,2,0,0,0,0.3147766787300064,Medium
3222,71,Low,18,775.21,0,1,0,0,0,0.13193413695708728,Low
3223,24,Low,27,1057.05,0,1,0,0,0,0.13656356116991605,Low
3224,31,Low,19,1186.82,0,1,0,0,0,0.013131807445691632,Low
3225,36,Low,17,1070.92,0,2,0,0,0,0.0,Low
3226,71,Low,17,481.61,0,1,0,0,0,0.0,Low
3227,37,Medium,31,344.83,0,1,0,0,0,0.027467754403100945,Low
3228,46,Low,16,376.49,0,1,0,0,0,0.13140279268728342,Low
3229,41,High,17,699.46,0,1,0,0,1,0.3704702276566293,Medium
3230,80,Low,26,1334.31,0,2,0,0,0,0.0,Low
3231,74,Low,11,1400.51,0,2,0,0,0,0.0,Low
3232,25,Low,21,536.08,0,2,0,0,0,0.07680539035396532,Low
3233,79,Medium,20,855.11,0,1,0,0,0,0.0,Low
3234,46,Low,25,210.9,0,1,0,0,0,0.05969538705678738,Low
3235,34,Low,25,625.36,0,1,0,0,0,0.042488067464603034,Low
3236,83,Medium,22,532.92,0,1,0,0,0,0.0,Low
3237,23,Low,14,430.81,0,2,0,0,0,0.18079113376955933,Low
3238,75,Low,16,926.33,0,1,0,0,0,0.23850911532746388,Medium
3239,45,Medium,18,2639.26,0,1,0,0,0,0.0,Low
3240,79,Low,16,890.92,0,3,0,0,0,0.0,Low
3241,58,Low,19,1861.58,0,3,0,0,0,0.08770036653851748,Low
3242,58,Low,10,1596.19,0,1,0,0,0,0.25397951844135874,Medium
3243,66,Low,24,556.29,0,1,0,0,0,0.0,Low
3244,66,Low,26,1482.07,0,1,0,0,0,0.06322436254806384,Low
3245,20,Low,32,2741.47,0,3,0,0,0,0.0,Low
3246,27,Low,20,281.09,0,1,0,0,0,0.0,Low
3247,52,Low,18,1594.65,0,3,0,0,0,0.3102845826423829,Medium
3248,19,Medium,21,807.01,0,1,0,0,0,0.058321637558772996,Low
3249,41,High,21,484.49,0,1,0,1,1,0.36935118265011735,Medium
3250,55,Low,19,1134.81,0,1,0,0,0,0.0,Low
3251,39,Low,29,1157.3,0,1,0,0,0,0.0,Low
3252,43,Medium,17,3669.46,0,3,0,0,0,0.0,Low
3253,60,Low,24,501.15,0,1,0,0,0,0.0,Low
3254,72,Low,12,889.86,0,1,0,0,0,0.03167226308745679,Low
3255,56,Medium,20,877.46,0,1,0,0,0,0.06739927408737414,Low
3256,46,Medium,30,498.42,0,2,0,0,0,0.0,Low
3257,37,Low,23,383.95,0,1,0,0,0,0.0,Low
3258,58,Low,16,613.86,0,2,0,0,0,0.06065293682477819,Low
3259,71,Low,20,784.63,0,1,0,0,0,0.0,Low
3260,37,Low,17,361.33,0,1,0,0,0,0.0,Low
3261,36,Low,20,1658.79,0,1,0,0,0,0.015845055819724417,Low
3262,83,Low,15,1241.79,0,1,0,0,0,0.004584249651058832,Low
3263,47,Low,17,288.7,0,1,0,0,0,0.0,Low
3264,70,Medium,24,605.02,0,3,0,0,0,0.15784611153099634,Low
3265,51,Medium,18,941.02,0,1,0,0,0,0.07408040854734206,Low
3266,39,Low,29,1423.07,0,1,0,0,0,0.3027137712454761,Medium
3267,84,Medium,14,789.38,0,1,0,0,0,0.0,Low
3268,23,Medium,20,1366.87,0,1,0,0,0,0.10579498550880231,Low
3269,44,Low,11,1088.62,0,2,0,0,0,0.21865553675746682,Medium
3270,27,Low,27,1482.0,0,2,1,0,0,0.16604207684644764,Low
3271,65,Low,20,445.51,0,1,0,0,0,0.0,Low
3272,76,Low,19,1269.19,0,1,0,0,0,0.18393836065192118,Low
3273,76,Low,21,809.5,0,1,0,0,0,0.1009987662677674,Low
3274,19,Low,15,1824.86,0,1,0,0,0,0.0,Low
3275,46,Low,21,436.87,0,1,0,0,0,0.0,Low
3276,82,Low,13,1103.61,0,2,0,0,0,0.0,Low
3277,43,Medium,18,895.38,0,1,0,0,0,0.0,Low
3278,27,Low,17,746.84,0,1,0,0,0,0.0,Low
3279,70,Low,21,628.06,0,1,0,0,0,0.0,Low
3280,76,Low,18,666.46,0,1,0,0,0,0.0,Low
3281,39,Low,15,2514.88,0,1,0,0,0,0.0,Low
3282,68,Medium,19,730.16,0,1,0,0,0,0.0,Low
3283,65,Low,24,2391.93,0,2,0,0,0,0.017602294107671706,Low
3284,38,Low,21,746.27,0,1,0,0,0,0.0,Low
3285,39,Medium,22,966.73,0,1,0,0,0,0.00876877378051,Low
3286,47,Low,22,851.59,0,2,0,0,0,0.002247835936113083,Low
3287,42,Low,22,2484.59,0,2,0,0,0,0.0,Low
3288,45,Low,19,1533.4,0,1,0,0,0,0.15955896785520376,Low
3289,82,Medium,19,581.28,0,1,0,0,0,0.10995629754067408,Low
3290,62,Low,19,222.16,0,2,0,0,0,0.006409946190065146,Low
3291,24,Low,24,593.12,0,1,0,0,0,0.0,Low
3292,66,Low,12,2054.54,0,1,0,0,0,0.2040211639015671,Medium
3293,26,Low,26,307.67,0,1,0,0,0,0.0,Low
3294,53,Medium,16,233.45,0,3,0,0,0,0.14686700993343568,Low
3295,18,Low,19,490.22,0,1,0,0,0,0.0,Low
3296,27,Low,20,358.83,0,1,0,0,0,0.19745308536058573,Low
3297,53,Low,25,412.5,0,1,0,0,0,0.06968904881783397,Low
3298,63,Medium,19,131.55,0,2,0,0,0,0.13426838347746983,Low
3299,49,Low,20,979.5,0,1,0,0,0,0.03181088579597567,Low
3300,49,Medium,20,1126.84,0,2,0,0,0,0.06704442523211952,Low
3301,23,Medium,19,727.49,0,1,0,0,0,0.004682844075651523,Low
3302,65,Low,19,225.51,0,1,0,0,0,0.0,Low
3303,55,Low,23,492.8,0,2,0,0,0,0.16412209789664467,Low
3304,34,Low,23,1101.22,0,1,0,0,0,0.0,Low
3305,44,Medium,19,1211.32,0,3,0,0,0,0.0146326846957814,Low
3306,71,Low,23,137.89,0,2,0,0,0,0.0,Low
3307,67,Low,17,871.44,0,3,0,0,0,0.0,Low
3308,52,Medium,23,459.25,0,2,0,0,0,0.05956830262113915,Low
3309,42,Low,24,828.85,0,2,0,0,0,0.25887684191242283,Medium
3310,45,Low,22,244.7,0,1,0,0,0,0.0,Low
3311,32,Low,20,164.46,0,1,0,0,0,0.0,Low
3312,21,Low,26,712.51,0,1,0,0,0,0.0,Low
3313,44,Medium,18,765.17,0,1,0,0,0,0.0,Low
3314,43,Low,21,394.88,0,2,0,0,0,0.26785634851014434,Medium
3315,36,Low,16,2254.87,0,1,1,0,0,0.1402921024135071,Low
3316,34,Medium,20,448.0,0,1,0,0,0,0.0,Low
3317,60,Low,18,440.87,0,2,0,0,0,0.21352193736518235,Medium
3318,58,High,20,849.34,0,3,0,0,1,0.5729007776213789,Medium
3319,59,High,19,769.07,0,2,0,0,1,0.7474124570055325,High
3320,67,Low,25,449.7,0,2,0,0,0,0.16093150427871944,Low
3321,57,Low,20,1120.47,0,1,0,0,0,0.036747697908508015,Low
3322,56,Low,23,1114.38,0,2,0,0,0,0.09296426523583638,Low
3323,40,Low,19,862.69,0,1,0,0,0,0.0,Low
3324,69,Low,23,973.08,0,3,0,0,0,0.0,Low
3325,64,Low,21,807.89,0,1,0,0,0,0.0,Low
3326,80,Low,19,772.37,0,2,0,0,0,0.2144958701611875,Medium
3327,60,Medium,25,248.76,0,1,0,0,0,0.0,Low
3328,65,Low,25,898.55,0,1,0,0,0,0.0,Low
3329,51,Low,25,1552.56,0,2,0,0,0,0.0,Low
3330,57,Low,14,974.45,0,2,0,0,0,0.15129700869348492,Low
3331,78,High,26,653.28,0,2,0,0,1,0.4254939806403292,Medium
3332,67,Low,19,1504.67,0,1,0,0,0,0.0,Low
3333,84,Medium,21,975.39,0,1,0,0,0,0.0,Low
3334,79,Low,16,444.84,0,1,0,0,0,0.21391505411931003,Medium
3335,75,Low,21,1501.98,0,1,0,0,0,0.0,Low
3336,50,Low,11,557.18,0,1,0,0,0,0.0,Low
3337,33,Low,18,321.87,0,2,0,0,0,0.0,Low
3338,65,Low,25,400.11,0,1,0,0,0,0.08057355180648201,Low
3339,27,Low,18,515.67,0,2,0,0,0,0.0,Low
3340,55,Low,18,235.84,0,1,0,0,0,0.2155351235546831,Medium
3341,36,Medium,14,1943.94,0,1,0,0,0,0.008325446601627208,Low
3342,53,Low,21,156.7,0,1,0,0,0,0.24993059797329273,Medium
3343,76,High,17,1219.43,0,2,0,1,1,0.4620101098206437,Medium
3344,80,Low,12,1010.67,0,2,0,1,0,0.279209130855803,Medium
3345,63,Low,14,962.81,0,1,0,0,0,0.0,Low
3346,20,Low,18,1112.12,0,1,0,0,0,0.0,Low
3347,82,Low,13,705.02,0,1,0,0,0,0.0,Low
3348,25,Low,19,1223.38,0,2,0,0,0,0.20622107490129063,Medium
3349,68,Low,20,754.69,0,2,0,1,0,0.40613918397511106,Medium
3350,23,Low,10,601.97,0,1,0,0,0,0.18388279383528053,Low
3351,56,Low,16,263.68,0,1,0,0,0,0.14425109423177446,Low
3352,77,Low,19,1041.73,0,1,0,0,0,0.41187539181101157,Medium
3353,45,Medium,23,1056.02,0,1,0,0,0,0.03172961922326513,Low
3354,71,Low,24,806.4,0,1,0,0,0,0.25294301631192134,Medium
3355,54,Low,18,1407.27,0,1,1,0,0,0.2985210676284488,Medium
3356,26,Low,19,1769.78,0,1,0,0,0,0.09154051737084179,Low
3357,73,Low,20,535.64,0,1,0,0,0,0.12352008880387819,Low
3358,76,Low,19,1255.37,0,1,0,0,0,0.0,Low
3359,19,Low,18,259.09,0,1,0,0,0,0.0,Low
3360,78,Low,18,850.98,0,1,0,0,0,0.0,Low
3361,75,Low,23,709.63,0,1,0,0,0,0.0,Low
3362,77,Low,10,1435.0,0,1,0,0,0,0.0,Low
3363,57,Low,23,571.0,0,1,0,0,0,0.024794761354657205,Low
3364,53,Low,22,1832.99,0,2,0,0,0,0.053534669123689975,Low
3365,54,High,19,678.15,0,3,0,0,1,0.24930597542015656,Medium
3366,35,Low,17,263.51,0,1,0,0,0,0.005629577141950709,Low
3367,80,Low,23,174.43,0,1,0,0,0,0.0,Low
3368,39,Medium,17,1343.81,0,2,0,0,0,0.1808228092095246,Low
3369,28,Medium,22,235.55,0,3,0,0,0,0.086800017187224,Low
3370,75,Low,22,1146.53,0,1,0,0,0,0.0,Low
3371,74,Low,16,1326.25,0,1,0,0,0,0.1466768728494434,Low
3372,21,High,15,438.69,0,2,0,0,1,0.3922920476858837,Medium
3373,24,Low,17,993.92,0,1,0,0,0,0.009473847139109011,Low
3374,78,Medium,22,2246.06,0,3,0,0,0,0.0,Low
3375,71,Low,26,722.49,0,1,0,0,0,0.030332725258692326,Low
3376,18,Low,17,194.46,0,2,0,0,0,0.14170647891280427,Low
3377,72,Low,18,499.53,0,1,0,0,0,0.0,Low
3378,20,Low,16,2437.23,0,1,0,0,0,0.23706599064934042,Medium
3379,55,Medium,21,1399.8,0,3,0,0,0,0.13545992485263886,Low
3380,18,High,22,294.92,0,1,0,0,1,0.27483902251909775,Medium
3381,55,Low,26,1739.33,0,1,0,0,0,0.039214954833790165,Low
3382,46,Low,21,1806.17,0,2,0,0,0,0.0,Low
3383,22,Medium,21,576.7,0,1,0,0,0,0.0,Low
3384,38,Low,17,254.42,0,1,1,0,0,0.03895862775518566,Low
3385,84,Low,23,1637.43,0,1,0,0,0,0.0,Low
3386,64,Low,21,2647.92,0,1,0,0,0,0.0,Low
3387,52,Low,13,448.66,0,2,0,0,0,0.0,Low
3388,18,Medium,18,1343.82,0,2,0,0,0,0.03407990573606969,Low
3389,29,Low,15,458.33,0,1,0,0,0,0.0,Low
3390,77,Low,23,441.79,0,1,0,0,0,0.12506226922244415,Low
3391,44,High,24,996.12,0,1,0,0,1,0.36794168264723764,Medium
3392,73,Low,15,399.89,0,2,0,0,0,0.04653235806226017,Low
3393,40,Low,23,788.44,0,2,0,0,0,0.0,Low
3394,42,Low,13,1845.65,0,3,0,0,0,0.0004523750168013275,Low
3395,38,Low,17,210.5,0,3,0,0,0,0.11807318088376592,Low
3396,78,Low,14,1466.09,0,1,0,0,0,0.0,Low
3397,80,Low,21,939.99,0,1,0,0,0,0.004945670461350024,Low
3398,69,Low,17,1122.82,0,1,0,0,0,0.0,Low
3399,42,Low,13,875.88,0,1,0,0,0,0.23109420070974054,Medium
3400,72,Low,14,2018.47,0,1,0,0,0,0.0,Low
3401,63,Low,15,1078.3,0,2,0,0,0,0.3241686028189823,Medium
3402,49,Low,22,617.18,0,1,0,0,0,0.19384058330744508,Low
3403,72,Low,25,942.62,0,1,0,0,0,0.01703809018697125,Low
3404,22,Low,14,590.68,0,1,1,0,0,0.08466366465455721,Low
3405,53,Low,24,468.35,0,2,0,0,0,0.0,Low
3406,66,Medium,19,1726.06,0,1,1,0,0,0.4029298389098182,Medium
3407,75,Medium,21,593.15,0,1,0,0,0,0.01654382667659082,Low
3408,56,Low,22,162.64,0,1,0,0,0,0.0,Low
3409,78,Medium,13,1131.48,0,2,0,0,0,0.1661283335130446,Low
3410,26,Low,15,620.65,0,1,0,0,0,0.0,Low
3411,23,High,22,2280.04,0,3,0,0,1,0.4424062822621484,Medium
3412,52,Low,22,1266.57,0,1,0,0,0,0.1492185537579856,Low
3413,56,Low,14,2205.25,0,3,0,0,0,0.1323371188732844,Low
3414,39,Low,30,1442.97,0,2,0,0,0,0.16200165389209115,Low
3415,58,Low,13,1757.66,0,1,0,0,0,0.1047935413538608,Low
3416,22,High,26,1087.74,0,1,0,0,1,0.2995533058126429,Medium
3417,59,Low,25,1509.95,0,1,0,0,0,0.0,Low
3418,84,Low,28,414.96,0,2,0,0,0,0.20243520994431574,Medium
3419,47,Low,18,1438.17,0,1,0,0,0,0.0,Low
3420,74,Low,25,249.6,0,1,0,0,0,0.0,Low
3421,46,Low,22,790.58,0,1,0,0,0,0.08118416757713036,Low
3422,54,Low,19,518.03,0,2,0,0,0,0.0,Low
3423,30,High,20,1000.48,0,1,0,0,1,0.14868710978327532,Low
3424,49,Low,20,580.89,0,1,0,0,0,0.104844107017515,Low
3425,63,Low,18,259.07,0,1,0,0,0,0.06793819440804398,Low
3426,40,Medium,20,236.65,0,1,0,1,0,0.5951536134400184,Medium
3427,62,Low,23,281.08,0,1,0,0,0,0.029064069982984633,Low
3428,34,Low,16,1019.92,0,2,1,0,0,0.6180052097442665,High
3429,83,Low,24,1048.04,0,1,0,1,0,0.34754172704423664,Medium
3430,23,Medium,16,579.23,0,1,0,0,0,0.0,Low
3431,35,Low,21,1158.98,0,1,0,0,0,0.004588122511208938,Low
3432,39,Medium,13,731.8,0,3,0,0,0,0.0,Low
3433,50,Medium,24,1100.07,0,1,0,0,0,0.0,Low
3434,47,Low,18,828.57,0,3,0,0,0,0.0,Low
3435,49,Low,24,1476.79,0,1,0,0,0,0.12028461983325309,Low
3436,59,Low,18,408.71,0,1,0,0,0,0.0,Low
3437,27,Low,21,133.43,0,2,0,0,0,0.1763813539889902,Low
3438,53,Medium,20,737.49,0,1,0,0,0,0.15434166335255858,Low
3439,51,High,23,894.18,0,2,0,0,1,0.36417914815803387,Medium
3440,45,Low,31,332.12,0,2,0,0,0,0.0,Low
3441,28,Low,17,386.22,0,1,0,0,0,0.0,Low
3442,56,Low,14,1242.72,0,1,0,0,0,0.00404284577964763,Low
3443,64,Low,15,1265.77,0,1,0,0,0,0.04833026204842572,Low
3444,36,Low,18,712.66,0,2,0,0,0,0.0,Low
3445,32,Low,17,183.98,0,1,0,0,0,0.0,Low
3446,45,Low,29,1209.05,0,1,0,0,0,0.04278195086421587,Low
3447,41,Low,18,886.89,0,1,0,0,0,0.1549660280791304,Low
3448,26,Low,22,526.66,0,3,0,0,0,0.03648874253153128,Low
3449,64,Medium,25,1585.13,0,1,0,0,0,0.0,Low
3450,50,Medium,22,64.64,0,1,0,0,0,0.03557063654814147,Low
3451,79,Low,11,792.53,0,1,0,0,0,0.0,Low
3452,36,Low,31,1220.08,0,2,0,0,0,0.0,Low
3453,84,Low,18,251.76,0,1,0,1,0,0.011501237129266317,Low
3454,57,Low,20,227.83,0,1,0,0,0,0.0,Low
3455,64,Low,23,2417.27,0,1,0,0,0,0.0,Low
3456,82,Low,16,1255.35,0,1,1,0,0,0.16073271858157306,Low
3457,46,Low,14,2028.1,0,1,0,0,0,0.0,Low
3458,67,Low,18,1508.23,0,1,0,0,0,0.34880082796191697,Medium
3459,30,Low,25,1033.4,0,1,0,0,0,0.0,Low
3460,18,Low,24,2630.29,0,1,0,0,0,0.18066035910843145,Low
3461,51,Low,11,954.01,0,1,0,0,0,0.11409821101603423,Low
3462,65,High,18,744.7,0,1,0,0,1,0.5032683396586026,Medium
3463,65,Low,16,1509.4,0,2,0,0,0,0.08156713651528098,Low
3464,66,Low,21,1603.77,0,1,0,0,0,0.3128951538342659,Medium
3465,81,Low,21,1141.62,0,1,0,0,0,0.06412838455444204,Low
3466,78,Medium,16,526.17,0,1,0,0,0,0.0,Low
3467,46,Low,21,1504.89,0,1,0,0,0,0.0,Low
3468,56,Low,18,517.9,0,2,0,0,0,0.0,Low
3469,43,Medium,29,848.67,0,1,0,0,0,0.0,Low
3470,34,Low,23,384.87,0,1,0,0,0,0.06474742547443908,Low
3471,30,Low,18,407.17,0,2,0,0,0,0.0,Low
3472,43,Low,19,728.06,0,2,0,0,0,0.016296761659538767,Low
3473,66,Low,19,1056.77,0,2,0,0,0,0.0,Low
3474,84,Low,23,2565.79,0,1,0,0,0,0.0,Low
3475,24,Low,18,481.86,0,1,0,0,0,0.11648306614005458,Low
3476,75,Low,15,871.32,0,3,0,0,0,0.0,Low
3477,66,Low,15,757.98,0,3,0,0,0,0.0,Low
3478,70,Low,22,1086.3,0,1,0,0,0,0.0,Low
3479,82,Low,26,646.98,0,2,1,0,0,0.39289386459114906,Medium
3480,79,Low,16,1272.08,0,1,0,0,0,0.04551305483275744,Low
3481,34,Medium,20,363.12,0,1,0,0,0,0.0,Low
3482,60,Low,14,815.54,0,1,0,0,0,0.0,Low
3483,42,Low,22,1044.61,0,1,0,0,0,0.0,Low
3484,20,Low,18,1667.55,0,1,0,0,0,0.1034516155165712,Low
3485,46,Low,21,1288.63,0,1,0,0,0,0.0,Low
3486,49,Low,18,801.72,0,1,0,0,0,0.03630481794651455,Low
3487,43,Low,20,407.67,0,1,0,0,0,0.0,Low
3488,33,Low,19,2774.83,0,1,0,0,0,0.0,Low
3489,42,Low,27,457.27,0,2,0,0,0,0.3003874958294905,Medium
3490,71,Medium,21,274.51,0,1,0,0,0,0.11762351257154396,Low
3491,45,Low,21,498.12,0,2,0,0,0,0.04159528401617183,Low
3492,73,Low,26,224.04,0,1,0,0,0,0.0,Low
3493,82,Low,20,1036.28,0,2,0,0,0,0.21325328299644283,Medium
3494,58,Low,15,797.85,0,1,1,0,0,0.1805256208539676,Low
3495,68,Low,24,676.43,0,2,0,0,0,0.1004717004269949,Low
3496,46,Low,26,740.49,0,1,0,0,0,0.0056697272928789115,Low
3497,36,Low,20,524.14,0,1,0,0,0,0.0,Low
3498,83,Low,20,118.69,0,1,0,0,0,0.0,Low
3499,58,Medium,14,1511.47,0,3,0,0,0,0.19587497504077842,Low
3500,62,Low,22,564.72,0,2,0,0,0,0.0,Low
3501,32,Low,23,233.71,0,1,0,0,0,0.24977594566260353,Medium
3502,20,Medium,22,157.07,0,1,0,0,0,0.1535718983801305,Low
3503,28,Low,21,1893.01,0,2,0,0,0,0.00560907477384746,Low
3504,70,Low,13,615.0,0,3,0,0,0,0.0,Low
3505,63,Low,21,603.11,0,1,0,0,0,0.0,Low
3506,47,Low,25,1122.85,0,3,0,0,0,0.0726926787270365,Low
3507,74,Low,23,526.64,0,1,0,0,0,0.1851621924557715,Low
3508,35,Low,16,218.8,0,3,0,0,0,0.07258448306202697,Low
3509,68,Low,12,483.96,0,2,0,0,0,0.04169412785558354,Low
3510,65,Low,16,954.39,0,1,0,0,0,0.003970218888230981,Low
3511,83,Medium,20,480.93,0,1,0,0,0,0.0,Low
3512,25,Low,9,392.59,0,1,0,0,0,0.0,Low
3513,39,Low,19,312.51,0,1,0,0,0,0.1650526682340007,Low
3514,23,Low,23,1053.28,0,3,0,0,0,0.07085258263145346,Low
3515,74,Low,15,935.12,0,2,0,1,0,0.32410905308089366,Medium
3516,53,Medium,17,1151.58,0,1,0,0,0,0.12135273370815243,Low
3517,74,Low,20,679.49,0,3,0,0,0,0.09196097388616375,Low
3518,66,Low,18,559.49,0,1,0,0,0,0.1303232463613854,Low
3519,62,Low,19,410.08,0,2,0,0,0,0.0,Low
3520,83,Low,25,619.01,0,2,0,0,0,0.08494813554815456,Low
3521,62,Low,20,167.77,0,3,0,0,0,0.06793191746314323,Low
3522,37,Low,13,986.58,0,1,0,0,0,0.19845051571138425,Low
3523,81,Low,24,574.38,0,1,0,1,0,0.0,Low
3524,84,Low,14,1635.04,0,1,0,0,0,0.358485385953562,Medium
3525,20,Low,23,763.43,0,1,0,0,0,0.12712512989421684,Low
3526,71,Low,22,114.88,0,1,0,0,0,0.03843650694160678,Low
3527,81,Medium,14,896.48,0,2,0,0,0,0.0,Low
3528,57,Medium,14,2823.49,0,1,0,0,0,0.0,Low
3529,76,Medium,15,1050.79,0,1,0,0,0,0.052029763996466014,Low
3530,72,High,23,1363.34,0,1,0,0,1,0.6505621781026504,High
3531,79,Low,14,1752.99,0,1,0,0,0,0.22885200067486205,Medium
3532,21,Low,17,379.37,0,1,0,0,0,0.09280525562033214,Low
3533,77,Low,14,701.42,0,1,0,0,0,0.10960642631919457,Low
3534,47,Medium,24,396.32,0,1,0,0,0,0.02982710002096847,Low
3535,19,Low,23,1253.53,0,1,0,0,0,0.0,Low
3536,79,High,23,400.62,0,1,0,0,1,0.2825962106310356,Medium
3537,66,Low,15,675.2,0,1,0,0,0,0.1446902943064219,Low
3538,26,Medium,18,1327.73,0,2,0,0,0,0.10600272267379417,Low
3539,48,Low,11,1243.68,0,2,0,1,0,0.10754697143481136,Low
3540,78,Low,23,884.56,0,1,0,0,0,0.0,Low
3541,65,Medium,18,1766.56,0,1,0,0,0,0.09704284560468039,Low
3542,42,Low,13,1322.83,0,3,0,0,0,0.0,Low
3543,53,Medium,18,485.82,0,1,0,0,0,0.0,Low
3544,25,Low,25,226.94,0,1,0,0,0,0.05129025948430696,Low
3545,75,Low,28,362.8,0,1,0,0,0,0.10143952048342665,Low
3546,62,Low,28,1381.25,0,2,0,0,0,0.0,Low
3547,79,Low,21,1041.93,0,3,0,0,0,0.0,Low
3548,56,Low,24,1779.31,0,1,0,0,0,0.10968717149927486,Low
3549,75,Low,20,1120.6,0,1,0,0,0,0.23617036345468106,Medium
3550,81,Low,18,1343.88,0,1,0,0,0,0.04383770626742678,Low
3551,61,Low,21,976.42,0,3,0,0,0,0.0,Low
3552,46,Low,19,470.75,0,2,0,0,0,0.0,Low
3553,76,Low,13,452.28,0,1,0,0,0,0.0,Low
3554,26,Low,27,366.05,0,2,0,0,0,0.0,Low
3555,23,Low,23,471.8,0,1,0,0,0,0.0,Low
3556,46,Low,17,1809.78,0,1,0,0,0,0.0,Low
3557,75,Low,22,1227.34,0,1,0,1,0,0.0,Low
3558,34,Low,25,687.4,0,1,0,0,0,0.002203499152320521,Low
3559,33,Low,20,1064.99,0,1,0,0,0,0.15785237793867182,Low
3560,20,High,25,1053.72,0,2,0,0,1,0.536708238687154,Medium
3561,38,Medium,16,1914.79,0,1,0,1,0,0.008065332698563382,Low
3562,81,Low,14,635.72,0,1,0,0,0,0.0,Low
3563,53,Low,18,935.75,0,1,0,0,0,0.0,Low
3564,79,Medium,24,1351.09,0,1,0,0,0,0.013343741622662018,Low
3565,59,Low,25,466.92,0,1,0,1,0,0.3387793355193002,Medium
3566,59,Low,19,2023.49,0,1,0,0,0,0.17062881174369596,Low
3567,78,Low,14,1306.43,0,1,0,0,0,0.0,Low
3568,30,Low,19,363.12,0,1,0,0,0,0.016552268277190325,Low
3569,28,High,16,2480.16,0,1,0,1,1,0.488372906030783,Medium
3570,71,Low,22,1768.99,0,1,0,0,0,0.0034572193528804047,Low
3571,33,Low,15,1195.16,0,1,0,0,0,0.0,Low
3572,25,Low,22,133.04,0,1,0,0,0,0.0,Low
3573,76,Medium,14,537.99,0,1,0,0,0,0.0,Low
3574,74,Medium,23,889.46,0,2,0,1,0,0.0,Low
3575,57,Low,20,939.52,0,2,1,0,0,0.2427185415864247,Medium
3576,76,Low,21,838.16,0,3,0,0,0,0.05081492869062139,Low
3577,19,Low,22,276.64,0,1,0,0,0,0.03060704830413911,Low
3578,27,Medium,19,659.95,0,1,0,0,0,0.0,Low
3579,61,Medium,26,711.61,0,2,0,0,0,0.0,Low
3580,28,Low,17,105.07,0,1,0,0,0,0.0,Low
3581,19,Low,18,1188.82,0,1,0,0,0,0.0,Low
3582,67,Low,18,2173.06,0,2,0,0,0,0.0,Low
3583,29,Low,18,749.81,0,1,0,1,0,0.024647099251781213,Low
3584,40,Low,25,1203.94,0,1,0,0,0,0.0,Low
3585,35,Low,12,369.67,0,2,0,0,0,0.1755683301060557,Low
3586,79,Low,20,1021.55,0,2,0,0,0,0.06898671183251194,Low
3587,79,Low,28,1034.31,0,2,0,0,0,0.0,Low
3588,55,Low,7,1639.58,0,1,0,0,0,0.1332891151187861,Low
3589,84,Low,16,1854.37,0,2,0,0,0,0.0026219180687254624,Low
3590,55,Low,20,1193.61,0,2,0,0,0,0.0,Low
3591,84,Low,19,480.1,0,2,0,0,0,0.24869953768915143,Medium
3592,78,Low,27,465.52,0,2,0,1,0,0.45846245461506535,Medium
3593,18,Low,20,1841.53,0,1,0,0,0,0.0,Low
3594,62,Low,15,301.87,0,1,0,0,0,0.040908272340588483,Low
3595,45,Medium,17,535.11,0,2,0,0,0,0.02155420991620666,Low
3596,38,Low,24,1132.84,0,1,0,0,0,0.12942796800490858,Low
3597,30,Medium,16,2127.56,0,1,0,0,0,0.0,Low
3598,44,Low,21,2241.74,0,2,0,0,0,0.19139462094441198,Low
3599,24,Low,19,72.42,0,1,0,0,0,0.0,Low
3600,39,Low,26,997.53,0,1,0,0,0,0.0,Low
3601,70,Low,22,788.4,0,1,0,0,0,0.0,Low
3602,21,Low,21,414.41,0,1,0,0,0,0.0,Low
3603,40,Low,23,65.15,0,1,0,0,0,0.0,Low
3604,50,Medium,17,784.3,0,2,0,0,0,0.0,Low
3605,45,Low,16,296.05,0,1,0,0,0,0.11583848409340711,Low
3606,25,Medium,24,1103.22,0,1,0,0,0,0.0,Low
3607,18,Medium,20,839.01,0,3,0,0,0,0.29912265956186873,Medium
3608,54,Low,13,135.66,0,1,0,0,0,0.0,Low
3609,80,Low,26,688.86,0,1,0,0,0,0.0,Low
3610,39,Low,21,220.55,0,3,0,0,0,0.0,Low
3611,38,Medium,14,965.07,0,1,0,0,0,0.0,Low
3612,52,Low,20,1273.05,0,2,0,0,0,0.046789859225003796,Low
3613,22,Medium,19,593.95,0,3,0,0,0,0.0,Low
3614,77,Low,16,1781.95,0,2,0,0,0,0.0,Low
3615,63,Medium,16,977.87,0,1,0,1,0,0.34005289358334656,Medium
3616,67,Low,20,821.86,0,1,0,0,0,0.18283347004052156,Low
3617,65,Low,17,832.29,0,1,0,0,0,0.0,Low
3618,23,Medium,16,688.67,0,2,0,0,0,0.2228906799003134,Medium
3619,73,Medium,30,668.77,0,2,0,0,0,0.0,Low
3620,76,Low,19,287.82,0,2,0,0,0,0.1563838938695248,Low
3621,46,Low,22,2042.54,0,1,0,0,0,0.0,Low
3622,35,Low,26,682.05,0,1,0,0,0,0.35601403619598054,Medium
3623,19,High,26,2241.86,0,1,0,1,1,0.33623257896324915,Medium
3624,25,Medium,17,1257.25,0,1,0,0,0,0.0,Low
3625,71,Medium,20,731.46,0,2,0,0,0,0.32968990377316115,Medium
3626,55,Low,30,889.14,0,1,0,0,0,0.0,Low
3627,65,Low,26,1273.02,0,1,0,0,0,0.0,Low
3628,44,Low,22,1531.04,0,2,0,0,0,0.0,Low
3629,37,Medium,24,811.65,0,1,0,0,0,0.004663816901311344,Low
3630,29,Low,35,1442.83,0,3,0,0,0,0.03822973701168267,Low
3631,60,Medium,14,1242.08,0,1,0,0,0,0.0,Low
3632,78,Low,18,1280.81,0,3,0,0,0,0.11109965054325832,Low
3633,48,Low,17,1445.62,0,1,0,1,0,0.41178865092238714,Medium
3634,78,Low,17,514.93,0,1,0,0,0,0.0,Low
3635,84,Low,11,1895.59,0,1,0,0,0,0.0,Low
3636,52,Low,23,1043.71,0,2,0,0,0,0.0,Low
3637,32,Low,16,1528.25,0,1,0,0,0,0.04497942324260546,Low
3638,33,Low,13,809.99,0,1,0,0,0,0.024307899343629605,Low
3639,30,Medium,23,956.14,0,3,0,0,0,0.13230288488007289,Low
3640,52,Low,17,513.49,0,1,0,0,0,0.27949224075473134,Medium
3641,76,Low,22,337.44,0,2,0,0,0,0.03174828447848393,Low
3642,38,Low,25,710.52,0,1,0,0,0,0.0,Low
3643,71,Low,18,1311.49,0,1,0,0,0,0.0,Low
3644,47,Medium,29,525.64,0,1,0,0,0,0.0,Low
3645,65,Low,17,193.44,0,1,0,0,0,0.12769058461249122,Low
3646,52,Medium,20,1692.55,0,1,0,0,0,0.0,Low
3647,55,Low,17,299.31,0,1,0,0,0,0.08947280647857492,Low
3648,48,Low,22,1020.92,0,1,0,0,0,0.0,Low
3649,41,Low,14,2418.21,0,1,0,0,0,0.0,Low
3650,66,Low,18,4735.38,0,1,0,0,0,0.0,Low
3651,49,Low,28,736.49,0,1,0,0,0,0.0,Low
3652,72,Low,20,1709.22,0,1,0,0,0,0.2216949633522387,Medium
3653,75,Low,19,1031.14,0,3,0,0,0,0.03908164412401301,Low
3654,20,Low,23,380.91,0,1,0,0,0,0.0,Low
3655,27,Low,18,691.32,0,1,0,0,0,0.040560144903322916,Low
3656,42,Low,19,562.18,0,1,0,0,0,0.07716130237772868,Low
3657,78,Low,22,1666.32,0,2,0,0,0,0.04865334830685849,Low
3658,46,Low,16,2355.9,0,1,0,0,0,0.034267797963185846,Low
3659,36,Low,23,615.33,0,1,0,0,0,0.0,Low
3660,60,Low,19,199.72,0,2,0,0,0,0.0,Low
3661,83,Low,20,932.36,0,1,0,0,0,0.10900594154612943,Low
3662,78,Medium,16,402.94,0,1,0,0,0,0.0,Low
3663,60,Low,22,330.39,0,3,0,0,0,0.05479546121252356,Low
3664,42,Low,19,481.72,0,1,0,0,0,0.15116561455067803,Low
3665,37,High,11,452.52,0,1,0,0,1,0.24539382326667383,Medium
3666,65,Low,21,1100.07,0,1,0,0,0,0.0,Low
3667,41,Low,34,1278.18,0,1,0,0,0,0.0,Low
3668,28,Low,27,1012.79,0,1,0,0,0,0.0,Low
3669,72,Low,17,401.37,0,1,0,0,0,0.0,Low
3670,45,Low,19,411.0,0,1,0,0,0,0.0,Low
3671,80,High,18,782.3,0,1,0,0,1,0.2843724040728539,Medium
3672,76,Low,22,641.46,0,3,0,0,0,0.07294195277948747,Low
3673,22,Medium,22,841.42,0,2,1,0,0,0.3117361750022312,Medium
3674,68,Low,19,1074.91,0,1,0,0,0,0.0,Low
3675,38,Low,20,775.48,0,1,0,0,0,0.25921710474968523,Medium
3676,29,Low,20,1211.22,0,1,0,0,0,0.0,Low
3677,67,Medium,22,956.77,0,1,0,0,0,0.0,Low
3678,21,High,18,1249.98,0,3,0,0,1,0.3214969112625105,Medium
3679,59,Low,22,312.74,0,3,0,0,0,0.0,Low
3680,55,Medium,17,170.96,0,1,0,0,0,0.0,Low
3681,42,Low,14,390.27,0,1,0,0,0,0.0,Low
3682,31,Low,22,1591.6,0,3,0,0,0,0.0,Low
3683,49,Low,26,961.45,0,2,0,0,0,0.21516876352636397,Medium
3684,28,Low,19,517.76,0,1,0,0,0,0.08447268979640125,Low
3685,78,Low,18,459.09,0,1,0,0,0,0.18273553943351067,Low
3686,35,Low,27,1301.83,0,1,0,0,0,0.0,Low
3687,44,Low,25,977.79,0,3,0,0,0,0.0,Low
3688,72,Low,16,269.5,0,1,0,1,0,0.12272100283070346,Low
3689,71,Low,18,267.1,0,2,0,0,0,0.07706319925433534,Low
3690,38,High,18,1222.48,0,1,0,1,1,0.7530269993002596,High
3691,61,Low,11,502.74,0,3,0,0,0,0.0,Low
3692,22,Low,24,210.16,0,1,0,0,0,0.0,Low
3693,58,Low,23,206.58,0,1,0,0,0,0.14611790643072156,Low
3694,76,Low,14,1100.91,0,1,0,0,0,0.1664814527900122,Low
3695,71,Medium,24,523.63,0,1,1,0,0,0.37671058663073737,Medium
3696,39,Low,18,1369.5,0,1,0,0,0,0.21431597462277654,Medium
3697,82,Medium,19,860.61,0,1,0,0,0,0.0,Low
3698,81,Low,18,595.98,0,1,0,0,0,0.0,Low
3699,21,Low,16,823.34,0,1,0,0,0,0.003099632731176581,Low
3700,82,Low,14,2568.18,0,1,0,0,0,0.0,Low
3701,32,Low,28,369.86,0,1,0,0,0,0.13760904926507547,Low
3702,39,Low,28,1759.82,0,1,0,0,0,0.0,Low
3703,64,Low,18,1232.59,0,1,0,0,0,0.20168507768580946,Medium
3704,63,Low,23,543.99,0,1,0,0,0,0.0,Low
3705,31,Low,28,1231.96,0,1,0,1,0,0.40996520580078377,Medium
3706,67,High,23,935.08,0,1,0,0,1,0.27636214168202305,Medium
3707,37,Low,15,764.85,0,1,0,0,0,0.0,Low
3708,67,Low,20,637.64,0,1,0,0,0,0.02117604392302058,Low
3709,50,Low,16,1533.34,0,1,0,0,0,0.10216258907757655,Low
3710,76,Low,19,843.33,0,1,0,0,0,0.0,Low
3711,60,Low,14,394.51,0,1,0,0,0,0.23776106901145797,Medium
3712,29,Medium,22,802.48,0,2,0,0,0,0.20528930826787686,Medium
3713,57,High,14,218.81,0,1,0,0,1,0.3734863096497007,Medium
3714,37,Low,22,505.02,0,1,0,1,0,0.24777069668893073,Medium
3715,55,Low,27,1204.8,0,1,0,0,0,0.0023345751621272216,Low
3716,20,Low,10,353.19,0,2,0,0,0,0.09834791201848135,Low
3717,45,Low,11,3174.82,0,1,0,0,0,0.12769831170628826,Low
3718,73,Low,19,97.6,0,2,0,0,0,0.0,Low
3719,30,Low,15,627.14,0,2,0,0,0,0.2515446416556548,Medium
3720,83,Low,18,1287.12,0,2,0,0,0,0.1780639883156637,Low
3721,54,Low,19,228.23,0,2,0,0,0,0.0,Low
3722,66,Low,29,1302.89,0,1,0,0,0,0.21781392328510218,Medium
3723,83,Low,20,1243.16,0,1,0,0,0,0.286642815143814,Medium
3724,53,Low,16,662.59,0,3,0,0,0,0.0,Low
3725,71,Low,28,405.37,0,3,0,0,0,0.10310295734563604,Low
3726,43,Medium,24,835.89,0,1,0,0,0,0.1378342972720612,Low
3727,57,Low,14,1207.1,0,1,0,0,0,0.05473458631006962,Low
3728,60,Medium,21,432.48,0,2,0,0,0,0.17555339118974675,Low
3729,39,Low,22,758.91,0,1,0,0,0,0.029925152482648636,Low
3730,37,Low,13,239.06,0,1,0,0,0,0.07420814808267817,Low
3731,25,Low,28,1428.8,0,1,0,0,0,0.0,Low
3732,46,Low,21,2302.83,0,1,0,0,0,0.0,Low
3733,57,Medium,19,577.17,0,1,0,0,0,0.18980670760288287,Low
3734,47,Low,18,475.01,0,2,0,0,0,0.0,Low
3735,72,Low,20,1629.62,0,1,0,0,0,0.0,Low
3736,33,Low,20,1610.34,0,3,0,0,0,0.0,Low
3737,63,High,18,1327.6,0,3,0,0,1,0.30038849282233077,Medium
3738,79,Low,17,301.31,0,2,1,0,0,0.3507557369616429,Medium
3739,24,High,21,43.16,0,3,0,0,1,0.3791888628424861,Medium
3740,62,Medium,15,734.2,0,1,0,1,0,0.0,Low
3741,76,Low,25,1102.58,0,1,0,0,0,0.0,Low
3742,73,Medium,28,579.69,0,2,0,0,0,0.20900706375798067,Medium
3743,65,High,16,1588.82,0,1,0,0,1,0.5604545542337526,Medium
3744,44,Low,18,491.9,0,1,0,0,0,0.004799176604482065,Low
3745,70,Low,17,176.51,0,1,0,0,0,0.05040826139871754,Low
3746,52,Low,17,577.98,0,1,0,0,0,0.0,Low
3747,68,Low,27,1036.18,0,2,0,0,0,0.20784431130312056,Medium
3748,54,Low,22,348.46,0,1,0,0,0,0.0,Low
3749,74,Low,14,964.15,0,2,0,0,0,0.0,Low
3750,25,Low,17,731.21,0,1,0,0,0,0.0,Low
3751,37,Low,20,2270.42,0,1,0,0,0,0.0,Low
3752,70,Low,13,1461.47,0,1,0,0,0,0.0,Low
3753,29,Medium,31,3374.22,0,2,0,0,0,0.24705309330462727,Medium
3754,66,Low,17,284.32,0,1,0,0,0,0.40102646499960387,Medium
3755,34,Low,14,1807.61,0,3,0,0,0,0.1602996026804376,Low
3756,81,Low,22,118.94,0,2,0,0,0,0.0,Low
3757,59,Low,21,1544.08,0,1,0,0,0,0.0,Low
3758,46,High,24,167.27,0,3,0,0,1,0.23354843109253318,Medium
3759,36,Low,12,1289.9,0,1,0,0,0,0.0,Low
3760,28,Low,16,972.84,0,1,0,0,0,0.0,Low
3761,67,Medium,15,1050.02,0,1,0,0,0,0.09343297597268738,Low
3762,75,Medium,20,100.04,0,1,0,0,0,0.0,Low
3763,51,Low,23,1228.68,0,1,0,0,0,0.13121851385954078,Low
3764,37,Medium,25,175.35,0,1,0,0,0,0.08929361431595571,Low
3765,67,Low,25,2275.08,0,2,0,0,0,0.19660814546306668,Low
3766,27,Low,15,468.58,0,1,0,0,0,0.0,Low
3767,49,Low,20,614.13,0,1,0,0,0,0.1430148029709522,Low
3768,69,Low,15,1790.67,0,1,1,0,0,0.18694869494326077,Low
3769,32,Medium,20,856.17,0,1,0,0,0,0.0,Low
3770,20,Low,26,866.67,0,1,0,0,0,0.0,Low
3771,54,Low,19,1139.66,0,1,0,0,0,0.05313471550460948,Low
3772,57,Medium,19,369.15,0,2,0,0,0,0.19875126225614173,Low
3773,57,Low,22,463.35,0,1,0,0,0,0.1755545985254479,Low
3774,73,High,20,886.45,0,1,0,1,1,0.6539255086731278,High
3775,40,High,26,2381.16,0,1,0,0,1,0.37892187599811644,Medium
3776,28,Low,22,1368.37,0,1,0,0,0,0.0,Low
3777,81,Low,17,1429.72,0,2,0,0,0,0.22913837939304912,Medium
3778,25,Low,20,1900.23,0,3,0,0,0,0.0,Low
3779,73,Low,15,1592.97,0,2,0,0,0,0.06992260760975268,Low
3780,77,Low,18,1324.18,0,1,1,0,0,0.4687058062298931,Medium
3781,27,Low,18,725.09,0,1,0,0,0,0.0,Low
3782,56,High,23,343.36,0,1,1,0,1,0.8390061843532599,High
3783,45,Low,20,386.79,0,1,0,0,0,0.33258883577296317,Medium
3784,66,Low,27,1698.64,0,1,0,0,0,0.0,Low
3785,53,Low,22,1206.75,0,1,0,0,0,0.0,Low
3786,30,Low,20,37.38,0,1,0,1,0,0.23315439864220325,Medium
3787,53,Medium,26,839.93,0,1,0,0,0,0.07354495995696875,Low
3788,43,Low,30,80.88,0,1,0,1,0,0.3999624088817548,Medium
3789,21,Low,24,722.2,0,2,0,0,0,0.18870401051417787,Low
3790,81,Low,17,1621.03,0,1,0,0,0,0.049413327950345226,Low
3791,55,Low,14,1205.0,0,1,0,0,0,0.0,Low
3792,39,Low,26,622.31,0,1,1,0,0,0.08257295956867314,Low
3793,19,Low,15,935.29,0,1,0,0,0,0.14545490400670852,Low
3794,48,Low,15,470.46,0,1,0,0,0,0.0,Low
3795,28,High,27,261.08,0,1,0,0,1,0.5564707319210687,Medium
3796,63,Medium,22,442.5,0,1,0,0,0,0.12371524651926966,Low
3797,79,Low,9,1513.2,0,1,1,0,0,0.2722316770961365,Medium
3798,81,Medium,19,1835.69,0,1,0,0,0,0.0,Low
3799,27,Low,28,1568.71,0,2,0,0,0,0.0,Low
3800,57,Low,19,1449.03,0,1,0,0,0,0.030391361438864364,Low
3801,41,Low,21,318.28,0,1,0,0,0,0.0,Low
3802,61,Low,23,667.64,0,1,0,0,0,0.1392886892249771,Low
3803,77,Low,22,721.43,0,1,0,0,0,0.10523456815793643,Low
3804,79,Low,26,553.71,0,1,0,0,0,0.02806384315489623,Low
3805,34,Low,30,346.45,0,1,0,0,0,0.028610464511441593,Low
3806,82,Medium,20,970.24,0,2,0,0,0,0.21331729351564688,Medium
3807,74,Low,18,943.58,0,1,0,0,0,0.0,Low
3808,72,Low,24,651.33,0,1,0,0,0,0.0,Low
3809,70,Medium,23,2125.15,0,1,0,0,0,0.009369342400496476,Low
3810,73,Low,17,576.79,0,1,0,0,0,0.0,Low
3811,26,Low,27,758.96,0,3,0,0,0,0.0,Low
3812,39,Medium,25,224.11,0,1,0,0,0,0.0,Low
3813,30,Low,16,1335.89,0,1,0,1,0,0.14289258299997865,Low
3814,65,Low,19,1792.73,0,3,0,0,0,0.0,Low
3815,35,Low,12,194.91,0,2,0,0,0,0.0,Low
3816,57,Medium,13,1143.28,0,1,0,0,0,0.19412949115511066,Low
3817,34,Low,21,622.76,0,1,0,1,0,0.26557130876765433,Medium
3818,32,Medium,20,1389.99,0,2,0,1,0,0.18357714837765055,Low
3819,32,Low,21,990.09,0,2,0,0,0,0.0,Low
3820,80,Low,25,991.46,0,1,0,0,0,0.0,Low
3821,56,Medium,24,941.37,0,1,0,0,0,0.0,Low
3822,30,Low,15,2483.85,0,1,0,0,0,0.009951104646150422,Low
3823,49,Low,16,263.39,0,1,0,0,0,0.0,Low
3824,26,Low,7,82.74,0,1,0,0,0,0.0,Low
3825,57,Medium,12,1347.76,0,1,0,0,0,0.25072665755630885,Medium
3826,37,Low,17,320.43,0,1,0,0,0,0.16442258695857326,Low
3827,80,Low,23,1413.09,0,1,0,0,0,0.0,Low
3828,61,Low,18,1305.92,0,1,0,0,0,0.08771131707444786,Low
3829,55,Medium,31,434.28,0,1,0,0,0,0.19447236005691373,Low
3830,77,Low,24,3867.46,0,2,0,0,0,0.052155010415611755,Low
3831,65,Low,18,2022.6,0,2,0,0,0,0.0,Low
3832,35,Low,23,777.87,0,3,0,0,0,0.0,Low
3833,33,Low,24,956.6,0,1,0,0,0,0.0,Low
3834,72,Low,17,1727.8,0,1,0,0,0,0.0,Low
3835,56,Low,21,283.68,0,2,0,0,0,0.0,Low
3836,76,Low,27,1147.93,0,2,0,1,0,0.15196396968897669,Low
3837,79,Medium,19,765.85,0,2,0,0,0,0.0,Low
3838,30,Medium,19,2068.09,0,1,0,0,0,0.0,Low
3839,23,Low,14,146.4,0,1,0,0,0,0.0,Low
3840,77,Medium,24,1005.61,0,2,0,0,0,0.0,Low
3841,31,Low,18,282.12,0,2,0,0,0,0.1235312423963185,Low
3842,71,Medium,23,1160.29,0,2,0,0,0,0.25483439791826407,Medium
3843,21,Low,21,859.32,0,1,1,0,0,0.31564921285039443,Medium
3844,56,Low,24,931.06,0,1,0,0,0,0.0,Low
3845,42,Medium,14,1469.1,0,1,0,0,0,0.14849580169290524,Low
3846,49,Medium,20,1241.07,0,2,0,0,0,0.31065653500800183,Medium
3847,76,Low,21,477.65,0,2,0,0,0,0.18202573538537,Low
3848,80,Low,20,103.37,0,1,0,0,0,0.20183284880960214,Medium
3849,55,Low,20,166.35,0,1,0,0,0,0.0,Low
3850,70,Low,17,495.45,0,1,0,0,0,0.0,Low
3851,84,Low,15,945.45,0,1,0,0,0,0.18105083801207608,Low
3852,45,Low,28,800.77,0,1,0,0,0,0.0,Low
3853,20,Medium,26,968.22,0,2,0,0,0,0.0,Low
3854,39,Low,20,1769.56,0,2,0,0,0,0.028358125620120477,Low
3855,55,Low,18,517.95,0,1,0,0,0,0.08070942219095369,Low
3856,79,Low,29,1403.03,0,1,0,0,0,0.0,Low
3857,74,Low,18,919.25,0,1,0,0,0,0.0015453587760274534,Low
3858,23,Low,19,1887.82,0,1,0,0,0,0.024781508391775866,Low
3859,49,Low,19,995.21,0,3,0,0,0,0.0,Low
3860,27,Medium,20,2314.22,0,2,0,0,0,0.0,Low
3861,20,Medium,15,1318.77,0,1,0,0,0,0.0,Low
3862,76,Low,16,1637.37,0,1,1,0,0,0.21880601459711205,Medium
3863,66,Low,28,500.08,0,1,0,0,0,0.1339392263486894,Low
3864,76,Low,15,1861.67,0,1,0,0,0,0.04584095299797816,Low
3865,48,Medium,18,2340.37,0,1,0,0,0,0.0,Low
3866,79,Medium,19,1215.69,0,1,0,0,0,0.0,Low
3867,69,Low,21,674.08,0,2,0,0,0,0.1564643522031166,Low
3868,58,Low,12,1671.49,0,1,1,0,0,0.24483366488422348,Medium
3869,48,Medium,16,1392.55,0,3,0,0,0,0.10876327127794427,Low
3870,39,Low,18,2797.18,0,1,0,0,0,0.17776588358205123,Low
3871,21,Low,23,1186.35,0,2,0,0,0,0.07385446347507059,Low
3872,30,Medium,25,772.23,0,2,0,0,0,0.0,Low
3873,62,Low,26,909.37,0,1,0,0,0,0.0,Low
3874,59,Low,19,421.29,0,1,0,0,0,0.0,Low
3875,66,Low,14,658.53,0,2,0,0,0,0.0,Low
3876,37,Low,17,134.8,0,1,0,0,0,0.16371556315170463,Low
3877,71,Low,15,749.03,0,1,0,1,0,0.256776110261729,Medium
3878,53,Low,17,1696.15,0,3,0,1,0,0.0,Low
3879,18,Low,18,2984.22,0,1,0,0,0,0.0,Low
3880,32,Low,16,629.67,0,1,0,0,0,0.0,Low
3881,34,Medium,34,1280.26,0,1,0,0,0,0.13900990830722654,Low
3882,41,Low,20,772.06,0,1,0,0,0,0.0,Low
3883,75,Low,25,620.03,0,1,0,0,0,0.04753303217450288,Low
3884,40,Low,19,334.27,0,1,0,0,0,0.045863695862815815,Low
3885,63,Low,19,2194.24,0,2,0,0,0,0.0,Low
3886,25,Low,15,192.62,0,1,0,0,0,0.0,Low
3887,76,Low,22,1130.16,0,1,0,0,0,0.3040794093619614,Medium
3888,76,Medium,18,243.64,0,1,0,0,0,0.05877711070077511,Low
3889,30,Low,21,532.4,0,2,0,0,0,0.0075540034275659584,Low
3890,56,Medium,22,2117.53,0,1,0,0,0,0.1814892064263638,Low
3891,45,High,25,323.85,0,3,1,0,1,0.963613561276034,High
3892,78,Low,16,1054.48,0,1,0,0,0,0.22516383978393897,Medium
3893,33,Low,27,1866.13,0,1,0,0,0,0.0,Low
3894,19,High,19,1104.6,0,1,1,0,1,0.7048924507644828,High
3895,34,High,23,1142.34,0,1,0,0,1,0.358433086559745,Medium
3896,47,Low,21,1093.26,0,1,0,1,0,0.4842935064271326,Medium
3897,30,Low,28,1613.32,0,2,0,0,0,0.10684627826514342,Low
3898,30,Low,24,1830.67,0,2,0,0,0,0.0,Low
3899,60,High,18,1006.8,0,1,0,0,1,0.12378743895924826,Low
3900,38,Low,20,889.96,0,1,0,0,0,0.2432451685986055,Medium
3901,72,Low,17,230.66,0,2,0,0,0,0.0,Low
3902,57,Medium,28,431.16,0,1,0,0,0,0.0,Low
3903,32,Low,13,1076.69,0,1,0,0,0,0.0,Low
3904,69,Low,21,146.18,0,1,0,0,0,0.0,Low
3905,70,Low,26,395.13,0,1,0,0,0,0.005890004870247317,Low
3906,69,Medium,21,638.47,0,1,0,0,0,0.1210151707492333,Low
3907,47,Low,26,290.49,0,1,0,0,0,0.0,Low
3908,50,Low,28,405.71,0,1,0,0,0,0.15711579180173044,Low
3909,74,Low,23,1139.2,0,2,0,1,0,0.3031707085326355,Medium
3910,69,Low,23,762.37,0,1,0,0,0,0.13541055398084792,Low
3911,26,Low,18,1360.14,0,1,0,0,0,0.027472403514987358,Low
3912,71,Low,14,613.12,0,1,0,0,0,0.0,Low
3913,18,Low,18,753.71,0,3,0,0,0,0.0,Low
3914,61,Medium,18,989.75,0,1,0,0,0,0.14779738456138256,Low
3915,26,Medium,12,426.14,0,1,0,0,0,0.03839947825399479,Low
3916,49,Low,25,1188.35,0,1,0,0,0,0.0,Low
3917,32,Low,24,338.12,0,1,0,0,0,0.0,Low
3918,29,Low,21,468.76,0,1,0,0,0,0.19020254221409824,Low
3919,74,Medium,18,542.77,0,1,0,0,0,0.0,Low
3920,25,Low,23,494.92,0,1,0,0,0,0.28240428562047093,Medium
3921,44,Low,23,867.06,0,3,0,0,0,0.0,Low
3922,79,Low,13,496.17,0,1,0,0,0,0.046929376669495766,Low
3923,29,Low,21,710.31,0,2,0,0,0,0.0,Low
3924,82,Low,24,1752.8,0,1,0,0,0,0.0,Low
3925,59,Low,15,1856.68,0,1,0,0,0,0.0,Low
3926,79,Low,17,9.85,0,3,0,0,0,0.09364242736163385,Low
3927,28,Low,23,1138.31,0,2,0,0,0,0.04080669824556379,Low
3928,60,Low,16,110.61,0,1,0,1,0,0.11778672736690128,Low
3929,34,Low,21,1194.27,0,1,0,0,0,0.0,Low
3930,49,Low,27,1564.31,0,3,0,0,0,0.0,Low
3931,57,Low,23,565.61,0,1,0,0,0,0.0,Low
3932,40,Low,10,1890.55,0,1,0,0,0,0.0,Low
3933,73,Low,23,438.17,0,1,1,0,0,0.4786139116904059,Medium
3934,23,Low,21,1691.86,0,1,0,0,0,0.0,Low
3935,67,Low,24,1536.32,0,1,0,0,0,0.0,Low
3936,54,Low,24,216.42,0,2,0,0,0,0.03147493398887998,Low
3937,81,Low,17,605.75,0,1,0,0,0,0.2050066028862972,Medium
3938,71,Medium,15,179.11,0,3,0,0,0,0.20194514362195107,Medium
3939,66,Low,15,297.75,0,1,0,0,0,0.3586737529771487,Medium
3940,28,Low,23,1932.2,0,1,0,0,0,0.0,Low
3941,66,Low,19,1189.62,0,1,0,0,0,0.0245764011532931,Low
3942,38,Low,27,491.48,0,3,0,0,0,0.0,Low
3943,83,Low,19,118.52,0,1,0,0,0,0.0,Low
3944,80,Low,15,169.13,0,1,0,0,0,0.0,Low
3945,45,Low,19,718.93,0,3,0,0,0,0.13651038161401507,Low
3946,34,Low,20,1999.43,0,3,0,0,0,0.07900430074340015,Low
3947,23,Low,21,1416.42,0,1,0,0,0,0.0778702759476429,Low
3948,36,Medium,17,740.96,0,3,0,0,0,0.0671187799136624,Low
3949,73,Medium,23,742.39,0,2,0,0,0,0.0,Low
3950,45,Low,20,1000.56,0,1,0,0,0,0.0,Low
3951,83,Low,19,1769.59,0,1,0,0,0,0.0,Low
3952,55,Low,26,358.52,0,1,0,1,0,0.3244500340707238,Medium
3953,54,Low,34,987.41,0,1,0,0,0,0.0197579878499362,Low
3954,66,Low,21,283.22,0,2,0,0,0,0.1356281659441274,Low
3955,60,Low,20,931.77,0,1,0,0,0,0.2933811419414467,Medium
3956,53,Low,15,733.48,0,2,0,0,0,0.0,Low
3957,75,Low,26,186.99,0,2,0,0,0,0.0,Low
3958,30,Low,22,1000.97,0,1,0,0,0,0.0,Low
3959,69,Low,16,544.7,0,3,0,1,0,0.07568779841466106,Low
3960,75,Medium,23,603.61,0,2,0,0,0,0.06601793782214663,Low
3961,49,Low,25,394.04,0,1,0,0,0,0.42832827162551007,Medium
3962,77,Low,13,914.79,0,2,0,0,0,0.0,Low
3963,75,Low,19,868.88,0,3,0,0,0,0.09032789504642205,Low
3964,73,Low,25,1368.14,0,1,0,0,0,0.0,Low
3965,45,Low,11,1082.54,0,3,0,0,0,0.0,Low
3966,18,Low,23,397.97,0,1,0,0,0,0.0,Low
3967,59,Low,22,1419.03,0,1,0,0,0,0.04093726113868191,Low
3968,65,Low,16,1662.71,0,2,0,0,0,0.05987374499584935,Low
3969,57,Low,22,447.08,0,2,0,0,0,0.26661757379435014,Medium
3970,80,Low,18,639.15,0,2,0,1,0,0.24178566955775904,Medium
3971,21,Low,18,533.58,0,1,0,0,0,0.0020424611847039646,Low
3972,55,Low,12,841.85,0,1,0,0,0,0.12493758940994615,Low
3973,44,Low,18,415.13,0,1,0,0,0,0.03722378677557241,Low
3974,26,Low,19,1349.58,0,1,0,1,0,0.19643816074927772,Low
3975,33,High,19,338.35,0,1,0,0,1,0.3729483854996201,Medium
3976,73,Low,27,594.41,0,2,0,0,0,0.09540596623075917,Low
3977,48,Low,20,1055.65,0,1,0,0,0,0.07924649701893081,Low
3978,31,Low,20,841.72,0,1,0,0,0,0.0,Low
3979,42,Medium,17,873.85,0,1,0,0,0,0.2162108288899671,Medium
3980,51,Medium,14,304.58,0,1,0,0,0,0.1263473789654015,Low
3981,84,Low,24,738.89,0,1,0,0,0,0.14435877560852042,Low
3982,41,Low,20,1613.03,0,1,0,1,0,0.06300215936905798,Low
3983,43,Low,20,1301.1,0,1,0,0,0,0.0,Low
3984,37,Low,18,648.09,0,1,0,0,0,0.22748453180914807,Medium
3985,81,Low,20,830.53,0,1,0,1,0,0.3559740401267677,Medium
3986,27,Low,23,953.12,0,1,0,0,0,0.0,Low
3987,84,Low,19,1906.75,0,1,0,0,0,0.05028780198995751,Low
3988,41,Low,20,566.63,0,1,0,0,0,0.14368401870347475,Low
3989,22,Medium,26,1287.0,0,3,0,0,0,0.0,Low
3990,84,Low,27,840.26,0,1,0,0,0,0.1516025994212739,Low
3991,75,Low,32,1610.19,0,2,0,1,0,0.20770961854828093,Medium
3992,44,Low,16,1722.78,0,2,0,0,0,0.2258456225158187,Medium
3993,32,Medium,22,880.86,0,1,0,0,0,0.0,Low
3994,52,Medium,27,494.27,0,1,0,0,0,0.0,Low
3995,70,Low,18,1577.68,0,3,0,0,0,0.07926944918388977,Low
3996,61,Low,19,816.87,0,1,0,0,0,0.0,Low
3997,43,Medium,24,250.69,0,1,0,0,0,0.0,Low
3998,64,Low,23,191.74,0,1,0,0,0,0.0,Low
3999,51,Low,18,819.86,0,1,0,0,0,0.0,Low
4000,67,Medium,18,43.98,0,2,0,0,0,0.2015425055260785,Medium
4001,29,Low,13,541.61,0,3,0,0,0,0.02209085274308944,Low
4002,21,Low,17,1653.7,0,1,0,0,0,0.0,Low
4003,65,Medium,21,1862.77,0,1,0,0,0,0.0,Low
4004,72,Low,19,1654.42,0,1,0,0,0,0.03110745671636648,Low
4005,18,Low,27,832.49,0,3,0,0,0,0.0,Low
4006,83,Low,14,395.12,0,1,0,0,0,0.3584040158413931,Medium
4007,47,Low,20,1772.88,0,2,0,0,0,0.003360731381586439,Low
4008,20,Low,21,928.5,0,1,0,0,0,0.06804485717253826,Low
4009,38,Low,23,242.03,0,2,0,0,0,0.0,Low
4010,66,Low,26,868.36,0,1,0,0,0,0.0,Low
4011,79,Low,29,1589.42,0,3,0,0,0,0.06940195998501053,Low
4012,55,Low,20,94.43,0,1,0,0,0,0.0,Low
4013,32,Low,16,717.65,0,2,0,0,0,0.08899730234231787,Low
4014,69,High,22,2015.02,0,1,0,0,1,0.4194458424853329,Medium
4015,63,Low,21,828.97,0,1,0,0,0,0.0,Low
4016,42,Low,27,306.88,0,1,0,0,0,0.123591101241282,Low
4017,38,Low,20,1470.39,0,1,0,0,0,0.07322302946048986,Low
4018,22,Low,18,1206.29,0,1,0,0,0,0.035713004067248956,Low
4019,64,Low,20,928.71,0,1,0,0,0,0.0,Low
4020,35,Low,29,317.29,0,1,0,0,0,0.36978706829411406,Medium
4021,38,Low,19,1022.75,0,1,0,0,0,0.0,Low
4022,40,Low,17,1287.44,0,1,0,0,0,0.0,Low
4023,81,Low,28,240.45,0,1,0,0,0,0.07760169474568114,Low
4024,84,Low,25,993.63,0,1,0,0,0,0.0,Low
4025,57,Low,17,666.12,0,1,0,0,0,0.0,Low
4026,27,Low,20,157.1,0,1,0,0,0,0.0,Low
4027,69,Low,15,692.0,0,1,0,0,0,0.0,Low
4028,78,Low,23,579.66,0,2,0,0,0,0.0,Low
4029,81,Low,15,749.64,0,1,0,0,0,0.01657972007980413,Low
4030,22,Low,18,521.92,0,1,0,0,0,0.05333178268498789,Low
4031,70,Low,11,189.82,0,1,0,0,0,0.0,Low
4032,72,Low,17,1941.61,0,3,0,0,0,0.0,Low
4033,54,High,30,3607.85,0,1,0,0,1,0.47029850660938444,Medium
4034,73,Medium,24,596.51,0,2,0,0,0,0.0,Low
4035,76,Low,18,818.71,0,1,0,0,0,0.06096178839679018,Low
4036,76,Low,22,3553.69,0,1,0,0,0,0.046260402637074836,Low
4037,19,Low,23,311.84,0,1,0,0,0,0.0,Low
4038,82,Low,18,495.61,0,1,0,0,0,0.0,Low
4039,77,Low,17,1114.08,0,1,0,0,0,0.0,Low
4040,68,Low,14,963.35,0,1,1,0,0,0.22018662097683508,Medium
4041,47,Low,20,1597.9,0,3,0,0,0,0.0,Low
4042,28,Medium,29,1229.11,0,1,0,0,0,0.0,Low
4043,56,Low,23,2122.96,0,1,0,1,0,0.019352231227966338,Low
4044,80,Medium,21,1044.91,0,2,0,0,0,0.19709624383153343,Low
4045,81,Medium,21,248.17,0,2,0,0,0,0.11461086189451539,Low
4046,78,Low,15,601.62,0,1,0,0,0,0.3663512141530852,Medium
4047,71,Low,23,1470.74,0,2,0,0,0,0.03538203211557198,Low
4048,75,Low,14,697.27,0,1,0,1,0,0.30805829698680337,Medium
4049,73,Low,17,1007.98,0,1,0,0,0,0.0,Low
4050,51,Low,28,1019.55,0,1,0,0,0,0.22678348993828726,Medium
4051,48,Low,16,452.87,0,1,0,0,0,0.0,Low
4052,69,Low,14,575.09,0,1,0,0,0,0.1461649061703729,Low
4053,18,Medium,13,936.52,0,1,0,0,0,0.027868610340523837,Low
4054,72,Low,17,1424.65,0,1,0,0,0,0.2759642760179734,Medium
4055,39,High,20,259.34,0,1,0,0,1,0.3277068471052044,Medium
4056,57,Low,23,846.2,0,2,0,0,0,0.1721885140600662,Low
4057,18,Medium,18,1838.61,0,1,0,0,0,0.0,Low
4058,82,Low,18,799.42,0,1,0,0,0,0.0,Low
4059,80,Low,21,1140.83,0,2,0,0,0,0.0,Low
4060,71,Medium,11,2095.28,0,2,0,0,0,0.0,Low
4061,59,Low,30,925.31,0,2,1,0,0,0.4402258323130175,Medium
4062,38,Low,17,2052.24,0,1,0,0,0,0.09991299738876998,Low
4063,39,Low,16,608.55,0,1,0,0,0,0.28479000336163957,Medium
4064,55,Low,24,1697.35,0,1,0,0,0,0.0,Low
4065,25,Low,23,1004.45,0,1,0,0,0,0.0,Low
4066,79,Low,18,1024.24,0,1,0,0,0,0.0,Low
4067,64,Low,13,1146.02,0,1,0,0,0,0.05484201797042881,Low
4068,34,Low,19,1009.18,0,3,0,1,0,0.13770788871332862,Low
4069,34,Medium,17,1038.13,0,1,0,0,0,0.0,Low
4070,30,Low,20,2568.22,0,1,0,0,0,0.06001803084791301,Low
4071,34,Low,21,1181.14,0,1,0,0,0,0.16534140698384603,Low
4072,55,Low,19,1718.0,0,2,0,0,0,0.01594436220379699,Low
4073,62,Low,20,442.73,0,1,0,0,0,0.0,Low
4074,23,Low,15,196.06,0,1,0,0,0,0.17575705865276958,Low
4075,52,Low,23,214.73,0,3,0,0,0,0.0,Low
4076,31,Low,22,279.87,0,2,0,0,0,0.0,Low
4077,78,Low,17,2085.44,0,2,0,0,0,0.07694263133854737,Low
4078,32,Low,21,205.72,0,3,0,0,0,0.0,Low
4079,71,Medium,13,744.32,0,1,0,1,0,0.3536760157230402,Medium
4080,44,Low,26,3002.53,0,2,0,1,0,0.06236466038196853,Low
4081,30,Low,25,1339.45,0,1,0,0,0,0.0,Low
4082,48,High,18,539.98,0,1,0,0,1,0.22711902048997115,Medium
4083,52,Low,19,415.98,0,1,0,0,0,0.1294816527135741,Low
4084,77,Medium,21,625.01,0,1,0,0,0,0.20326569150054408,Medium
4085,23,Low,13,1046.9,0,1,0,0,0,0.0,Low
4086,75,Medium,10,650.68,0,1,0,0,0,0.06698977772498882,Low
4087,66,Low,19,1339.55,0,1,0,1,0,0.2550164101591905,Medium
4088,40,Low,23,2497.09,0,1,0,0,0,0.04451243063798426,Low
4089,51,Low,18,473.41,0,1,0,0,0,0.0,Low
4090,43,Low,20,2578.77,0,1,0,0,0,0.0,Low
4091,64,Medium,31,950.81,0,1,0,0,0,0.11400616979199911,Low
4092,22,Low,23,635.42,0,1,0,0,0,0.1824427920480274,Low
4093,37,Low,19,410.78,0,1,0,0,0,0.1423705495739601,Low
4094,23,Low,14,1221.19,0,1,0,0,0,0.0024877901150931006,Low
4095,76,Low,18,500.33,0,1,0,0,0,0.12032227787614788,Low
4096,81,Low,21,1304.24,0,2,0,1,0,0.0,Low
4097,35,Low,18,843.43,0,1,0,0,0,0.0,Low
4098,21,Low,18,584.86,0,1,0,0,0,0.0,Low
4099,34,Low,20,831.7,0,1,0,0,0,0.4232235392594263,Medium
4100,31,High,14,1192.02,0,3,0,0,1,0.7117174325989402,High
4101,30,Low,16,754.52,0,1,0,1,0,0.0,Low
4102,24,Low,24,501.14,0,1,0,0,0,0.0,Low
4103,61,Medium,23,443.52,0,2,0,0,0,0.0,Low
4104,32,Low,12,1395.33,0,1,0,0,0,0.19420459639279333,Low
4105,36,Low,21,313.56,0,1,0,0,0,0.09820995526446447,Low
4106,80,Low,27,465.91,0,1,0,1,0,0.14334328837543509,Low
4107,52,Low,16,195.15,0,3,0,0,0,0.08436534044176386,Low
4108,52,Low,23,800.24,0,2,0,0,0,0.11597520680959145,Low
4109,36,Low,17,359.59,0,1,0,0,0,0.0,Low
4110,37,Low,20,749.52,0,1,0,0,0,0.07979376425378792,Low
4111,52,Low,21,769.99,0,1,0,0,0,0.0,Low
4112,49,Low,16,805.71,0,1,0,0,0,0.0,Low
4113,65,Medium,27,541.5,0,1,0,0,0,0.0,Low
4114,61,Low,19,1388.47,0,1,0,0,0,0.0425331115111675,Low
4115,41,Low,23,651.11,0,1,0,0,0,0.018713954829238773,Low
4116,78,Low,28,474.0,0,2,0,0,0,0.0,Low
4117,34,Medium,17,215.44,0,1,0,0,0,0.0,Low
4118,67,Low,19,1548.05,0,1,0,0,0,0.008337155155682348,Low
4119,82,Low,19,522.99,0,2,0,0,0,0.0,Low
4120,49,Medium,20,1317.49,0,1,0,0,0,0.25728122347131976,Medium
4121,53,Low,24,626.28,0,2,0,0,0,0.0,Low
4122,30,Medium,15,2666.26,0,1,0,0,0,0.07590339103455705,Low
4123,75,Low,24,2604.9,0,2,0,0,0,0.24269986585568876,Medium
4124,31,Low,23,1045.3,0,3,0,0,0,0.17022237434950346,Low
4125,54,Medium,16,1055.05,0,1,0,0,0,0.04526229399491795,Low
4126,57,Low,12,975.1,0,1,0,0,0,0.0,Low
4127,76,Low,16,645.56,0,1,0,0,0,0.0,Low
4128,33,Low,20,1463.29,0,1,0,0,0,0.0,Low
4129,79,Medium,23,813.19,0,1,0,1,0,0.017018779977115678,Low
4130,21,Low,23,319.43,0,1,0,0,0,0.03603366984735918,Low
4131,62,Low,22,688.59,0,2,0,0,0,0.0,Low
4132,45,Low,19,332.24,0,2,0,0,0,0.0,Low
4133,83,Low,30,310.42,0,3,0,0,0,0.04346748026865074,Low
4134,48,Low,27,440.49,0,1,1,0,0,0.4132681235025434,Medium
4135,20,Low,17,2374.78,0,1,0,0,0,0.1747782767869321,Low
4136,25,Low,22,1140.97,0,2,0,0,0,0.07972984184303447,Low
4137,41,Low,22,690.21,0,1,0,0,0,0.0,Low
4138,32,Low,28,641.04,0,1,0,0,0,0.1026370342237206,Low
4139,60,Low,20,883.02,0,1,1,0,0,0.3421868632938075,Medium
4140,48,Medium,21,526.3,0,1,0,0,0,0.0,Low
4141,62,Medium,18,1188.08,0,1,0,0,0,0.0,Low
4142,83,Low,12,932.91,0,1,0,0,0,0.1273752572589496,Low
4143,25,Low,21,1102.68,0,1,0,0,0,0.04705198434059064,Low
4144,74,Low,23,655.7,0,1,0,0,0,0.03864888838799114,Low
4145,47,Low,17,3032.33,0,2,0,0,0,0.009509259378082927,Low
4146,35,Low,17,329.02,0,1,0,0,0,0.09028054995919887,Low
4147,56,Low,25,1203.12,0,1,0,0,0,0.0,Low
4148,77,Low,11,552.75,0,1,0,0,0,0.0,Low
4149,60,Medium,16,927.8,0,1,0,0,0,0.1117557178956231,Low
4150,62,Low,24,1017.84,0,1,0,0,0,0.005526016971660609,Low
4151,40,Low,24,2604.97,0,1,0,1,0,0.08760878827644097,Low
4152,23,Low,20,1030.97,0,1,0,0,0,0.0,Low
4153,73,Medium,22,678.74,0,1,0,1,0,0.20671861285240348,Medium
4154,21,Low,28,503.88,0,1,0,0,0,0.0,Low
4155,40,Low,20,3548.66,0,2,0,0,0,0.26264668296247257,Medium
4156,23,Low,12,1282.15,0,1,0,0,0,0.0,Low
4157,49,Low,16,1425.29,0,1,0,0,0,0.07282774375725899,Low
4158,35,Low,17,134.07,0,3,0,0,0,0.09557339204018026,Low
4159,32,Low,19,535.27,0,1,0,0,0,0.037802745334068445,Low
4160,57,Low,16,1203.79,0,1,0,0,0,0.0,Low
4161,23,Low,22,226.8,0,1,0,0,0,0.0,Low
4162,80,Low,18,899.44,0,1,0,0,0,0.0,Low
4163,84,Medium,19,2002.91,0,1,0,0,0,0.16423357646164918,Low
4164,28,Low,19,387.41,0,1,0,0,0,0.0,Low
4165,60,Low,9,466.34,0,1,0,0,0,0.0,Low
4166,34,Low,18,1715.62,0,3,0,0,0,0.1959942140639209,Low
4167,21,Low,26,537.34,0,1,0,0,0,0.0,Low
4168,80,Low,17,427.43,0,1,0,0,0,0.022412595756471382,Low
4169,58,Low,28,2162.61,0,1,0,0,0,0.11389604919407056,Low
4170,22,Medium,20,812.32,0,1,0,0,0,0.0,Low
4171,49,High,15,383.41,0,1,0,0,1,0.42335208572706345,Medium
4172,52,Low,23,1789.99,0,3,0,0,0,0.0799512087906206,Low
4173,39,Low,22,326.34,0,1,0,0,0,0.26792414492353006,Medium
4174,82,Low,18,859.41,0,3,0,0,0,0.0,Low
4175,39,Low,20,988.63,0,1,0,0,0,0.0,Low
4176,28,Low,11,507.36,0,1,0,0,0,0.09491047954605764,Low
4177,20,Low,20,1372.51,0,1,0,0,0,0.0,Low
4178,26,Medium,26,417.12,0,1,0,0,0,0.0,Low
4179,77,Low,24,1437.4,0,1,0,0,0,0.15465077151977538,Low
4180,31,Medium,21,735.32,0,1,0,0,0,0.0,Low
4181,35,Medium,16,362.98,0,1,0,0,0,0.16924543851382892,Low
4182,40,Medium,16,875.12,0,1,0,0,0,0.2382052914993109,Medium
4183,64,Low,25,1070.65,0,2,0,1,0,0.1692113543151635,Low
4184,64,Low,24,133.08,0,1,0,0,0,0.0,Low
4185,47,Low,22,2017.07,0,1,0,0,0,0.026607641929444904,Low
4186,42,Low,22,784.76,0,1,0,0,0,0.0722412859799336,Low
4187,45,Low,16,598.58,0,1,0,0,0,0.0,Low
4188,42,High,23,1018.91,0,2,0,0,1,0.4123161584719907,Medium
4189,75,Low,17,850.07,0,1,0,0,0,0.29244720070795954,Medium
4190,58,Medium,14,564.78,0,3,0,0,0,0.1893831002231047,Low
4191,42,Medium,25,1037.99,0,2,0,0,0,0.07867193005627875,Low
4192,65,Low,17,1438.76,0,1,0,0,0,0.06134114213707091,Low
4193,27,Low,21,631.22,0,1,0,0,0,0.005834957821829307,Low
4194,28,Low,20,56.05,0,2,0,0,0,0.022614702953758274,Low
4195,38,Low,24,1309.49,0,2,0,0,0,0.0,Low
4196,62,Medium,25,776.32,0,1,0,0,0,0.030692203947191785,Low
4197,24,Low,25,366.93,0,3,0,0,0,0.0,Low
4198,81,Low,19,1095.13,0,3,0,0,0,0.0,Low
4199,81,Low,21,366.31,0,1,0,0,0,0.0,Low
4200,19,Low,20,1279.63,0,2,0,0,0,0.1548374654574004,Low
4201,59,Low,11,315.79,0,1,0,0,0,0.08904665393089255,Low
4202,71,Medium,21,537.13,0,1,0,0,0,0.1269251807124549,Low
4203,33,Low,19,172.15,0,1,0,0,0,0.01428222962716557,Low
4204,35,Low,19,519.81,0,1,0,0,0,0.18224642569725102,Low
4205,76,Low,24,599.5,0,2,0,0,0,0.1998753049264924,Low
4206,33,Low,17,780.76,0,1,0,0,0,0.1792097005075583,Low
4207,23,Low,25,648.55,0,1,0,0,0,0.0,Low
4208,74,High,22,326.98,0,2,0,0,1,0.4082503926088677,Medium
4209,64,Low,16,759.48,0,1,0,0,0,0.0,Low
4210,65,Low,27,530.55,0,1,0,0,0,0.22126242493066492,Medium
4211,59,Low,19,892.68,0,1,0,0,0,0.16841193895857046,Low
4212,77,Low,20,412.86,0,1,0,0,0,0.06859469147788856,Low
4213,21,Low,18,503.05,0,2,0,0,0,0.10335703599352801,Low
4214,19,Low,23,1040.34,0,1,0,0,0,0.043768188516968565,Low
4215,76,Low,25,671.25,0,1,0,1,0,0.06006030192404779,Low
4216,44,Medium,25,203.14,0,1,0,0,0,0.160825301412444,Low
4217,44,Low,22,2106.37,0,1,0,1,0,0.5026524662167142,Medium
4218,24,Low,21,1360.51,0,1,0,0,0,0.07581235892236415,Low
4219,80,Low,18,1328.54,0,1,0,0,0,0.0,Low
4220,63,Low,20,169.56,0,1,0,0,0,0.0,Low
4221,80,Medium,18,105.05,0,1,0,0,0,0.0,Low
4222,29,Medium,18,1549.91,0,1,0,0,0,0.0,Low
4223,30,Low,24,324.12,0,1,0,0,0,0.0,Low
4224,60,Medium,21,911.38,0,1,0,0,0,0.0,Low
4225,34,Medium,18,518.31,0,2,0,0,0,0.047459416918628504,Low
4226,80,Medium,16,115.96,0,1,0,0,0,0.0,Low
4227,53,Low,14,445.64,0,1,0,0,0,0.02885163674550985,Low
4228,25,Low,21,1030.32,0,2,0,0,0,0.23737993553130587,Medium
4229,53,Low,16,700.91,0,3,0,0,0,0.06531102648524194,Low
4230,45,Medium,24,2380.49,0,1,0,0,0,0.07429949568569698,Low
4231,64,Low,24,1253.08,0,1,0,0,0,0.060879778601363024,Low
4232,47,Low,24,1081.19,0,1,0,0,0,0.0,Low
4233,40,Low,19,908.42,0,3,0,0,0,0.0,Low
4234,33,Low,26,364.84,0,1,0,0,0,0.08971568931433997,Low
4235,31,Low,18,374.13,0,3,0,0,0,0.10653454759937957,Low
4236,69,Medium,30,793.81,0,1,0,0,0,0.15672124564625356,Low
4237,54,Low,17,448.71,0,1,0,0,0,0.20253862085415647,Medium
4238,46,Medium,17,2115.03,0,2,0,0,0,0.0,Low
4239,84,Low,28,1239.37,0,2,0,0,0,0.1456236223857098,Low
4240,32,Low,19,1678.09,0,2,0,1,0,0.34353754488988925,Medium
4241,64,Low,19,59.35,0,2,0,0,0,0.23043196640752045,Medium
4242,63,Low,14,1065.66,0,2,0,0,0,0.24046874929649928,Medium
4243,69,Low,29,200.58,0,1,0,1,0,0.14154948932554773,Low
4244,36,Low,13,1879.5,0,1,0,0,0,0.0,Low
4245,38,Low,24,1182.01,0,1,0,0,0,0.031179536605446857,Low
4246,81,Low,19,1298.96,0,1,0,0,0,0.0,Low
4247,54,Low,21,1343.04,0,1,0,0,0,0.16619807530520672,Low
4248,44,Low,17,496.06,0,1,0,0,0,0.0,Low
4249,72,Low,21,2555.75,0,1,0,0,0,0.17536987643013718,Low
4250,46,Low,17,1231.07,0,1,0,0,0,0.22693284307805892,Medium
4251,37,Low,22,922.5,0,3,0,0,0,0.0,Low
4252,42,Low,28,542.47,0,1,0,0,0,0.0,Low
4253,80,Low,28,738.15,0,1,0,0,0,0.0,Low
4254,53,Low,18,1818.65,0,1,0,0,0,0.20057747459350242,Medium
4255,19,Low,17,638.2,0,1,0,0,0,0.19861748270445012,Low
4256,39,Low,14,480.56,0,1,0,0,0,0.0,Low
4257,33,Low,25,1135.54,0,1,0,0,0,0.0182784075742267,Low
4258,35,Low,23,784.9,0,1,0,0,0,0.0,Low
4259,71,Medium,29,490.6,0,2,0,0,0,0.0,Low
4260,47,Low,19,1586.94,0,2,0,0,0,0.0,Low
4261,62,Low,28,339.31,0,1,0,0,0,0.07794743563936543,Low
4262,36,Low,23,653.47,0,1,0,0,0,0.0,Low
4263,51,Low,16,390.15,0,1,0,0,0,0.03220909316934424,Low
4264,30,Low,21,2518.35,0,2,0,0,0,0.10168838954398884,Low
4265,60,Low,22,1210.8,0,1,0,0,0,0.13555099946555418,Low
4266,79,Medium,26,1015.64,0,1,0,0,0,0.0,Low
4267,39,Medium,19,406.14,0,1,0,0,0,0.0,Low
4268,69,Low,21,2518.18,0,1,0,0,0,0.08829338972825129,Low
4269,69,Low,28,215.59,0,1,0,0,0,0.09916757552851412,Low
4270,53,Low,20,645.71,0,1,0,0,0,0.0,Low
4271,36,Low,12,721.48,0,2,0,0,0,0.14921325031315663,Low
4272,55,Low,27,220.39,0,1,0,0,0,0.0,Low
4273,74,Low,20,852.63,0,1,0,0,0,0.0,Low
4274,37,Low,21,462.35,0,2,0,1,0,0.052531741316176134,Low
4275,26,Low,17,2013.75,0,2,0,0,0,0.07323217248650433,Low
4276,49,High,15,267.87,0,1,0,0,1,0.43603154903695424,Medium
4277,21,Low,15,1296.72,0,1,0,0,0,0.05696915027674891,Low
4278,67,Medium,17,864.81,0,1,0,0,0,0.0,Low
4279,22,Medium,16,1525.71,0,1,0,0,0,0.0,Low
4280,37,Low,13,700.49,0,1,0,0,0,0.09161453151153172,Low
4281,54,Low,20,374.72,0,2,0,0,0,0.18011971354081377,Low
4282,39,Low,22,2224.11,0,1,0,0,0,0.0,Low
4283,75,Low,22,2200.84,0,1,0,0,0,0.0,Low
4284,61,Low,14,1319.13,0,1,0,0,0,0.39587907266101646,Medium
4285,51,Low,18,1156.34,0,1,0,0,0,0.08447446380461211,Low
4286,59,Low,20,992.72,0,1,0,0,0,0.19614660001664658,Low
4287,26,Low,18,1204.23,0,1,0,1,0,0.44444260889969234,Medium
4288,24,Low,17,3206.45,0,1,0,0,0,0.0,Low
4289,36,Low,20,262.76,0,1,0,0,0,0.3511765018369536,Medium
4290,48,Low,18,800.28,0,1,0,0,0,0.0,Low
4291,52,Low,16,529.35,0,1,0,0,0,0.0763344786122185,Low
4292,74,Low,19,852.88,0,1,0,0,0,0.05180504287790792,Low
4293,78,Low,21,245.36,0,1,0,0,0,0.0,Low
4294,48,Low,16,351.25,0,1,0,0,0,0.0,Low
4295,70,Low,25,324.56,0,2,0,0,0,0.0,Low
4296,49,Medium,26,1191.2,0,2,0,0,0,0.0,Low
4297,83,Low,25,781.36,0,2,0,0,0,0.0,Low
4298,76,Low,18,175.77,0,1,0,0,0,0.0,Low
4299,27,Low,24,171.07,0,1,0,0,0,0.0,Low
4300,19,Medium,34,115.46,0,1,0,0,0,0.0,Low
4301,83,Low,12,673.46,0,2,0,0,0,0.12482739146572505,Low
4302,77,Low,19,717.54,0,2,0,0,0,0.0,Low
4303,34,Low,21,751.78,0,2,0,0,0,0.04018487742225322,Low
4304,33,Low,19,433.81,0,1,0,0,0,0.0,Low
4305,33,Low,11,597.65,0,2,0,0,0,0.0,Low
4306,63,Low,19,688.03,0,2,0,0,0,0.0,Low
4307,56,High,22,783.67,0,1,0,0,1,0.37437764697950243,Medium
4308,48,Low,16,991.35,0,1,0,0,0,0.0,Low
4309,18,Low,15,1613.87,0,1,0,0,0,0.14422658568435162,Low
4310,28,Low,21,397.16,0,1,0,0,0,0.09578319716662419,Low
4311,21,Low,17,1346.26,0,1,0,0,0,0.0,Low
4312,43,Medium,14,467.56,0,2,0,0,0,0.0,Low
4313,67,Low,25,1184.02,0,2,0,0,0,0.0,Low
4314,29,Low,29,816.47,0,3,0,0,0,0.0,Low
4315,82,Low,16,3184.77,0,1,0,0,0,0.15733662553781005,Low
4316,64,Medium,19,971.2,0,1,0,0,0,0.17705074392418707,Low
4317,70,Low,19,1417.94,0,1,0,0,0,0.0,Low
4318,19,Low,12,34.41,0,1,0,0,0,0.2277690270236897,Medium
4319,41,Low,22,1499.64,0,1,0,0,0,0.0,Low
4320,21,Low,32,416.55,0,2,0,0,0,0.0,Low
4321,36,High,21,731.83,0,1,0,0,1,0.39232260032868027,Medium
4322,43,Low,24,583.75,0,1,0,0,0,0.0,Low
4323,57,Low,21,293.98,0,1,0,0,0,0.24784817319665084,Medium
4324,67,Low,19,2312.73,0,3,0,0,0,0.0,Low
4325,60,Low,19,1705.95,0,1,0,0,0,0.0,Low
4326,84,Low,13,351.67,0,1,0,0,0,0.3148625510064651,Medium
4327,29,High,14,325.84,0,3,0,0,1,0.4599684565210696,Medium
4328,84,Low,20,1157.94,0,1,0,0,0,0.0,Low
4329,44,Medium,21,1476.74,0,1,0,0,0,0.27793481118386626,Medium
4330,71,Low,22,788.25,0,1,0,0,0,0.1963293948484372,Low
4331,83,Low,18,437.19,0,1,0,0,0,0.0,Low
4332,66,Low,23,680.79,0,1,0,0,0,0.0,Low
4333,33,Low,29,145.7,0,2,0,0,0,0.014811810690654683,Low
4334,19,High,24,205.47,0,1,0,0,1,0.375672962235292,Medium
4335,77,Medium,20,1565.84,0,1,0,0,0,0.0,Low
4336,71,Low,25,505.62,0,1,0,0,0,0.0,Low
4337,47,Low,18,735.4,0,1,0,0,0,0.2622271301818705,Medium
4338,55,Low,19,972.18,0,1,0,0,0,0.15697703256329856,Low
4339,45,Medium,18,730.52,0,1,0,0,0,0.05823433246119858,Low
4340,42,Medium,26,999.48,0,1,0,0,0,0.0,Low
4341,27,Medium,20,1528.75,0,1,0,0,0,0.0,Low
4342,77,Low,20,419.37,0,1,0,0,0,0.1026293812050348,Low
4343,59,Low,12,1587.07,0,1,0,0,0,0.09053238996336709,Low
4344,57,Low,19,969.24,0,1,0,0,0,0.009808754051953429,Low
4345,59,Low,25,1199.69,0,1,0,0,0,0.16285765647489944,Low
4346,64,Low,18,1514.27,0,2,0,0,0,0.0,Low
4347,54,Low,25,870.34,0,1,0,0,0,0.1476337725513775,Low
4348,39,Low,18,3697.6,0,2,0,0,0,0.0931407857838574,Low
4349,74,Medium,27,281.91,0,1,0,0,0,0.0,Low
4350,44,Medium,19,1540.06,0,3,0,0,0,0.0,Low
4351,58,Low,19,487.79,0,1,0,0,0,0.22469088264427803,Medium
4352,51,Low,20,1016.97,0,3,0,0,0,0.0788808162256566,Low
4353,49,Low,21,721.94,0,1,0,0,0,0.0,Low
4354,83,Low,18,686.54,0,2,0,1,0,0.24934583427895524,Medium
4355,29,Medium,25,640.89,0,3,0,0,0,0.0018732736737114735,Low
4356,57,Medium,25,1192.69,0,1,0,0,0,0.05404969553468315,Low
4357,27,Low,14,351.3,0,2,0,0,0,0.1404257881743915,Low
4358,65,Low,26,463.61,0,1,0,0,0,0.2716261602824237,Medium
4359,37,Low,18,321.85,0,1,0,0,0,0.0,Low
4360,56,Low,10,2199.16,0,1,0,0,0,0.1747487969383673,Low
4361,77,Low,11,1409.14,0,1,0,0,0,0.0,Low
4362,83,Medium,22,484.37,0,1,0,0,0,0.0,Low
4363,82,Low,18,1139.62,0,3,0,0,0,0.19638626345193935,Low
4364,68,Low,23,332.13,0,2,0,0,0,0.0,Low
4365,53,Low,14,826.14,0,2,0,0,0,0.1496997180293838,Low
4366,41,High,16,648.39,0,1,0,0,1,0.5618426798976048,Medium
4367,44,Low,23,640.08,0,1,0,0,0,0.2915088640683921,Medium
4368,19,Low,16,559.84,0,1,0,0,0,0.18530518342282593,Low
4369,48,Low,26,3606.25,0,1,0,0,0,0.19549940751763925,Low
4370,74,Low,22,1303.19,0,1,0,0,0,0.17694898998784128,Low
4371,83,Low,12,2917.62,0,1,0,0,0,0.033848739326689324,Low
4372,46,Low,21,537.84,0,2,0,0,0,0.203306146215264,Medium
4373,32,Low,25,339.11,0,1,0,0,0,0.0,Low
4374,29,Medium,18,969.81,0,1,0,0,0,0.0,Low
4375,45,Low,19,825.33,0,1,0,0,0,0.08922094121267911,Low
4376,41,Low,17,1301.07,0,1,1,0,0,0.485884915766584,Medium
4377,38,Medium,20,1581.91,0,1,0,0,0,0.0,Low
4378,27,Low,17,125.23,0,1,0,0,0,0.0,Low
4379,35,Low,20,3030.41,0,1,0,0,0,0.0,Low
4380,31,Medium,25,1002.18,0,3,0,0,0,0.0,Low
4381,51,Low,18,1241.5,0,1,0,0,0,0.0,Low
4382,75,Low,23,2225.91,0,2,0,0,0,0.18388085186949354,Low
4383,39,Low,17,411.83,0,1,0,0,0,0.0,Low
4384,53,Low,26,747.69,0,1,0,0,0,0.07219422075181647,Low
4385,62,Low,19,307.85,0,2,0,0,0,0.0,Low
4386,53,Medium,24,356.03,0,1,0,0,0,0.19506727780854402,Low
4387,39,Low,20,1587.16,0,1,0,0,0,0.035327916584033996,Low
4388,78,Low,21,2064.44,0,1,0,0,0,0.0,Low
4389,73,Medium,19,195.26,0,2,0,0,0,0.0,Low
4390,50,Low,13,1051.78,0,1,0,0,0,0.0,Low
4391,62,Low,13,1767.86,0,1,0,0,0,0.03473510365605296,Low
4392,53,Low,24,1527.76,0,1,0,0,0,0.0,Low
4393,37,Low,25,897.48,0,1,0,0,0,0.0,Low
4394,35,Low,31,1044.92,0,2,0,0,0,0.0,Low
4395,55,Low,24,1065.83,0,2,0,0,0,0.0,Low
4396,84,High,30,1004.23,0,1,0,0,1,0.5231063639973154,Medium
4397,40,Medium,20,1165.75,0,1,0,0,0,0.14949726292893906,Low
4398,33,Medium,18,690.93,0,3,0,0,0,0.0,Low
4399,76,Medium,19,2857.58,0,1,0,0,0,0.07482994763431557,Low
4400,38,Low,17,408.49,0,2,0,0,0,0.0,Low
4401,29,Low,26,1843.99,0,1,0,0,0,0.11776112991123795,Low
4402,33,Medium,17,467.02,0,1,0,0,0,0.0,Low
4403,31,Low,19,1210.12,0,2,0,0,0,0.0,Low
4404,78,High,27,476.31,0,1,0,0,1,0.24669770986876025,Medium
4405,63,Low,17,1161.75,0,2,0,0,0,0.16369914427733465,Low
4406,49,Low,20,789.5,0,1,0,0,0,0.0,Low
4407,32,Low,21,1343.74,0,1,0,0,0,0.0,Low
4408,61,High,25,434.67,0,2,0,0,1,0.11214498590269106,Low
4409,34,Low,18,427.46,0,1,0,0,0,0.0,Low
4410,58,Low,20,2461.49,0,2,0,0,0,0.0,Low
4411,71,Low,18,720.36,0,3,0,0,0,0.0,Low
4412,61,Low,28,1094.49,0,3,0,0,0,0.0,Low
4413,22,Medium,22,179.35,0,2,0,0,0,0.0,Low
4414,44,Low,14,865.26,0,1,0,0,0,0.0,Low
4415,60,Low,22,588.04,0,1,0,0,0,0.0,Low
4416,48,Low,18,2747.78,0,2,0,0,0,0.0,Low
4417,34,Low,27,562.1,0,1,0,0,0,0.0,Low
4418,71,Low,15,2777.37,0,1,0,0,0,0.004782333395185799,Low
4419,79,Low,23,544.72,0,1,0,0,0,0.09045966167536122,Low
4420,49,Low,20,1263.96,0,1,0,0,0,0.04409130587273841,Low
4421,57,High,16,2473.09,0,3,1,0,1,0.7470712781485418,High
4422,30,Low,21,743.3,0,1,0,0,0,0.0,Low
4423,52,Low,23,2377.57,0,1,0,0,0,0.05231923246895223,Low
4424,22,Low,28,1516.37,0,1,0,0,0,0.16013646545156598,Low
4425,46,Low,22,858.97,0,2,0,0,0,0.37708379588327384,Medium
4426,42,Low,20,1138.04,0,3,0,1,0,0.04482509162927428,Low
4427,39,Low,20,2065.8,0,1,0,0,0,0.0,Low
4428,83,Low,27,1092.48,0,2,0,0,0,0.0,Low
4429,62,Low,20,252.31,0,1,0,0,0,0.1911638753358799,Low
4430,18,Low,19,1520.05,0,1,0,0,0,0.233207807729234,Medium
4431,61,Low,14,1561.23,0,2,0,1,0,0.31419265417131587,Medium
4432,56,Low,20,1064.93,0,1,0,0,0,0.0,Low
4433,71,Low,20,552.6,0,1,0,0,0,0.0,Low
4434,46,Low,28,1457.58,0,1,0,0,0,0.05234885961537754,Low
4435,71,Medium,26,303.95,0,1,0,0,0,0.05122797980533706,Low
4436,33,Low,22,1125.82,0,1,0,0,0,0.29050457923809103,Medium
4437,37,Low,33,1087.23,0,1,0,0,0,0.15930059220837697,Low
4438,63,Low,26,884.34,0,1,0,0,0,0.15206668492680633,Low
4439,84,Medium,16,1812.47,0,1,1,0,0,0.23679194342568838,Medium
4440,82,Low,18,629.26,0,1,0,0,0,0.06236448591294444,Low
4441,75,Medium,24,391.63,0,1,0,0,0,0.0,Low
4442,70,Low,25,448.31,0,3,0,0,0,0.012490371231663156,Low
4443,18,High,20,1853.38,0,1,0,0,1,0.42661096008301136,Medium
4444,83,Medium,17,1290.04,0,3,0,0,0,0.0,Low
4445,46,Medium,28,1218.14,0,1,0,0,0,0.0,Low
4446,25,Low,20,1137.23,0,2,0,0,0,0.2202866742701956,Medium
4447,46,Low,26,745.07,0,1,0,0,0,0.0,Low
4448,68,Low,17,361.89,0,2,0,0,0,0.09362491264210983,Low
4449,50,Low,19,383.28,0,1,0,0,0,0.35845318629328565,Medium
4450,20,Medium,15,1164.88,0,1,0,0,0,0.0,Low
4451,77,Low,26,613.7,0,1,0,0,0,0.1275644610736562,Low
4452,52,Low,22,473.39,0,1,0,0,0,0.0,Low
4453,37,Low,12,762.0,0,2,0,0,0,0.16595109648007852,Low
4454,56,Low,28,1931.21,0,3,0,0,0,0.0,Low
4455,21,Low,29,933.1,0,1,0,0,0,0.15840307706718335,Low
4456,36,Medium,17,2697.18,0,3,0,0,0,0.2060238656188969,Medium
4457,62,Low,24,1225.22,0,1,0,0,0,0.0,Low
4458,60,Low,26,5108.8,0,2,0,0,0,0.15809824805338954,Low
4459,30,Low,28,1066.58,0,3,0,0,0,0.0,Low
4460,30,Low,26,994.82,0,1,0,0,0,0.019363692793986954,Low
4461,77,Low,25,947.02,0,1,0,0,0,0.1963112721594165,Low
4462,74,Low,16,597.04,0,1,0,0,0,0.3570608244011005,Medium
4463,69,Low,25,722.5,0,1,0,0,0,0.0,Low
4464,70,Low,16,3040.96,0,2,0,0,0,0.0,Low
4465,60,Low,25,616.13,0,1,0,0,0,0.0,Low
4466,59,Low,21,947.47,0,3,0,0,0,0.024675671985391192,Low
4467,43,High,24,952.72,0,1,0,0,1,0.3027678290115326,Medium
4468,40,Medium,19,665.4,0,1,0,0,0,0.13394863854015276,Low
4469,60,Medium,23,649.05,0,1,1,0,0,0.25772382619209544,Medium
4470,45,Low,20,794.74,0,3,0,0,0,0.0,Low
4471,26,Medium,23,1517.71,0,1,0,0,0,0.0,Low
4472,37,Medium,21,2140.01,0,3,0,0,0,0.008257874850741451,Low
4473,73,Medium,29,292.08,0,1,0,0,0,0.06902288972007359,Low
4474,56,Low,16,2679.43,0,1,0,0,0,0.13615872928115505,Low
4475,68,Low,19,1377.99,0,1,0,0,0,0.0,Low
4476,29,High,10,1423.28,0,2,0,0,1,0.47103297710783065,Medium
4477,72,Low,22,499.75,0,1,0,0,0,0.23635443969812026,Medium
4478,28,Low,22,3773.56,0,1,0,0,0,0.1844486798395176,Low
4479,43,Medium,18,452.38,0,1,0,0,0,0.0,Low
4480,59,Low,12,1001.45,0,1,0,0,0,0.10203405452550032,Low
4481,44,Low,25,1104.82,0,1,1,0,0,0.2727286087774444,Medium
4482,28,Low,23,2568.71,0,2,0,0,0,0.0,Low
4483,55,Medium,16,481.2,0,1,0,0,0,0.0,Low
4484,60,Low,24,1038.4,0,2,0,0,0,0.2660385971301595,Medium
4485,36,Low,17,201.65,0,1,0,0,0,0.0,Low
4486,81,Low,25,898.07,0,1,0,0,0,0.0,Low
4487,23,Medium,29,1174.62,0,1,0,0,0,0.0,Low
4488,63,Low,28,575.46,0,1,0,0,0,0.16499398828451797,Low
4489,59,Medium,23,245.59,0,2,0,0,0,0.0,Low
4490,82,Medium,22,2728.46,0,2,0,0,0,0.17820014934213907,Low
4491,76,Low,17,354.62,0,1,0,0,0,0.052985563386027716,Low
4492,69,Low,17,393.87,0,3,0,0,0,0.020171903213399504,Low
4493,64,Low,27,498.66,0,1,0,0,0,0.12600927248814123,Low
4494,24,Low,25,2004.44,0,2,0,0,0,0.0,Low
4495,28,Low,22,814.15,0,1,0,0,0,0.0,Low
4496,78,Medium,23,204.69,0,1,0,0,0,0.0397443582631962,Low
4497,42,Medium,24,507.17,0,1,0,0,0,0.16676901599607707,Low
4498,29,Low,19,1997.37,0,1,0,0,0,0.0,Low
4499,43,Low,25,264.42,0,3,0,1,0,0.0,Low
4500,29,Low,19,352.13,0,1,0,0,0,0.0,Low
4501,60,Low,24,374.46,0,1,0,0,0,0.04932059413012613,Low
4502,68,Low,24,837.88,0,1,0,0,0,0.0,Low
4503,54,Medium,15,962.85,0,1,0,0,0,0.0,Low
4504,63,Medium,30,741.01,0,1,0,0,0,0.06141934685351376,Low
4505,70,Low,9,808.28,0,1,0,0,0,0.0,Low
4506,30,Medium,22,322.46,0,1,0,1,0,0.39372153670916676,Medium
4507,71,Low,25,732.61,0,1,0,0,0,0.10170675537562267,Low
4508,74,Low,15,721.12,0,1,0,0,0,0.0,Low
4509,21,Low,22,378.94,0,1,0,0,0,0.10440114862688425,Low
4510,66,Low,18,2164.48,0,2,0,0,0,0.0,Low
4511,24,Medium,20,1887.42,0,2,0,0,0,0.0,Low
4512,28,Low,19,279.5,0,2,0,0,0,0.0064066313101231774,Low
4513,71,Low,17,1217.78,0,3,0,0,0,0.12363363543545954,Low
4514,62,Low,17,1143.1,0,2,0,0,0,0.0,Low
4515,40,Low,16,1029.91,0,1,0,0,0,0.062017882282866546,Low
4516,45,Low,17,723.2,0,1,0,0,0,0.2150318607855168,Medium
4517,74,Low,20,1020.29,0,3,0,0,0,0.039189076426534415,Low
4518,43,Low,24,751.2,0,1,0,0,0,0.0,Low
4519,42,Low,23,496.19,0,1,0,0,0,0.104639635641336,Low
4520,71,Low,18,1201.92,0,1,0,0,0,0.0,Low
4521,46,Low,31,127.58,0,3,0,1,0,0.1568427352529985,Low
4522,53,Low,20,1453.48,0,2,0,0,0,0.08453265075001296,Low
4523,31,Low,21,869.31,0,1,0,0,0,0.08787038153004274,Low
4524,52,Medium,21,617.37,0,3,0,0,0,0.0,Low
4525,47,Low,31,1422.45,0,3,0,0,0,0.0,Low
4526,34,Low,25,1031.03,0,1,0,0,0,0.27406237961590385,Medium
4527,84,Low,19,2173.88,0,2,0,0,0,0.0,Low
4528,47,Low,17,1751.51,0,2,1,0,0,0.3547245869764145,Medium
4529,62,Low,21,385.77,0,1,0,0,0,0.0025538939962187882,Low
4530,68,Low,22,580.1,0,1,0,0,0,0.0,Low
4531,64,Low,17,509.46,0,1,0,0,0,0.04323457851613533,Low
4532,70,Low,14,513.81,0,1,0,0,0,0.0,Low
4533,81,Medium,9,2445.07,0,3,0,0,0,0.0,Low
4534,55,Low,16,271.42,0,1,0,0,0,0.15616521763261318,Low
4535,81,Low,16,1803.38,0,1,0,0,0,0.0,Low
4536,24,Low,11,2490.47,0,3,0,0,0,0.0,Low
4537,39,Medium,27,1582.49,0,3,0,0,0,0.0,Low
4538,58,Low,18,1282.96,0,1,0,0,0,0.0,Low
4539,27,Low,19,264.18,0,3,0,0,0,0.03790743671781263,Low
4540,74,Low,22,219.87,0,1,0,0,0,0.1625366935089796,Low
4541,24,Low,16,1127.75,0,1,0,0,0,0.0,Low
4542,67,Low,27,703.83,0,2,0,0,0,0.24480966869576526,Medium
4543,69,Medium,24,293.41,0,2,0,0,0,0.19292355344564344,Low
4544,50,Low,20,1455.8,0,2,0,1,0,0.33280390182582953,Medium
4545,18,Low,23,1237.1,0,1,0,0,0,0.16257989432833705,Low
4546,70,Low,19,1459.43,0,1,0,0,0,0.19717950895926192,Low
4547,77,Low,11,1475.05,0,3,0,0,0,0.0,Low
4548,51,Low,22,1836.68,0,1,0,0,0,0.0,Low
4549,21,Low,15,621.91,0,1,0,0,0,0.10444621105725994,Low
4550,34,Low,27,323.55,0,2,0,0,0,0.0,Low
4551,21,Low,22,2367.46,0,1,0,0,0,0.04983333996974807,Low
4552,60,Low,19,219.37,0,1,0,0,0,0.06885883673715244,Low
4553,21,Low,17,247.2,0,1,0,1,0,0.30485683773483563,Medium
4554,18,Low,19,510.04,0,2,0,0,0,0.08601849292269993,Low
4555,67,Low,20,2160.35,0,3,0,0,0,0.0,Low
4556,78,Low,18,563.68,0,1,0,0,0,0.0,Low
4557,52,Low,16,249.8,0,1,0,0,0,0.009887133478487424,Low
4558,25,Low,30,393.93,0,1,0,0,0,0.36686150568046955,Medium
4559,41,Low,19,382.38,0,2,0,0,0,0.0,Low
4560,53,Medium,23,977.1,0,1,0,0,0,0.0,Low
4561,67,Low,15,464.2,0,2,0,0,0,0.04468987350621279,Low
4562,60,Low,24,24.91,0,1,0,0,0,0.0,Low
4563,44,Medium,14,4569.64,0,1,0,0,0,0.09830354110577864,Low
4564,49,Low,21,104.58,0,2,0,0,0,0.10663388963506942,Low
4565,35,Low,18,193.1,0,1,0,0,0,0.23122860605448958,Medium
4566,45,Medium,23,1420.22,0,2,0,0,0,0.08249541699325423,Low
4567,46,Low,16,300.9,0,1,0,0,0,0.0,Low
4568,33,Low,21,1331.6,0,1,0,0,0,0.13023600147912853,Low
4569,64,Low,11,1155.79,0,1,0,0,0,0.0,Low
4570,76,Low,23,545.47,0,1,1,0,0,0.2434451904050029,Medium
4571,48,Low,22,1321.67,0,1,0,0,0,0.0,Low
4572,21,Low,19,724.45,0,2,0,0,0,0.0,Low
4573,54,Medium,26,1456.93,0,1,0,0,0,0.163390670617051,Low
4574,34,Medium,29,2159.41,0,2,0,0,0,0.1611729657114268,Low
4575,56,Medium,14,285.41,0,1,0,0,0,0.04231956210704264,Low
4576,65,Medium,19,943.69,0,1,0,1,0,0.1331548635307981,Low
4577,63,Medium,15,987.88,0,1,0,0,0,0.02817252225294037,Low
4578,65,Low,11,967.58,0,2,0,0,0,0.0,Low
4579,56,Low,17,1348.95,0,1,0,0,0,0.0,Low
4580,21,Low,20,1170.66,0,1,0,0,0,0.0,Low
4581,47,Medium,17,254.61,0,1,0,0,0,0.0,Low
4582,47,Low,20,302.81,0,1,0,0,0,0.1307237043010129,Low
4583,39,Low,25,659.89,0,1,0,0,0,0.0,Low
4584,83,Low,23,957.3,0,1,0,0,0,0.15435510966807534,Low
4585,29,Low,26,1005.11,0,1,0,1,0,0.2919603444859198,Medium
4586,53,Low,16,1069.79,0,1,0,0,0,0.06537807419038484,Low
4587,35,Low,23,1213.67,0,2,0,0,0,0.0,Low
4588,70,Low,15,1188.87,0,2,0,0,0,0.0,Low
4589,18,Low,19,798.65,0,1,0,0,0,0.15053959537133743,Low
4590,75,Low,21,2168.89,0,1,0,0,0,0.0,Low
4591,23,Low,17,229.2,0,1,0,0,0,0.0,Low
4592,61,Low,25,108.96,0,2,0,0,0,0.036940834153094515,Low
4593,41,Low,19,926.28,0,1,0,0,0,0.3622139814099537,Medium
4594,36,Low,13,1102.04,0,1,0,0,0,0.10765303332110862,Low
4595,35,Medium,19,924.39,0,3,0,0,0,0.0,Low
4596,47,Low,23,548.73,0,3,0,0,0,0.0,Low
4597,59,Low,23,1146.17,0,2,0,0,0,0.0,Low
4598,50,Low,23,367.68,0,3,0,0,0,0.0491776871139763,Low
4599,29,Low,17,204.65,0,2,0,0,0,0.14964782824965728,Low
4600,44,Medium,25,1755.18,0,2,0,0,0,0.0,Low
4601,56,Low,29,499.78,0,1,0,0,0,0.029219074352235183,Low
4602,26,Low,15,895.52,0,3,0,0,0,0.14647682975574058,Low
4603,38,Low,24,451.14,0,2,0,0,0,0.0,Low
4604,46,Medium,14,516.04,0,1,0,0,0,0.0,Low
4605,50,Medium,16,1511.46,0,1,0,0,0,0.0,Low
4606,79,Low,18,838.47,0,1,0,0,0,0.0,Low
4607,32,Low,14,847.29,0,3,0,0,0,0.0,Low
4608,19,Medium,28,200.87,0,1,0,0,0,0.0,Low
4609,69,Low,19,788.28,0,1,0,0,0,0.0,Low
4610,61,Medium,13,436.11,0,1,0,0,0,0.0,Low
4611,71,Low,20,3338.4,0,3,0,0,0,0.020223187152480306,Low
4612,35,Low,22,398.16,0,1,0,0,0,0.06152007484455646,Low
4613,20,Low,22,2128.28,0,1,0,0,0,0.0,Low
4614,24,Low,21,933.9,0,1,0,0,0,0.0,Low
4615,60,Low,16,284.98,0,1,0,0,0,0.0,Low
4616,55,High,17,1506.19,0,1,0,0,1,0.2117650394987588,Medium
4617,54,Low,21,2046.2,0,1,0,0,0,0.0,Low
4618,75,Low,17,2685.42,0,1,0,0,0,0.014424134141703692,Low
4619,50,Low,23,1018.55,0,1,0,0,0,0.0,Low
4620,76,Low,13,439.86,0,1,0,0,0,0.0,Low
4621,28,Medium,31,430.4,0,1,0,0,0,0.0,Low
4622,39,Medium,18,1063.17,0,3,0,0,0,0.0,Low
4623,83,Low,24,194.12,0,1,0,0,0,0.0,Low
4624,61,High,18,299.64,0,1,0,0,1,0.17361872997428773,Low
4625,23,Medium,19,844.05,0,1,0,0,0,0.0,Low
4626,59,Medium,20,1470.95,0,1,0,0,0,0.26482745274140396,Medium
4627,42,Low,14,649.21,0,1,0,0,0,0.0511488668500836,Low
4628,74,Medium,21,2649.57,0,1,0,0,0,0.0,Low
4629,72,Low,21,1144.8,0,2,0,0,0,0.0,Low
4630,33,Low,16,608.65,0,1,0,1,0,0.021426775405453125,Low
4631,31,Medium,24,444.24,0,1,0,0,0,0.033478645333214735,Low
4632,56,Low,14,317.44,0,3,0,0,0,0.0,Low
4633,45,Low,23,1339.53,0,1,0,0,0,0.10940307302056132,Low
4634,68,Medium,20,404.96,0,2,0,0,0,0.15392939160717634,Low
4635,66,Medium,19,1065.57,0,1,0,0,0,0.20236801907775331,Medium
4636,26,Low,16,244.87,0,1,0,0,0,0.12897246489250178,Low
4637,75,Medium,20,299.14,0,1,0,0,0,0.0,Low
4638,62,Low,22,787.25,0,1,0,0,0,0.0,Low
4639,39,Low,15,302.52,0,3,0,0,0,0.0,Low
4640,49,Medium,21,1799.87,0,1,0,0,0,0.0,Low
4641,59,Low,17,150.05,0,1,0,0,0,0.059294328669320676,Low
4642,70,Low,25,254.67,0,1,0,0,0,0.0,Low
4643,76,Low,15,1897.89,0,1,0,0,0,0.0,Low
4644,56,Low,29,1695.99,0,2,0,0,0,0.03841953753845464,Low
4645,32,Low,16,1911.81,0,1,0,0,0,0.3625830733169118,Medium
4646,46,Medium,23,335.57,0,2,0,0,0,0.21400651334229423,Medium
4647,20,Medium,21,768.59,0,2,0,0,0,0.17865074226980562,Low
4648,27,Low,18,934.55,0,1,0,0,0,0.0,Low
4649,46,Medium,19,647.89,0,1,0,0,0,0.0,Low
4650,52,Low,21,1240.3,0,1,0,1,0,0.31433340157526746,Medium
4651,23,Low,22,1615.7,0,1,0,0,0,0.18910255000370604,Low
4652,29,Medium,20,745.39,0,1,0,0,0,0.0,Low
4653,55,Low,12,279.36,0,3,0,0,0,0.0,Low
4654,36,Low,21,1215.11,0,1,0,0,0,0.0,Low
4655,84,Low,16,884.14,0,1,0,1,0,0.23215458458670676,Medium
4656,25,Low,15,1491.28,0,1,0,0,0,0.0,Low
4657,25,Medium,12,1243.45,0,1,0,0,0,0.0021891787544352824,Low
4658,64,Low,21,1969.93,0,1,0,0,0,0.18636966153446446,Low
4659,21,Low,25,870.59,0,1,0,0,0,0.12987704863691468,Low
4660,68,Low,20,2321.21,0,1,0,0,0,0.0,Low
4661,84,Low,23,2239.99,0,1,0,1,0,0.19985446102399715,Low
4662,62,Low,25,1368.21,0,1,0,0,0,0.15213430710620596,Low
4663,25,Low,22,1645.19,0,3,0,0,0,0.07927412316018143,Low
4664,33,Medium,25,1984.2,0,1,0,0,0,0.24721702319492878,Medium
4665,84,Medium,20,689.76,0,2,0,0,0,0.10147300681626512,Low
4666,26,Low,13,2006.53,0,1,0,0,0,0.038798910645430985,Low
4667,77,Low,28,1074.92,0,2,0,0,0,0.0,Low
4668,32,Low,27,1414.56,0,1,0,0,0,0.0,Low
4669,58,Medium,23,1575.47,0,2,0,0,0,0.15906644346727217,Low
4670,39,High,14,1367.89,0,2,0,0,1,0.5607197320587336,Medium
4671,41,Low,24,917.39,0,2,0,0,0,0.20460393127122903,Medium
4672,61,Low,20,1765.28,0,2,0,0,0,0.0,Low
4673,18,Low,15,3868.51,0,1,0,0,0,0.057399179237967946,Low
4674,27,Low,17,4046.26,0,1,0,0,0,0.0,Low
4675,73,Low,21,1140.22,0,1,0,0,0,0.0,Low
4676,67,Low,20,1882.08,0,1,0,1,0,0.0,Low
4677,29,Low,18,3910.72,0,1,0,0,0,0.0,Low
4678,77,Low,21,626.82,0,1,0,0,0,0.0,Low
4679,43,Low,17,1401.56,0,1,0,0,0,0.059181086377400105,Low
4680,58,Low,20,1432.69,0,1,0,0,0,0.11248381189708212,Low
4681,53,Low,23,3746.77,0,1,0,0,0,0.238631535998249,Medium
4682,40,Low,20,2187.12,0,1,0,0,0,0.0,Low
4683,60,Low,27,915.16,0,1,0,0,0,0.0,Low
4684,23,Low,26,1009.49,0,1,0,0,0,0.05237258492464533,Low
4685,60,Low,26,481.92,0,3,0,0,0,0.04580489701196501,Low
4686,42,Low,22,317.75,0,2,0,0,0,0.0,Low
4687,35,Low,14,1314.22,0,1,0,0,0,0.0,Low
4688,79,Low,22,1215.67,0,1,0,0,0,0.34383892476972233,Medium
4689,30,Low,23,776.24,0,1,0,0,0,0.04095595598067399,Low
4690,60,Low,24,457.76,0,1,0,0,0,0.1194730549201987,Low
4691,45,Medium,17,637.94,0,1,0,0,0,0.08502108061890264,Low
4692,35,Low,23,3123.78,0,3,0,0,0,0.07120330445416174,Low
4693,76,Low,21,413.91,0,3,0,0,0,0.1902163289344024,Low
4694,77,Low,17,208.92,0,2,0,1,0,0.5355007030736482,Medium
4695,80,Low,19,1356.58,0,1,0,0,0,0.08379211498160449,Low
4696,74,Low,13,614.07,0,1,0,0,0,0.018095129747941373,Low
4697,68,Low,22,1559.25,0,1,0,0,0,0.15259628273094883,Low
4698,73,Low,23,1429.12,0,1,0,0,0,0.0,Low
4699,44,Medium,22,252.49,0,1,0,0,0,0.0,Low
4700,49,Low,23,1327.78,0,1,0,0,0,0.09796099398415936,Low
4701,26,Low,17,675.68,0,2,0,0,0,0.0,Low
4702,63,Low,17,1778.75,0,2,0,0,0,0.0,Low
4703,84,Medium,25,1778.29,0,1,0,0,0,0.0,Low
4704,43,Medium,25,340.59,0,2,0,0,0,0.0,Low
4705,25,Low,26,229.81,0,1,0,0,0,0.0,Low
4706,23,Medium,22,1724.66,0,1,0,0,0,0.01608429231020717,Low
4707,41,Low,15,1581.83,0,1,0,0,0,0.18005139862872252,Low
4708,65,Medium,21,360.63,0,1,0,1,0,0.11988524675109095,Low
4709,62,Medium,15,1740.13,0,1,0,0,0,0.0,Low
4710,30,Low,14,824.75,0,1,0,0,0,0.0,Low
4711,42,Low,15,94.51,0,3,0,0,0,0.0,Low
4712,37,Low,21,571.99,0,1,0,0,0,0.0,Low
4713,83,Low,21,615.92,0,3,0,0,0,0.15925254675340436,Low
4714,62,Low,19,49.22,0,1,0,0,0,0.0,Low
4715,64,Low,21,1987.53,0,1,0,0,0,0.0,Low
4716,80,Low,19,2067.84,0,1,0,0,0,0.0020153656304143005,Low
4717,72,Low,23,2309.52,0,1,0,0,0,0.0977703432206137,Low
4718,36,Low,26,310.22,0,1,0,0,0,0.4295598475823072,Medium
4719,52,Low,27,577.09,0,1,1,0,0,0.5618795715402516,Medium
4720,70,Low,21,709.81,0,2,0,0,0,0.03700547794765266,Low
4721,43,Low,21,245.93,0,1,0,0,0,0.0,Low
4722,31,Low,21,1085.12,0,1,0,0,0,0.0,Low
4723,62,Low,19,380.43,0,1,0,0,0,0.0,Low
4724,61,Low,14,863.97,0,2,0,0,0,0.032512885432933646,Low
4725,82,High,25,479.34,0,1,0,0,1,0.4484073685567617,Medium
4726,68,Low,23,1310.0,0,1,0,0,0,0.09164243341762045,Low
4727,60,Low,19,1665.71,0,1,0,0,0,0.0,Low
4728,40,Low,14,780.51,0,1,0,0,0,0.0,Low
4729,73,Low,21,731.88,0,3,0,0,0,0.21790267390775425,Medium
4730,36,Low,20,1191.87,0,1,0,0,0,0.0,Low
4731,72,Low,15,121.47,0,2,0,0,0,0.0,Low
4732,77,Low,22,573.0,0,1,0,0,0,0.0,Low
4733,76,Medium,20,384.7,0,1,0,0,0,0.21321371159319466,Medium
4734,50,Low,21,2094.53,0,3,0,0,0,0.09949677769625075,Low
4735,36,Low,28,3667.2,0,1,0,0,0,0.0,Low
4736,45,Medium,15,255.08,0,2,0,1,0,0.13088679793777414,Low
4737,69,Low,14,932.08,0,1,0,0,0,0.0,Low
4738,66,Low,22,310.91,0,1,0,0,0,0.0,Low
4739,54,Low,21,370.43,0,1,0,0,0,0.0,Low
4740,43,Low,21,940.43,0,3,0,0,0,0.2641838661688775,Medium
4741,57,Low,21,684.44,0,2,0,0,0,0.2233183944701736,Medium
4742,55,Low,23,928.16,0,1,0,0,0,0.0,Low
4743,71,Medium,20,357.02,0,1,0,0,0,0.0,Low
4744,39,High,17,941.43,0,1,0,0,1,0.5710647153969938,Medium
4745,33,Medium,13,2031.37,0,1,0,0,0,0.0,Low
4746,45,Medium,24,1479.97,0,1,0,0,0,0.10005399692577048,Low
4747,52,Low,18,216.01,0,1,0,0,0,0.0,Low
4748,77,Low,13,2508.19,0,2,0,0,0,0.025326148933128498,Low
4749,62,Low,25,320.79,0,2,0,0,0,0.0,Low
4750,63,Low,22,376.11,0,2,0,0,0,0.0688421299848118,Low
4751,72,Medium,20,1668.94,0,3,0,0,0,0.19358357918838176,Low
4752,43,Low,25,964.5,0,1,0,0,0,0.0,Low
4753,42,Medium,23,765.21,0,2,0,0,0,0.0,Low
4754,82,Medium,17,644.33,0,1,0,0,0,0.0,Low
4755,23,High,26,667.63,0,3,0,0,1,0.6006263005333633,High
4756,40,Medium,16,688.38,0,1,0,0,0,0.019832978596116328,Low
4757,81,Low,25,1263.39,0,1,0,0,0,0.0,Low
4758,60,Low,12,1377.54,0,2,0,0,0,0.17307506919619428,Low
4759,40,Low,22,684.09,0,3,0,0,0,0.07776106445673207,Low
4760,47,Low,24,2217.01,0,2,0,0,0,0.3481002238076345,Medium
4761,35,Low,20,952.75,0,2,0,1,0,0.03633329765053209,Low
4762,38,Medium,15,1076.06,0,1,0,0,0,0.0,Low
4763,74,Medium,15,1897.8,0,2,0,0,0,0.0,Low
4764,40,Low,29,483.46,0,2,0,0,0,0.0,Low
4765,62,Low,16,1281.96,0,2,0,0,0,0.1970283152764217,Low
4766,61,Low,20,423.0,0,1,0,0,0,0.0,Low
4767,64,Low,22,379.6,0,1,0,0,0,0.2348741852112859,Medium
4768,57,Low,18,2354.3,0,1,0,0,0,0.0,Low
4769,68,Low,12,2799.12,0,1,0,0,0,0.0,Low
4770,59,Low,24,1070.03,0,3,0,0,0,0.0,Low
4771,24,Low,22,559.27,0,1,0,0,0,0.09825626521800951,Low
4772,67,Low,15,1236.55,0,1,0,0,0,0.030662262976238013,Low
4773,65,Low,22,909.1,0,3,0,0,0,0.18867240106826857,Low
4774,23,Low,28,1538.79,0,1,0,0,0,0.12659517777871665,Low
4775,26,Low,17,890.66,0,1,0,0,0,0.01849369240524543,Low
4776,74,Low,20,897.72,0,1,0,0,0,0.017253425603771,Low
4777,48,High,18,387.38,0,1,0,0,1,0.2102032838035756,Medium
4778,38,Low,27,595.42,0,1,1,0,0,0.35729321815829845,Medium
4779,57,Low,24,755.65,0,2,0,0,0,0.0,Low
4780,62,Low,27,1287.43,0,1,0,0,0,0.09884290135482487,Low
4781,66,Low,19,522.26,0,1,0,0,0,0.11235964469266072,Low
4782,37,Medium,24,2588.64,0,1,0,0,0,0.0,Low
4783,34,Low,25,874.96,0,1,0,0,0,0.0,Low
4784,45,Low,24,259.3,0,1,0,0,0,0.011554472803133016,Low
4785,58,Low,17,691.08,0,1,0,0,0,0.0,Low
4786,83,Low,19,1424.91,0,2,0,0,0,0.0,Low
4787,42,Low,21,705.02,0,1,0,0,0,0.0,Low
4788,75,Low,15,383.61,0,1,0,0,0,0.16131001789439922,Low
4789,58,Low,19,621.04,0,1,0,0,0,0.06725081327449066,Low
4790,23,Low,23,514.32,0,1,0,0,0,0.0,Low
4791,55,Low,21,1264.7,0,1,0,0,0,0.18753442803932088,Low
4792,23,Low,18,500.28,0,1,0,0,0,0.0,Low
4793,62,Low,16,142.29,0,3,0,0,0,0.10597311197531335,Low
4794,31,Low,19,470.91,0,1,0,0,0,0.0,Low
4795,83,Low,17,1751.18,0,1,0,0,0,0.009067095350261385,Low
4796,57,Low,13,1221.48,0,2,0,0,0,0.47120192616095125,Medium
4797,20,Low,23,181.52,0,1,0,0,0,0.0,Low
4798,41,Low,18,1648.92,0,1,0,0,0,0.08261701377626819,Low
4799,36,Low,11,1972.02,0,1,0,0,0,0.07939459951040916,Low
4800,35,Low,30,1318.61,0,3,0,1,0,0.3724951798956836,Medium
4801,81,Medium,20,411.41,0,3,0,0,0,0.0,Low
4802,52,Low,19,1767.24,0,1,0,0,0,0.3001654622297606,Medium
4803,79,Low,23,749.31,0,1,0,0,0,0.0,Low
4804,18,Low,15,503.3,0,1,0,0,0,0.0,Low
4805,42,Medium,18,750.95,0,1,0,0,0,0.12650491009454623,Low
4806,62,Low,23,1149.65,0,1,0,0,0,0.18454285438180457,Low
4807,66,High,21,1316.63,0,1,0,0,1,0.21289280990700418,Medium
4808,33,Medium,23,984.3,0,2,0,0,0,0.0,Low
4809,36,Low,22,833.29,0,1,0,0,0,0.025592576316186683,Low
4810,40,Medium,17,384.31,0,1,0,1,0,0.2892230400422167,Medium
4811,42,Low,27,1223.46,0,2,0,0,0,0.20228521445954312,Medium
4812,33,Medium,23,1003.34,0,2,0,1,0,0.21730105318082743,Medium
4813,71,Low,21,1293.58,0,1,0,0,0,0.17318733587334262,Low
4814,18,Low,19,794.32,0,3,0,0,0,0.0,Low
4815,59,Low,15,1393.37,0,1,0,0,0,0.0,Low
4816,36,Medium,14,1285.5,0,1,0,0,0,0.0,Low
4817,51,Low,18,637.0,0,1,0,0,0,0.15665759440926022,Low
4818,72,Low,21,849.53,0,1,0,0,0,0.0,Low
4819,35,Low,13,1482.52,0,1,0,0,0,0.0,Low
4820,51,Low,18,1555.07,0,1,0,0,0,0.057201890724450886,Low
4821,62,Low,17,1932.63,0,1,0,0,0,0.0,Low
4822,23,Low,20,498.27,0,1,0,0,0,0.21053518755681508,Medium
4823,38,Low,23,664.44,0,1,0,0,0,0.014865657180366415,Low
4824,65,Low,17,2439.25,0,1,0,1,0,0.5688301450847508,Medium
4825,56,Low,23,3204.92,0,1,0,0,0,0.022761723107854147,Low
4826,48,Low,18,1076.2,0,1,0,0,0,0.0,Low
4827,27,Low,19,839.41,0,1,0,0,0,0.013350857437275801,Low
4828,47,High,19,3194.74,0,3,0,0,1,0.5641461984459306,Medium
4829,35,Low,19,2599.34,0,2,1,0,0,0.2753221028307043,Medium
4830,77,Medium,11,1494.31,0,1,0,0,0,0.0,Low
4831,32,Low,9,803.18,0,1,0,0,0,0.0,Low
4832,21,Low,21,1136.76,0,1,0,0,0,0.0,Low
4833,80,Low,14,203.13,0,1,0,0,0,0.07739624418245723,Low
4834,57,Medium,20,1674.03,0,1,0,0,0,0.0,Low
4835,26,Low,22,526.48,0,1,0,0,0,0.00710174218314186,Low
4836,26,Low,20,2348.59,0,1,0,0,0,0.0,Low
4837,43,Low,20,147.03,0,1,0,0,0,0.0,Low
4838,21,Low,20,545.9,0,1,0,0,0,0.02547736862859719,Low
4839,33,Medium,21,973.64,0,1,0,0,0,0.0,Low
4840,32,Low,20,935.18,0,3,0,0,0,0.0,Low
4841,69,Low,20,483.89,0,1,0,0,0,0.0,Low
4842,22,Low,22,965.91,0,1,0,0,0,0.006736632413173311,Low
4843,37,Low,32,791.65,0,1,0,0,0,0.0,Low
4844,35,Low,20,970.16,0,1,0,0,0,0.013283244915181503,Low
4845,19,Low,28,609.93,0,1,0,0,0,0.0,Low
4846,30,Medium,14,1880.98,0,1,0,0,0,0.0,Low
4847,21,Low,22,1153.93,0,1,0,0,0,0.0,Low
4848,59,Medium,26,635.19,0,2,0,0,0,0.041030158830109034,Low
4849,78,Low,30,1385.0,0,1,0,0,0,0.2500885522232935,Medium
4850,25,Low,22,541.45,0,1,0,0,0,0.0,Low
4851,84,Low,12,553.87,0,3,0,0,0,0.08109673148056895,Low
4852,80,Low,13,176.06,0,1,0,0,0,0.23473075606608448,Medium
4853,26,Low,21,1209.51,0,1,0,0,0,0.060384805834603456,Low
4854,28,Low,26,1023.99,0,1,0,0,0,0.11316463199944979,Low
4855,59,Low,23,431.79,0,1,0,0,0,0.0,Low
4856,30,Low,17,421.06,0,1,0,0,0,0.05429559651134705,Low
4857,53,Low,18,1226.17,0,1,0,0,0,0.05281382094372728,Low
4858,30,Low,21,656.48,0,1,0,0,0,0.26648896646755216,Medium
4859,29,Low,25,1227.83,0,1,0,0,0,0.0,Low
4860,54,Low,23,189.18,0,1,0,0,0,0.32603451763352437,Medium
4861,69,Low,23,309.68,0,2,0,0,0,0.17245635357251932,Low
4862,19,Low,15,1748.16,0,2,0,0,0,0.14484514005735546,Low
4863,73,Medium,19,1075.01,0,1,0,0,0,0.0,Low
4864,77,Medium,23,1474.75,0,3,0,0,0,0.0,Low
4865,40,Low,20,657.82,0,1,0,0,0,0.0937542569957663,Low
4866,57,Low,24,472.07,0,2,0,0,0,0.0,Low
4867,81,Low,20,1663.43,0,1,0,0,0,0.0,Low
4868,40,Medium,23,27.65,0,2,0,0,0,0.1193970406662124,Low
4869,46,Low,24,866.32,0,3,0,0,0,0.17851906532527367,Low
4870,68,Low,23,1419.13,0,1,0,0,0,0.32133137206166273,Medium
4871,48,Low,28,653.04,0,1,0,0,0,0.0,Low
4872,67,Low,22,3415.42,0,2,0,0,0,0.0,Low
4873,37,Low,21,885.01,0,1,0,0,0,0.0,Low
4874,72,Low,21,1231.2,0,1,0,0,0,0.06778976640291481,Low
4875,19,Low,21,436.33,0,1,0,0,0,0.0,Low
4876,42,Low,27,2597.49,0,1,0,0,0,0.0,Low
4877,30,Low,12,960.07,0,1,0,0,0,0.07871350553303777,Low
4878,84,Low,16,684.61,0,1,0,1,0,0.04613263673434523,Low
4879,75,Low,19,922.46,0,1,0,0,0,0.11171461328137844,Low
4880,81,Medium,28,1336.28,0,3,0,0,0,0.10593084541764856,Low
4881,76,Low,16,553.74,0,1,0,0,0,0.0,Low
4882,77,Low,16,1150.07,0,1,0,0,0,0.042830692896125185,Low
4883,79,Low,30,183.23,0,1,0,0,0,0.0,Low
4884,33,Medium,15,260.15,0,2,0,1,0,0.18938326302253852,Low
4885,32,Medium,21,949.98,0,1,0,0,0,0.0,Low
4886,72,Low,27,2423.36,0,2,0,0,0,0.0,Low
4887,52,Low,19,157.47,0,1,0,0,0,0.0,Low
4888,72,Low,22,537.03,0,1,0,0,0,0.0,Low
4889,31,Low,19,302.05,0,1,0,0,0,0.0,Low
4890,66,Low,16,644.64,0,1,0,0,0,0.0,Low
4891,24,Medium,23,906.26,0,2,0,0,0,0.14262884504949705,Low
4892,47,Low,24,728.18,0,1,0,0,0,0.16136791216584775,Low
4893,66,High,24,94.15,0,1,0,0,1,0.45116786861743635,Medium
4894,33,Medium,20,190.08,0,2,0,0,0,0.0,Low
4895,68,Low,22,309.2,0,1,0,0,0,0.049629197429643564,Low
4896,59,Medium,21,587.08,0,1,0,0,0,0.1647306893081146,Low
4897,34,Low,21,447.22,0,3,0,0,0,0.24922032613536504,Medium
4898,80,Low,18,607.21,0,1,0,0,0,0.0,Low
4899,62,Low,24,802.74,0,2,0,0,0,0.0,Low
4900,24,Low,31,675.65,0,2,0,0,0,0.0464522975195046,Low
4901,44,Low,23,2742.74,0,1,0,0,0,0.0,Low
4902,27,Low,20,2805.27,0,1,1,0,0,0.3415424701162396,Medium
4903,51,Low,17,926.53,0,1,0,0,0,0.033412769875802606,Low
4904,53,Low,20,497.59,0,1,0,1,0,0.18005745313844707,Low
4905,42,Low,11,668.44,0,2,0,0,0,0.2685055544660872,Medium
4906,23,Medium,29,1042.72,0,1,0,0,0,0.011564196179732424,Low
4907,41,Low,20,385.47,0,1,0,0,0,0.08293027092620907,Low
4908,35,Low,18,1056.04,0,1,0,0,0,0.17350598956348098,Low
4909,23,Low,23,696.35,0,1,0,0,0,0.0,Low
4910,46,Low,23,2493.11,0,1,0,0,0,0.0,Low
4911,42,Low,23,376.41,0,2,0,0,0,0.0,Low
4912,72,Low,15,2066.6,0,1,0,0,0,0.0633120781935917,Low
4913,63,Low,26,1048.7,0,2,0,0,0,0.04827242075655808,Low
4914,41,Low,24,472.22,0,1,0,0,0,0.2567920771008984,Medium
4915,43,Medium,20,1431.85,0,1,0,0,0,0.0,Low
4916,45,Low,21,582.66,0,1,0,0,0,0.0,Low
4917,20,Low,17,715.93,0,3,0,0,0,0.14315554459314747,Low
4918,55,Low,19,490.0,0,1,0,0,0,0.09847628486116826,Low
4919,78,Low,19,1717.59,0,3,1,1,0,0.4914616649243577,Medium
4920,68,Low,16,3216.35,0,2,0,0,0,0.0,Low
4921,65,Low,23,381.55,0,2,0,0,0,0.0,Low
4922,38,Low,28,1624.23,0,1,0,0,0,0.0,Low
4923,71,Low,17,898.78,0,1,0,0,0,0.0,Low
4924,73,Low,15,1515.14,0,1,0,0,0,0.08759608275834922,Low
4925,76,Medium,26,1027.02,0,1,0,1,0,0.2554400963215989,Medium
4926,68,Low,19,744.07,0,3,0,0,0,0.0,Low
4927,37,Low,25,4276.96,0,2,0,0,0,0.04776683347389563,Low
4928,76,Low,27,978.29,0,2,0,0,0,0.0,Low
4929,26,Low,20,1608.44,0,1,0,0,0,0.08502945152819048,Low
4930,18,Low,16,497.85,0,1,0,0,0,0.0,Low
4931,46,Low,19,2376.53,0,1,0,0,0,0.03824543715242036,Low
4932,80,Low,20,869.01,0,1,0,0,0,0.08872887490594748,Low
4933,73,Low,19,257.26,0,2,0,0,0,0.015727279366274948,Low
4934,52,Low,19,634.62,0,2,0,0,0,0.0009730220323006338,Low
4935,20,Medium,26,962.86,0,1,0,0,0,0.0,Low
4936,24,Low,21,926.69,0,1,0,0,0,0.0,Low
4937,44,Low,23,793.3,0,1,0,0,0,0.29734977567734583,Medium
4938,18,Medium,14,901.52,0,1,0,0,0,0.0,Low
4939,61,Low,12,351.43,0,1,0,0,0,0.0,Low
4940,58,Low,11,875.95,0,1,0,0,0,0.0,Low
4941,59,Low,22,571.5,0,1,0,0,0,0.05479801128325049,Low
4942,50,Low,18,1231.81,0,2,1,0,0,0.3656262769254527,Medium
4943,67,Low,19,914.11,0,1,0,0,0,0.0,Low
4944,80,Low,27,520.19,0,2,0,0,0,0.0,Low
4945,54,Low,25,1279.29,0,1,0,0,0,0.0,Low
4946,76,Low,30,1697.15,0,3,0,0,0,0.018496059437400278,Low
4947,65,Low,24,1082.98,0,3,1,0,0,0.3745851740353555,Medium
4948,22,Medium,20,439.07,0,1,0,0,0,0.0,Low
4949,65,Low,25,2933.39,0,1,0,1,0,0.1944832930523787,Low
4950,20,Low,19,822.83,0,1,0,0,0,0.2595544442358028,Medium
4951,64,Low,18,1057.79,0,1,0,0,0,0.02258205503455349,Low
4952,79,Low,16,150.02,0,1,0,0,0,0.07378140867672522,Low
4953,31,Low,20,897.82,0,1,0,0,0,0.15880462731672537,Low
4954,80,Low,15,1496.7,0,2,0,0,0,0.08529226820668333,Low
4955,78,Medium,17,690.31,0,1,0,0,0,0.0,Low
4956,48,Low,24,1178.04,0,1,0,0,0,0.0,Low
4957,34,Low,22,1205.17,0,1,0,0,0,0.40542496787441706,Medium
4958,41,Low,31,1578.45,0,3,0,0,0,0.11189005030299112,Low
4959,40,Low,23,844.0,0,1,0,0,0,0.12661224460369475,Low
4960,67,Low,20,612.31,0,1,0,1,0,0.35605715812794925,Medium
4961,44,Low,19,289.85,0,3,0,0,0,0.16787074582668926,Low
4962,32,Medium,20,1214.25,0,1,0,0,0,0.11932147836271742,Low
4963,67,Low,16,2799.94,0,1,0,0,0,0.004307569811635716,Low
4964,53,Low,16,450.05,0,1,0,0,0,0.0,Low
4965,25,Low,15,1429.0,0,1,0,0,0,0.10981367704467511,Low
4966,20,Low,17,2538.39,0,1,0,0,0,0.021769999639305492,Low
4967,79,Low,16,499.33,0,2,0,0,0,0.016959999012664297,Low
4968,64,Medium,24,1737.39,0,1,0,0,0,0.14782464069944887,Low
4969,78,High,18,253.86,0,1,0,0,1,0.7145241549186088,High
4970,49,Low,26,1751.93,0,1,0,0,0,0.0,Low
4971,30,Low,28,156.52,0,1,0,0,0,0.07201573332529321,Low
4972,18,Medium,18,95.75,0,1,0,0,0,0.0,Low
4973,51,Low,26,382.5,0,3,0,0,0,0.02930942636227924,Low
4974,79,Low,19,1240.5,0,3,0,0,0,0.0,Low
4975,48,Low,28,965.91,0,1,1,0,0,0.19540987842690521,Low
4976,81,Low,16,1785.99,0,1,0,0,0,0.0030857253139472914,Low
4977,42,Low,16,821.24,0,1,0,0,0,0.1604699113158388,Low
4978,55,Medium,16,343.24,0,3,0,0,0,0.0,Low
4979,31,Medium,14,989.74,0,1,0,0,0,0.06502204208213676,Low
4980,25,Low,22,1329.35,0,1,0,0,0,0.0,Low
4981,71,Low,11,1180.81,0,2,0,0,0,0.21954294926870102,Medium
4982,19,Medium,14,1219.02,0,1,0,0,0,0.0,Low
4983,73,Low,22,1452.93,0,1,0,0,0,0.06512867276261648,Low
4984,78,Low,18,874.6,0,1,0,0,0,0.0,Low
4985,39,Low,21,1785.71,0,1,0,0,0,0.0,Low
4986,52,Low,20,215.66,0,2,0,0,0,0.0,Low
4987,33,Low,14,1853.11,0,1,0,1,0,0.08651275811462422,Low
4988,67,Low,16,1806.28,0,1,0,0,0,0.0,Low
4989,60,Low,18,829.2,0,1,0,0,0,0.23194330328738508,Medium
4990,34,Medium,26,1095.71,0,2,0,0,0,0.0,Low
4991,75,Low,20,1272.15,0,2,0,0,0,0.0716778344747889,Low
4992,19,Low,19,3938.0,0,1,0,0,0,0.0,Low
4993,21,Low,14,774.79,0,1,0,0,0,0.006952443257788121,Low
4994,56,Low,24,800.97,0,1,0,0,0,0.07597448055938251,Low
4995,23,Low,25,310.59,0,1,0,0,0,0.013060694973852307,Low
4996,37,Low,28,2321.33,0,1,0,0,0,0.0,Low
4997,81,Low,24,1195.03,0,1,0,0,0,0.12133470205244044,Low
4998,33,Low,21,667.08,0,3,0,0,0,0.0,Low
4999,68,Medium,26,905.93,0,1,0,0,0,0.0,Low
5000,54,Low,29,1562.96,0,1,0,0,0,0.0,Low
